и	ˈi
не	nʲˈe
в	vˈɛ
на	nˈɑ
о	ˈo
у	ˈu
с	ˈɛs
что	ʃto
звук	zvˈuk
по	pˈo
а	ˈɑ
из	ˈɪs
за	zˈɑ
нет	nʲˈet
это	ˈɛtʌ
цена	tsynˈɑ
от	ot
же	ʒˈɛ
род	rˈot
как	kˈɑk
где	ɡdʲˈe
вы	vˈy
его	jɪvˈo
до	dˈo
под	pˈot
к	kˈɑ
здесь	ʑdʲˈesʲ
только	tˈoɭʲkʌ
он	ˈon
было	bˌyɭʌ
кто	ktˈo
то	tˈo
или	ˈɪɭʲɪ
вас	vˈɑs
есть	jestʲ
шаг	ʃˈɑk
чем	tʃʲˈem
имя	ˈɪmʲʌ
дар	dˈɑr
ни	nʲɪ
слово	sɭˈovʌ
можно	mˈoʒnʌ
камень	kˈɑmʲinʲ
без	bʲˈes
уже	ˈuʒy
её	jɪˈɵ
их	ˈɪx
но	no
школа	ʃkˈoɭa
всё	fsʲˈɵ
вещь	vʲˈeɕ
голос	ɡˈoɭʌs
один	ʌdʲˈin
вид	vʲˈit
дело	dʲˈeɭʌ
кристалл	krʲistˈɑɭɭ
стоит	stʌˈit
день	dʲˈenʲ
для	dɭʲɑ
даёт	daˈɵt
идёт	ɪdʲˈɵt
раз	rˈɑs
сила	sʲˈiɭa
больше	bˈoɭʲʃy
т	tˈɛ
мир	mʲˈir
все	fsʲˈe
ядро	jadrˈo
там	tˈɑm
тот	tˈot
свой	svˈoj
три	trʲˈɪ
при	prʲˈɪ
дом	dˈom
ранг	rˈɑnk
вещи	vʲˈeɕɪ
место	mʲˈestʌ
каждого	kˈɑʒdʌvʌ
того	tʌvˈo
сколько	skˈoɭʲkʌ
кость	kˈostʲ
ярус	ˈjarus
берёт	bʲirʲˈɵt
золота	zˈoɭʌta
она	ʌnˈɑ
руда	rudˈɑ
ключ	kɭʲˈutʃʲ
ур	ˈur
игрок	ɪɡrˈok
когда	kʌɡdˈɑ
ступени	stupʲˈenʲɪ
так	tˈɑk
чары	tʃʲˈɑry
теперь	tʲipʲˈerɪ
тем	tʲˈem
касание	kasˈɑnʲijɪ
мира	mʲˈira
вес	vʲˈes
товар	tʌvˈɑr
два	dvˈɑ
своя	svʌˈja
рядом	rʲˈɑdʌm
делать	dʲˈeɭʌtʲ
ничего	nʲitʃʲivˈo
своё	svʌˈɵ
бы	by
если	jˈesɭʲɪ
пока	pʌkˈɑ
д	dˈɛ
трава	travˈɑ
через	tʃʲˈerʲis
со	sˈo
удар	udˈɑr
ещё	jɪɕˈɵ
слышно	sɭˈyʃnʌ
одно	ʌdnˈo
дерево	dʲˈerʲivʌ
ступень	stupʲˈenʲ
второй	ftʌrˈoj
державы	dʲirʒˈɑvy
вода	vʌdˈɑ
они	ʌnʲˈɪ
стихия	sʲtʲixˈija
держава	dʲirʒˈɑva
одна	ʌdnˈɑ
этого	ˈɛtʌvʌ
нужно	nˈuʒnʌ
дела	dʲˈeɭa
золото	zˈoɭʌtʌ
мана	mˈɑna
значок	znatʃʲˈok
ч	tʃʲˈe
раньше	rˈɑnʲʃy
м	ˈɛm
слух	sɭˈux
свои	svʌˈɪ
четыре	tʃʲitˈyrʲi
роль	rˈolʲ
счёт	ɕˈɵt
каждой	kˈɑʒdʌj
земли	ʑˈemɭʲɪ
части	tʃʲˈɑsʲtʲɪ
держит	dʲˈerʒyt
чего	tʃʲivˈo
слова	sɭˈova
дома	dˈoma
твари	tvˈɑrʲɪ
праздник	prˈɑznʲik
игра	ɪɡrˈɑ
поэтому	pʌˈɛtʌmu
вниз	vnʲˈis
всегда	fsʲiɡdˈɑ
цель	tsˈɛlʲ
час	tʃʲˈɑs
обряд	ʌbrʲˈɑt
сейчас	sʲijtʃʲˈɑs
места	mʲˈesta
список	spʲˈisʌk
него	nʲivˈo
дальше	dˈɑɭʲʃy
свайп	svˈɑjp
свет	svʲˈet
ресурс	rʲisˈurs
город	ɡˈorʌt
всего	fsʲivˈo
них	nʲˈix
надо	nˈɑdʌ
окно	ʌknˈo
школы	ʃkˈoɭy
погода	pʌɡˈoda
иначе	ɪnˈɑtʃʲi
берут	bʲirˈut
меню	mʲinʲˈu
говорит	ɡʌvʌrʲˈit
города	ɡʌrˈoda
война	vʌjnˈɑ
каждый	kˈɑʒdyj
круг	krˈuk
сам	sˈɑm
уровень	ˈurʌvʲinʲ
первый	pʲˈervyj
урон	urˈon
бой	bˈoj
чтобы	ʃtˈoby
маст	mˈɑst
л	ˈɛɭ
выше	vˈyʃy
время	vrʲˈemʲʌ
этом	ˈɛtʌm
голоса	ɡʌɭˈosa
часть	tʃʲˈɑstʲ
почему	pʌtʃʲimˈu
глубина	ɡɭubʲinˈɑ
ниже	nʲˈiʒy
тип	tʲˈip
записи	zˈɑpʲisʲɪ
знак	znˈɑk
след	sɭʲˈet
нельзя	nʲiɭʲʑˈɑ
ней	nʲˈej
форма	fˈorma
ц	tsˈɛ
шесть	ʃˈɛstʲ
ход	xˈot
между	mʲˈeʒdu
после	pˈosɭʲi
артефакт	artʲifˈɑkt
шаги	ʃaɡʲˈɪ
опыт	ˈopyt
ок	ˈok
был	byɭ
грани	ɡrˈɑnʲɪ
оружие	ʌrˈuʒyjɪ
двойное	dvʌjnˈojɪ
одной	ʌdnˈoj
з	zˈɛ
оно	ʌnˈo
враг	vrˈɑk
ровно	rˈovnʌ
глава	ɡɭavˈɑ
яруса	ˈjarusa
умение	umʲˈenʲijɪ
дверь	dvʲˈerɪ
память	pˈɑmʲʌtʲ
тьма	tʲmˈɑ
откат	ʌtkˈɑt
восемь	vˈosʲimʲ
называет	nʌzyvˈɑjit
звучит	zvutʃʲˈit
добыча	dʌbˈytʃʲʌ
лежит	ɭʲiʒˈyt
шагов	ʃaɡˈof
дороже	dʌrˈoʒy
две	dvʲˈe
вокруг	vʌkrˈuk
срок	srˈok
бьёт	bjˈɵt
стороны	stʌrˈony
запись	zˈɑpʲisʲ
порог	pʌrˈok
куда	kudˈɑ
дороги	dʌrˈoɡʲɪ
силы	sʲˈiɭy
состояние	sʌstʌˈjanʲijɪ
меньше	mʲˈenʲʃy
здоровье	zdʌrˈovjjɪ
ж	ʒˈɛ
растёт	rasʲtʲˈɵt
нрав	nrˈɑf
действий	dʲˈejstvʲij
всех	fsʲˈex
б	bˈɛ
опасность	ʌpˈɑsnʌstʲ
двенадцать	dvʲinˈɑttsʌtʲ
земля	ʑimɭʲˈɑ
доля	dˈoɭʲʌ
внутри	vnutrʲˈɪ
тварь	tvˈɑrɪ
работа	rabˈota
та	tˈɑ
мире	mʲˈirʲi
вдвое	vdvˈojɪ
вам	vˈɑm
двадцать	dvˈɑttsʌtʲ
откуда	ʌtkˈuda
пункт	pˈunkt
шага	ʃˈɑɡa
войны	vˈojny
ремесло	rʲimʲisɭˈo
семь	sʲˈemʲ
родов	rˈodʌf
стоят	stʌˈjat
этой	ˈɛtʌj
поле	pˈoɭʲi
грибы	ɡrʲibˈy
гранью	ɡrˈɑnjju
ногами	nʌɡˈɑmʲɪ
выбор	vˈybʌr
ягоды	ˈjaɡʌdy
десять	dʲˈesʲʌtʲ
пути	putʲˈɪ
народа	narˈoda
ли	ɭʲˈɪ
считается	ɕitˈɑjitsʌ
народ	narˈot
оп	ˈop
кого	kʌvˈo
говорят	ɡʌvʌrʲˈɑt
предел	prʲidʲˈeɭ
над	nɑt
следом	sɭʲˈedʌm
идут	ɪdˈut
область	ˈobɭʌstʲ
держится	dʲˈerʒytsʌ
сразу	srˈɑzu
знает	znˈɑjit
заклинание	zʌkɭʲinˈɑnʲijɪ
воды	vˈody
речь	rʲˈetʃʲ
п	pˈɛ
отвечает	ʌtvʲitʃʲˈɑjit
пять	pʲˈɑtʲ
те	tʲˈe
риск	rʲˈisk
неё	nʲiˈɵ
подземелье	pʌdʲʑimʲˈeɭjjɪ
одного	ʌdnʌvˈo
огонь	ʌɡˈonʲ
пальцами	pˈɑɭʲtsʌmʲɪ
вверх	vvʲˈerx
друг	drˈuk
остаётся	ʌstaˈɵtsʌ
ст	ˌɛstˈɛ
том	tˈom
путь	pˈutʲ
нужен	nˈuʒyn
нём	nʲˈɵm
н	ˈɛn
годные	ɡˈodnyjɪ
глубины	ɡɭubʲˈiny
узел	ˈuʑiɭ
навык	nˈɑvyk
сеть	sʲˈetʲ
грань	ɡrˈɑnʲ
история	ɪstˈorʲija
подземелья	pʌdʲʑimʲˈeɭjja
против	prˈotʲif
печать	pʲitʃʲˈɑtʲ
той	tˈoj
р	ˈɛr
бог	bˈok
хватает	xvatˈɑjit
договор	dʌɡʌvˈor
учат	ˈutʃʲʌt
дел	dʲˈeɭ
дешевле	dʲiʃˈɛvɭʲi
палец	pˈɑɭʲits
тут	tˈut
ночь	nˈotʃʲ
чаще	tʃʲˈɑɕi
зов	zˈof
треб	trʲˈep
месте	mʲˈesʲtʲi
знание	znˈɑnʲijɪ
стены	sʲtʲˈeny
книги	knʲˈiɡʲɪ
своим	svʌˈim
плата	pɭˈɑta
станок	stanˈok
дать	dˈɑtʲ
одним	ʌdnʲˈim
сети	sʲˈetʲɪ
который	kʌtˈoryj
именно	ˈɪmʲinnʌ
полки	pˈoɭkʲɪ
станки	stankʲˈɪ
здоровья	zdʌrˈovjja
база	bˈɑza
вслух	fsɭˈux
делает	dʲˈeɭʌjit
чужой	tʃʲuʒˈoj
потому	pʌtʌmˈu
такой	takˈoj
защита	zaɕˈita
книга	knʲˈiɡa
тех	tʲˈex
своей	svʌjˈej
держат	dʲˈerʒʌt
цепь	tsˈɛpʲ
стало	stˈɑɭʌ
пальцем	pˈɑɭʲtsym
язык	jazˈyk
торговец	tʌrɡˈovʲits
чудо	tʃʲˈudʌ
ветер	vʲˈetʲir
клетки	kɭʲˈetkʲɪ
лес	ɭʲˈes
ним	nʲˈim
эффект	ɛffʲˈekt
черта	tʃʲˈerta
эхо	ˈɛxʌ
которой	kʌtˈorʌj
бога	bˈoɡa
берётся	bʲirʲˈɵtsʌ
себя	sʲibʲˈɑ
редкость	rʲˈetkʌstʲ
выводится	vyvˈodʲitsʌ
жрецы	ʒrʲitsˈy
закрыть	zakrˈytʲ
рода	rˈoda
вовсе	vˈofsʲi
во	vˈo
каждая	kˈɑʒdʌja
выходит	vyxˈodʲit
нечего	nʲˈetʃʲivʌ
дорога	dʌrˈoɡa
имени	ˈɪmʲinʲɪ
часа	tʃʲˈɑsa
лет	ɭʲˈet
карта	kˈɑrta
рынок	rˈynʌk
действие	dʲˈejstvʲijɪ
тому	tˈomu
почти	pʌtʃʲtʲˈɪ
этот	ˈɛtʌt
яд	ˈjat
культ	kˈuɭʲt
плитка	pɭʲˈitka
игрока	ɪɡrʌkˈɑ
тварей	tvˈɑrʲij
двор	dvˈor
набор	nabˈor
двух	dvˈux
кровь	krˈofʲ
часы	tʃʲasˈy
ярусе	ˈjarusʲi
двумя	dvumʲˈɑ
сторону	stˈorʌnu
войско	vˈojskʌ
ракушка	rakˈuʃka
маны	mˈɑny
сама	samˈɑ
работает	rabˈotʌjit
быть	bytʲ
клана	kɭˈɑna
дают	daˈjut
потом	pˈotʌm
городе	ɡˈorʌdʲi
времени	vrʲˈemʲinʲɪ
уходит	uxˈodʲit
сперва	spʲirvˈɑ
соль	sˈolʲ
об	ˈop
цены	tsˈɛny
такого	takˈovʌ
связь	svʲˈɑsʲ
сем	sʲˈem
может	mˌoʒyt
решает	rʲiʃˈɑjit
итог	ɪtˈok
табу	tabˈu
святое	svʲatˈojɪ
био	bʲˈiʌ
вами	vˈɑmʲɪ
чар	tʃʲˈɑr
события	sʌbˈytʲija
осталось	ʌstˈɑɭʌsʲ
что-то	ʃtotˈo
действия	dʲˈejstvʲija
ресурсы	rʲisˈursy
само	samˈo
ночью	nˈotʃʲjju
двери	dvʲˈerʲɪ
порода	pʌrˈoda
целиком	tsyɭʲikˈom
рука	rukˈɑ
словом	sɭˈovʌm
дважды	dvˈɑʒdy
торг	tˈork
тоже	tˈoʒy
ярусов	ˈjarusʌf
дня	dnʲˈɑ
прямо	prʲˈɑmʌ
кости	kˈosʲtʲɪ
помнит	pˈomnʲit
обоз	ʌbˈos
стража	strˈɑʒa
клетке	kɭʲˈetkʲi
платит	pɭˈɑtʲit
землёй	ʑimɭʲˈɵj
строки	strˈokʲɪ
окна	ˈokna
ста	stˈɑ
видно	vʲˈidnʌ
никто	nʲiktˈo
часов	tʃʲasˈof
золотых	zʌɭʌtˈyx
снабжение	snabʒˈɛnʲijɪ
море	mˈorʲi
сегодня	sʲivˈodnʲʌ
держав	dʲirʒˈɑf
своего	svʌjivˈo
быстрее	bystrʲˈejɪ
встречи	fstrʲˈetʃʲɪ
ему	jɪmˈu
трёх	trʲˈɵx
нашли	naʃɭʲˈɪ
себе	sʲibʲˈe
руки	rˈukʲɪ
каждое	kˈɑʒdʌjɪ
были	bˌyɭʲɪ
алтарь	aɭtˈɑrɪ
чужая	tʃʲuʒˈɑja
ходы	xʌdˈy
бывает	byvˈɑjit
сто	stˈo
чужое	tʃʲuʒˈojɪ
припас	prʲipˈɑs
мораль	mʌrˈɑlʲ
шк	ʃˌɑkˈɑ
житель	ʒˈytʲilʲ
отдаёт	ʌddaˈɵt
наверху	nʌvʲirxˈu
я	ˈja
живёт	ʒyvʲˈɵt
страж	strˈɑʃ
слой	sɭˈoj
одну	ʌdnˈu
девять	dʲˈevʲʌtʲ
вещей	vʲiɕˈej
свиток	svʲˈitʌk
пол	pˈoɭ
платят	pɭˈɑtʲʌt
вместе	vmʲˈesʲtʲi
раздел	raʑdʲˈeɭ
событие	sʌbˈytʲijɪ
камня	kˈɑmnʲʌ
ворота	vʌrˈota
жила	ʒˈyɭa
находка	naxˈotka
пул	pˈuɭ
чужие	tʃʲuʒˈyjɪ
пн	pˌɛˈɛn
считают	ɕitˈɑjut
просто	prˈostʌ
тело	tʲˈeɭʌ
подряд	pʌdrʲˈɑt
возвращает	vʌzvraɕˈɑjit
пальца	pˈɑɭʲtsa
ведёт	vʲidʲˈɵt
игре	ɪɡrʲˈe
крыло	krˈyɭʌ
нужда	nuʒdˈɑ
умения	umʲˈenʲija
разом	rˈɑzʌm
награда	naɡrˈɑda
пошлина	pˈoʃɭʲina
качество	kˈɑtʃʲistvʌ
игры	ˈɪɡry
назад	nazˈɑt
народов	narˈodʌf
дождь	dˈoʃtʲ
живая	ʒyvˈɑja
двенадцати	dvʲinˈɑttsʌtʲɪ
человек	tʃʲiɭʌvʲˈek
водой	vʌdˈoj
молчит	mʌɭtʃʲˈit
записей	zˈɑpʲisʲij
первого	pʲˈervʌvʌ
имена	ɪmʲinˈɑ
пепел	pʲˈepʲiɭ
орден	ˈordʲin
осколок	ʌskˈoɭʌk
пусто	pˈustʌ
живой	ʒyvˈoj
ходит	xˈodʲit
будет	bˌudʲit
зал	zˈɑɭ
рукой	rukˈoj
дозор	dʌzˈor
вместо	vmʲˈestʌ
про	prˈo
открыть	ʌtkrˈytʲ
одному	ʌdnʌmˈu
строка	strʌkˈɑ
чему	tʃʲimˈu
правило	prˈɑvʲiɭʌ
свойств	svˈojstf
взять	vʑˈɑtʲ
державе	dʲirʒˈɑvʲi
книг	knʲˈik
хуже	xˈuʒy
какой	kakˈoj
идти	ɪtʲtʲˈɪ
приходит	prʲixˈodʲit
метка	mʲˈetka
гул	ɡˈuɭ
кто-то	ktˈotʌ
способ	spˈosʌp
была	byɭˈɑ
меняет	mʲinʲˈɑjit
открывает	ʌtkryvˈɑjit
тридцать	trʲˈittsʌtʲ
второе	ftʌrˈojɪ
сильнее	sʲiɭʲnʲˈejɪ
землях	ʑˈemɭʲʌx
клан	kɭˈɑn
хочет	xˈotʃʲit
дольше	dˈoɭʲʃy
врата	vratˈɑ
земле	ʑimɭʲˈe
ловушки	ɭʌvˈuʃkʲɪ
клетка	kɭʲˈetka
ложится	ɭʌʒˈytsʌ
цену	tsˈɛnu
высота	vysʌtˈɑ
словами	sɭʌvˈɑmʲɪ
таверна	tavʲˈerna
мера	mʲˈera
сорок	sʌrˈok
магия	mˈɑɡʲija
четырёх	tʃʲityrʲˈɵx
текст	tʲˈekst
перед	pʲirʲˈet
снизу	sʲnʲˈizu
торговый	tʌrɡˈovyj
поля	pˈoɭʲʌ
железо	ʒyɭʲˈezʌ
руками	rukˈɑmʲɪ
беда	bʲidˈɑ
касания	kasˈɑnʲija
речи	rʲˈetʃʲɪ
сторона	stʌrʌnˈɑ
собой	sʌbˈoj
торговля	tʌrɡˈovɭʲʌ
последний	pʌsɭʲˈednʲij
первой	pʲˈervʌj
цепи	tsˈɛpʲɪ
башня	bˈɑʃnʲʌ
примета	prʲimʲˈeta
лёд	ɭʲˈɵt
благосклонность	bɭʌɡʌskɭˈonnʌstʲ
контроль	kʌntrˈolʲ
круги	kruɡʲˈɪ
спец	spʲˈets
сами	sˈɑmʲɪ
уровня	ˈurʌvnʲʌ
клинок	kɭʲinˈok
тема	tʲˈema
считает	ɕitˈɑjit
люди	ɭʲˈudʲɪ
число	tʃʲisɭˈo
туда	tudˈɑ
ярусы	ˈjarusy
свод	svˈot
запрет	zaprʲˈet
одном	ʌdnˈom
прежде	prʲˈeʒdʲi
заклинания	zʌkɭʲinˈɑnʲija
сюда	sʲudˈɑ
гр	ɡˌɛˈɛr
площадь	pɭˈoɕʌtʲ
крепость	krʲˈepʌstʲ
ступеней	stupʲˈenʲij
памяти	pˈɑmʲʌtʲɪ
урок	urˈok
которого	kʌtˈorʌvʌ
другой	druɡˈoj
нему	nʲimˈu
продать	prʌdˈɑtʲ
поверх	pʌvʲˈerx
тянет	tʲˈɑnʲit
переход	pʲirʲixˈot
стена	sʲtʲinˈɑ
своих	svʌˈix
третий	trʲˈetʲij
которые	kʌtˈoryjɪ
дней	dnʲˈej
сл	ˌɛsˈɛɭ
скорость	skˈorʌstʲ
богов	bʌɡˈof
конец	kʌnʲˈets
плюс	pɭʲˈus
огня	ʌɡnʲˈɑ
постройки	pʌstrˈojkʲɪ
небо	nʲˈebʌ
гроза	ɡrʌzˈɑ
отсюда	ʌtʲsʲˈuda
слиток	sɭʲˈitʌk
улики	uɭʲˈikʲɪ
звуки	zvˈukʲɪ
глубин	ɡɭubʲˈin
насколько	naskˈoɭʲkʌ
политика	pʌɭʲˈitʲika
карты	kˈɑrty
значит	znˈɑtʃʲit
тихо	tʲˈixʌ
сундук	sundˈuk
клеток	kɭʲˈetʌk
палата	paɭˈɑta
сон	sˈon
сверх	svʲˈerx
стр	ˌɛstˌɛˈɛr
музыка	mˈuzyka
света	svʲˈeta
народы	narˈody
тишина	tʲiʃynˈɑ
ветви	vʲˈetvʲɪ
кому	kʌmˈu
конца	kʌntsˈɑ
дороге	dʌrˈoɡʲi
мимо	mʲˈimʌ
сверху	svʲˈerxu
слава	sɭˈɑva
оси	ˈosʲɪ
низ	nʲˈis
ремесла	rʲimʲisɭˈɑ
другое	druɡˈojɪ
земель	ʑimʲˈelʲ
весь	vʲˈesʲ
даже	dˈɑʒy
становится	stanˈovʲitsʌ
отдельно	ʌdʲdʲˈeɭʲnʌ
жилы	ʒˈyɭy
зверь	zvʲˈerɪ
год	ɡˈot
свою	svʌˈju
школ	ʃkˈoɭ
маяк	maˈjak
дорого	dˈorʌɡʌ
оберег	ʌbʲirʲˈek
взято	vʑˈɑtʌ
эфир	ɛfʲˈir
металл	mʲitˈɑɭɭ
конфликт	kʌnfɭʲˈikt
ред	rʲˈet
окне	ʌknʲˈe
собрать	sʌbrˈɑtʲ
всем	fsʲˈem
тогда	tʌɡdˈɑ
заклинаний	zʌkɭʲinˈɑnʲij
заново	zˈɑnʌvʌ
кузнец	kuʑnʲˈets
которых	kʌtˈoryx
травы	trˈɑvy
район	rajˈon
жест	ʒˈɛst
общий	ˈopɕij
искать	ɪskˈɑtʲ
реже	rʲˈeʒy
ними	nʲˈimʲɪ
каждом	kˈɑʒdʌm
меч	mʲˈetʃʲ
случай	sɭˈutʃʲʌj
глубже	ɡɭˈubʒy
глубине	ɡɭubʲinʲˈe
вышло	vˈyʃɭʌ
работы	rabˈoty
узлы	uzɭˈy
сквозь	skvˈosʲ
вера	vʲˈera
полка	pˈoɭka
долг	dˈoɭk
самоцвет	sʌmʌtsvʲˈet
усиление	usʲiɭʲˈenʲijɪ
сопр	sˈopr
настройки	nastrˈojkʲɪ
голосом	ɡˈoɭʌsʌm
молча	mˈoɭtʃʲʌ
никогда	nʲikʌɡdˈɑ
минус	mʲˈinus
спор	spˈor
рецепт	rʲitsˈɛpt
дойти	dʌjtʲˈɪ
шахта	ʃˈɑxta
казна	kaznˈɑ
скрытность	skrˈytnʌstʲ
подвоз	pʌdvˈos
треть	trʲˈetʲ
весть	vʲˈestʲ
кнопка	knˈopka
храм	xrˈɑm
вход	fxˈot
слот	sɭˈot
половина	pʌɭʌvʲˈina
ремёсла	rʲimʲˈɵsɭa
круга	krˈuɡa
раны	rˈɑny
реп	rʲˈep
ед	jˈet
должен	dˈoɭʒyn
открывается	ʌtkryvˈɑjitsʌ
живые	ʒyvˈyjɪ
возвращается	vʌzvraɕˈɑjitsʌ
меняется	mʲinʲˈɑjitsʌ
тёмных	tʲˈɵmnyx
замок	zamˈok
лестница	ɭʲˈesnʲitsa
обе	ˈobʲi
ушёл	uʃˈoɭ
порядок	pʌrʲˈɑdʌk
мест	mʲˈest
досье	dʌsʲjjˈe
столько	stˈoɭʲkʌ
второго	ftʌrˈovʌ
ключи	kɭʲutʃʲˈɪ
хвост	xvˈost
проходит	prʌxˈodʲit
порт	pˈort
стихии	sʲtʲixˈiɪ
рецепты	rʲitsˈɛpty
заряд	zarʲˈɑt
просит	prˈosʲit
снова	snˈova
горна	ɡˈorna
живое	ʒyvˈojɪ
пов	pˈof
слышит	sɭˈyʃyt
требует	trʲˈebujit
самого	sˈɑmʌvʌ
им	ˈɪm
этих	ˈɛtʲix
называется	nʌzyvˈɑjitsʌ
хода	xˈoda
учит	ˈutʃʲit
руна	rˈuna
условие	usɭˈovʲijɪ
сфера	sfʲˈera
любой	ɭʲubˈoj
слышен	sɭˈyʃyn
фронт	frˈont
говорить	ɡʌvʌrʲˈitʲ
считаются	ɕitˈɑjutsʌ
зной	znˈoj
разлом	razɭˈom
шторм	ʃtˈorm
клетку	kɭʲˈetku
мастера	masʲtʲˈera
удару	udˈɑru
тайна	tˈɑjna
тяжелее	tʲʌʒyɭʲˈejɪ
тремя	trʲimʲˈɑ
фон	fˈon
боя	bˈoja
артефакты	artʲifˈɑkty
знаний	znˈɑnʲij
пробуждение	prʌbuʒdʲˈenʲijɪ
первым	pʲˈervym
руках	rukˈɑx
щит	ɕˈit
воздух	vˈozdux
горн	ɡˈorn
эссенция	ɛsʲsʲˈentsyja
знать	znˈɑtʲ
оба	ˈoba
руды	rˈudy
происхождение	prʌisxʌʒdʲˈenʲijɪ
пепельный	pʲˈepʲiɭʲnyj
чутьё	tʃʲutʲjˈɵ
множ	mnˈoʃ
сторон	stʌrˈon
новое	nˈovʌjɪ
купить	kupʲˈitʲ
ваш	vˈɑʃ
ответ	ʌtvʲˈet
ведут	vʲidˈut
тяжёлый	tʲaʒˈoɭyj
спуск	spˈusk
магии	mˈɑɡʲiɪ
закон	zakˈon
бою	bˈoju
правит	prˈɑvʲit
сутки	sˈutkʲɪ
воду	vˈodu
решение	rʲiʃˈɛnʲijɪ
нить	nʲˈitʲ
союз	sʌˈjus
сп	ˌɛspˈɛ
нужна	nuʒnˈɑ
звуков	zvˈukʌf
кнопки	knˈopkʲɪ
людей	ɭʲudʲˈej
лучше	ɭˈutʃy
камнем	kˈɑmnʲim
остальное	ʌstaɭʲnˈojɪ
цене	tsynʲˈe
горы	ɡˈory
несколько	nʲˈeskʌɭʲkʌ
дыхание	dyxˈɑnʲijɪ
колодец	kʌɭˈodʲits
силу	sʲˈiɭu
жители	ʒˈytʲiɭʲɪ
сетка	sʲˈetka
чужих	tʃʲuʒˈyx
устойчивость	ustˈojtʃʲivʌstʲ
стиль	sʲtʲˈilʲ
сотых	sˈotyx
кратко	krˈɑtkʌ
хозяин	xʌʑˈɑin
наследники	nasɭʲˈednʲikʲɪ
звука	zvˈuka
живут	ʒyvˈut
ждёт	ʒdʲˈɵt
какие	kakʲˈijɪ
пара	pˈɑra
четверть	tʃʲˈetvʲirtʲ
башни	bˈɑʃnʲɪ
вести	vʲˈesʲtʲɪ
руку	rˈuku
станка	stankˈɑ
совет	sʌvʲˈet
своими	svʌˈimʲɪ
мастер	mˈɑsʲtʲir
дальность	dˈɑɭʲnʌstʲ
такт	tˈɑkt
другого	druɡˈovʌ
пунктов	pˈunktʌf
сложность	sɭˈoʒnʌstʲ
начинается	nʌtʃʲinˈɑjitsʌ
первое	pʲˈervʌjɪ
страница	stranʲˈitsa
обычного	ʌbˈytʃʲnʌvʌ
торговца	tʌrɡˈoftsa
разговор	rʌzɡʌvˈor
открыто	ʌtkrˈytʌ
умеет	umʲˈejit
стражи	strˈɑʒy
сердце	sʲˈertsy
птицы	ptʲˈitsy
удары	udˈɑry
волна	vʌɭnˈɑ
обратно	ʌbrˈɑtnʌ
сбор	zbˈor
выбрано	vˈybrʌnʌ
знаете	znˈɑjitʲi
специализация	spʲitsyʌɭʲizˈɑtsyja
ходят	xˈodʲʌt
смотрит	smˈotrʲit
улица	ˈuɭʲitsa
тень	tʲˈenʲ
дань	dˈɑnʲ
кожа	kˈoʒa
дорогу	dʌrˈoɡu
письмо	pʲisʲmˈo
сохранения	sʌxranʲˈenʲija
иногда	ɪnʌɡdˈɑ
отклик	ˈotkɭʲik
крепости	krʲˈepʌsʲtʲɪ
сделать	ʑdʲˈeɭʌtʲ
вполсилы	fpʌɭsʲˈiɭy
чём	tʃʲˈɵm
вперёд	fpʲirʲˈɵt
десяти	dʲisʲatʲˈɪ
дна	dnˈɑ
внизу	vnʲizˈu
туман	tumˈɑn
вернуться	vʲirnˈutsʌ
факел	fˈɑkʲiɭ
источник	ɪstˈotʃʲnʲik
заслуги	zasɭˈuɡʲɪ
которое	kʌtˈorʌjɪ
тысяч	tˈysʲʌtʃʲ
потолок	pʌtʌɭˈok
ваше	vˈɑʃy
исцеление	ɪstsyɭʲˈenʲijɪ
тепло	tʲipɭˈo
комнат	kˈomnʌt
страх	strˈɑx
зелье	ʑˈeɭjjɪ
знач	znˈɑtʃʲ
тяж	tʲˈɑʃ
высоты	vysˈoty
пороги	pʌrˈoɡʲɪ
короткий	kʌrˈotkʲij
молва	mʌɭvˈɑ
списке	spʲˈiskʲi
разных	rˈɑznyx
вторая	ftʌrˈɑja
шестнадцать	ʃysnˈɑttsʌtʲ
свойства	svˈojstva
общее	ˈopɕijɪ
координат	kʌʌrdʲinˈɑt
палаты	paɭˈɑty
признак	prʲˈiznʌk
пор	pˈor
свойство	svˈojstvʌ
радиус	rˈɑdʲius
рознь	rˈoʑnʲ
ваша	vˈɑʃa
сумма	sˈumma
маска	mˈɑska
дармолитвы	darmˈoɭʲitvy
игру	ɪɡrˈu
положение	pʌɭʌʒˈɛnʲijɪ
оппозиция	ʌppʌʑˈitsyja
прочих	prˈotʃʲix
списка	spʲˈiska
зависит	zavʲˈisʲit
срыв	srˈyf
удара	udˈɑra
обвал	ʌbvˈɑɭ
эту	ˈɛtu
чара	tʃʲˈɑra
координаты	kʌʌrdʲinˈɑty
котором	kʌtˈorʌm
лагерь	ɭˈɑɡʲirɪ
дёшево	dʲˈɵʃyvʌ
школе	ʃkˈoɭʲi
знают	znˈɑjut
пора	pʌrˈɑ
семья	sʲimʲjˈja
маяки	mʌjakʲˈɪ
самой	sˈɑmʌj
инвентарь	ɪnvʲintˈɑrɪ
еда	jɪdˈɑ
шпионы	ʃpʲiˈony
хотя	xʌtʲˈɑ
страницы	stranʲˈitsy
чужого	tʃʲuʒˈovʌ
молот	mˈoɭʌt
тихий	tʲˈixij
колокол	kˈoɭʌkʌɭ
много	mnˈoɡʌ
искра	ˈɪskra
ту	tˈu
поднимает	pʌdnʲimˈɑjit
четырнадцать	tʃʲitˈyrnʌttsʌtʲ
разбор	razbˈor
вообще	vʌʌpɕˈe
ей	jˈej
читается	tʃʲitˈɑjitsʌ
прилавок	prʲiɭˈɑvʌk
тайники	tʌjnʲikʲˈɪ
случилось	sɭutʃʲˈiɭʌsʲ
которую	kʌtˈoruju
стаб	stˈɑp
девиз	dʲivʲˈis
новый	nˈovyj
двойного	dvʌjnˈovʌ
одинаково	ʌdʲinˈɑkʌvʌ
слоты	sɭʌtˈy
встреч	fstrʲˈetʃʲ
слышал	sɭˈyʃʌɭ
этому	ˈɛtʌmu
смена	smʲˈena
звучат	zvutʃʲˈɑt
запас	zapˈɑs
гудит	ɡudʲˈit
снять	sʲnʲˈɑtʲ
репутация	rʲiputˈɑtsyja
панель	panʲˈelʲ
этим	ˈɛtʲim
фокус	fˈokus
тракт	trˈɑkt
спросить	sprʌsʲˈitʲ
шанс	ʃˈɑns
ветвь	vʲˈetfʲ
отзывается	ʌdzyvˈɑjitsʌ
вдоль	vdˈolʲ
зерно	ʑirnˈo
продают	prʌdaˈjut
формы	fˈormy
жесты	ʒˈɛsty
ждут	ʒdˈut
разделов	raʑdʲˈeɭʌf
городов	ɡʌrʌdˈof
хозяйство	xʌʑˈɑjstvʌ
успех	uspʲˈex
редкий	rʲˈetkʲij
узнают	uznaˈjut
добычи	dʌbˈytʃʲɪ
слышна	sɭyʃnˈɑ
жителя	ʒˈytʲiɭʲʌ
героя	ɡʲirˈoja
руны	rˈuny
руду	rudˈu
тракта	trˈɑkta
башне	bˈɑʃnʲi
ранги	rˈɑnɡʲɪ
храме	xrˈɑmʲi
противник	prʌtʲˈivnʲik
впереди	fpʲirʲidʲˈɪ
материал	mʌtʲirʲiˈɑɭ
отказ	ʌtkˈɑs
легче	ɭʲˈextʃʲi
пары	pˈɑry
крови	krˈovʲɪ
следующий	sɭʲˈedujuɕij
всякий	fsʲˈɑkʲij
кроме	krˈomʲi
снимает	sʲnʲimˈɑjit
влево	vɭʲˈevʌ
секунды	sʲikˈundy
поражение	pʌraʒˈɛnʲijɪ
чтение	tʃʲtʲˈenʲijɪ
прошло	prʌʃɭˈo
лечит	ɭʲˈetʃʲit
силой	sʲˈiɭʌj
рунный	rˈunnyj
рог	rˈok
руины	ruˈiny
костей	kˈosʲtʲij
первые	pʲˈervyjɪ
магическая	maɡʲˈitʃʲiskʌja
шкура	ʃkˈura
выход	vˈyxʌt
древние	drʲˈevnʲijɪ
склад	skɭˈɑt
землю	ʑˈemɭʲu
разобрать	rʌzʌbrˈɑtʲ
стая	stˈɑja
кузня	kˈuʑnʲʌ
повод	pˈovʌt
отношение	ʌtnʌʃˈɛnʲijɪ
тринадцать	trʲinˈɑttsʌtʲ
наука	naˈuka
беды	bʲˈedy
ощупывание	ʌɕˈupyvʌnʲijɪ
голосов	ɡʌɭʌsˈof
хранится	xranʲˈitsʌ
крыла	krˈyɭa
первая	pʲˈervʌja
касанием	kasˈɑnʲijim
первом	pʲˈervʌm
зелья	ʑˈeɭjja
книгу	knʲˈiɡu
цели	tsˈɛɭʲɪ
направление	nʌpravɭʲˈenʲijɪ
победа	pʌbʲˈeda
снаружи	snarˈuʒy
магический	maɡʲˈitʃʲiskʲij
друга	drˈuɡa
проверка	prʌvʲˈerka
мастерская	masʲtʲˈerskʌja
стен	sʲtʲˈen
находки	naxˈotkʲɪ
найти	najtʲˈɪ
самое	sˈɑmʌjɪ
движение	dvʲiʒˈɛnʲijɪ
курс	kˈurs
хлеб	xɭʲˈep
растут	rastˈut
груз	ɡrˈus
берег	bʲirʲˈek
заставы	zastˈɑvy
квартал	kvartˈɑɭ
ловушка	ɭʌvˈuʃka
жар	ʒˈɑr
холод	xˈoɭʌt
дорог	dʌrˈok
имён	ɪmʲˈɵn
нигде	nʲiɡdʲˈe
ближе	bɭʲˈiʒy
кем	kʲˈem
лицо	ɭʲitsˈo
решения	rʲiʃˈɛnʲija
ось	ˈosʲ
ясно	ˈjasnʌ
правда	prˈɑvda
файл	fˈɑjɭ
синтезатор	sʲintʲizˈɑtʌr
шести	ʃysʲtʲˈɪ
читает	tʃʲitˈɑjit
бьют	bjˈjut
месту	mʲˈestu
обозы	ʌbˈozy
боги	bˈoɡʲɪ
предтеч	prʲitʲtʲˈetʃʲ
академия	akadʲˈemʲija
точки	tˈotʃʲkʲɪ
читать	tʃʲitˈɑtʲ
правила	prˈɑvʲiɭa
именем	ˈɪmʲinʲim
навсегда	nʌfsʲiɡdˈɑ
единицу	jɪdʲinʲˈitsu
ушла	uʃɭˈɑ
ногой	nʌɡˈoj
принимает	prʲinʲimˈɑjit
ветра	vʲˈetra
стужа	stˈuʒa
растения	rasʲtʲˈenʲija
звери	zvʲˈerʲɪ
из-за	ɪszˈɑ
делают	dʲˈeɭʌjut
вопрос	vʌprˈos
приходят	prʲixˈodʲʌt
везде	vʲiʑdʲˈe
черты	tʃʲirtˈy
хоть	xˈotʲ
мои	mʌˈɪ
пяти	pʲatʲˈɪ
сундуков	sundukˈof
войн	vˈojn
годится	ɡʌdʲˈitsʌ
днём	dnʲˈɵm
дне	dnʲˈe
слышны	sɭyʃnˈy
дно	dnˈo
гримуар	ɡrʲimˈuʌr
подготовка	pʌdɡʌtˈofka
родня	rʌdnʲˈɑ
морок	mʌrˈok
спрашивают	sprˈɑʃyvʌjut
шт	ʃˌɑtˈɛ
го	ɡˈo
кат	kˈɑt
удел	udʲˈeɭ
отн	ˈotn
пр	pˌɛˈɛr
ко	kˈo
вправо	fprˈɑvʌ
занято	zˈɑnʲʌtʌ
взмах	vzmˈɑx
должно	dʌɭʒnˈo
прочее	prˈotʃʲijɪ
пройти	prʌjtʲˈɪ
числа	tʃʲˈisɭa
игроку	ɪɡrʌkˈu
цепочка	tsypˈotʃʲka
записью	zˈɑpʲisʲjju
печати	pʲitʃʲˈɑtʲɪ
стеной	sʲtʲinˈoj
осада	ʌsˈɑda
порча	pˈortʃʲʌ
долю	dˈoɭʲu
взаимодействие	vzʌimʌdʲˈejstvʲijɪ
пятую	pʲˈɑtuju
отношения	ʌtnʌʃˈɛnʲija
состояния	sʌstʌˈjanʲija
престол	prʲistˈoɭ
человека	tʃʲiɭʌvʲˈeka
кровью	krˈovjju
удача	udˈɑtʃʲʌ
жребий	ʒrʲˈebʲij
ядра	ˈjadra
где-то	ɡdʲˈetʌ
сост	sˈost
пахнет	pˈɑxnʲit
деяние	dʲiˈjanʲijɪ
деф	dʲˈef
которая	kʌtˈorʌja
войти	vʌjtʲˈɪ
семи	sʲimʲˈɪ
складывается	skɭˈɑdyvʌjitsʌ
работают	rabˈotʌjut
закрывает	zʌkryvˈɑjit
жестов	ʒˈɛstʌf
обойти	ʌbʌjtʲˈɪ
собрание	sʌbrˈɑnʲijɪ
артефактов	artʲifˈɑktʌf
около	ˈokʌɭʌ
пустоту	pustʌtˈu
лежат	ɭʲiʒˈɑt
каждую	kˈɑʒduju
оружия	ʌrˈuʒyja
причина	prʲitʃʲˈina
эти	ˈɛtʲɪ
темноте	tʲimnʌtʲˈe
край	krˈɑj
пустой	pustˈoj
улицы	ˈuɭʲitsy
герой	ɡʲirˈoj
которым	kʌtˈorym
края	krˈɑja
позже	pˈoʒʒy
зовёт	zʌvʲˈɵt
показывает	pʌkˈɑzyvʌjit
ворот	vʌrˈot
тени	tʲˈenʲɪ
камни	kˈɑmnʲɪ
снег	sʲnʲˈek
кругом	krˈuɡʌm
брать	brˈɑtʲ
спиной	spʲinˈoj
верх	vʲˈerx
оттуда	ʌttˈuda
магистр	maɡʲˈistr
разлома	razɭˈoma
корень	kˈorʲinʲ
кольцо	kʌɭʲtsˈo
цел	tsˈɛɭ
поиск	pˈoisk
осады	ʌsˈɑdy
сорт	sˈort
предмет	prʲidmʲˈet
вина	vʲˈina
единственная	jɪdʲˈinstvʲinnʌja
встаёт	fstaˈɵt
раздела	raʑdʲˈeɭa
пункта	pˈunkta
проба	prˈoba
самом	sˈɑmʌm
нужны	nuʒnˈy
единицы	jɪdʲinʲˈitsy
области	ˈobɭʌsʲtʲɪ
экономика	ɛkʌnˈomʲika
надзор	nadzˈor
новые	nˈovyjɪ
звенит	zvʲinʲˈit
камне	kˈɑmnʲi
крик	krʲˈik
скрип	skrʲˈip
хор	xˈor
ливень	ɭʲˈivʲinʲ
доски	dˈoskʲɪ
очаг	ʌtʃʲˈɑk
лицензия	ɭʲitsˈɛnʑija
единственный	jɪdʲˈinstvʲinnyj
сначала	snatʃʲˈɑɭa
вправду	fprˈɑvdu
следы	sɭʲidˈy
воюет	vʌˈjujit
верно	vʲˈernʌ
зато	zatˈo
заря	zarʲˈɑ
достаток	dʌstˈɑtʌk
возраст	vˈozrʌst
разные	rˈɑznyjɪ
хищник	xˈiɕnʲik
промысел	prˈomysʲiɭ
уголь	ˈuɡʌlʲ
входит	fxˈodʲit
гнёзд	ɡnʲˈɵst
пошёл	pʌʃˈoɭ
разведка	razvʲˈetka
воля	vˈoɭʲʌ
уважение	uvaʒˈɛnʲijɪ
основа	ʌsnˈova
мотив	mʌtʲˈif
умолчанию	umʌɭtʃʲˈɑnʲiju
незрячий	nʲizrʲˈɑtʃʲij
энциклопедия	ɛntsykɭʌpʲˈedʲija
расстояние	rʌsstʌˈjanʲijɪ
тайное	tˈɑjnʌjɪ
жителей	ʒˈytʲiɭʲij
наставник	nastˈɑvnʲik
объект	ʌbjjˈekt
своему	svʌjimˈu
обычный	ʌbˈytʃʲnyj
лишь	ɭʲˈiʃ
ошибка	ʌʃˈypka
подземный	pʌdʲʑˈemnyj
звон	zvˈon
собирается	sʌbʲirˈɑjitsʌ
страниц	stranʲˈits
здания	zdˈɑnʲija
имеет	ɪmʲˈejit
строкой	strʌkˈoj
стене	sʲtʲinʲˈe
лечебница	ɭʲitʃʲˈebnʲitsa
тюрьма	tʲurɪmˈɑ
судно	sˈudnʌ
переходы	pʲirʲixˈody
воде	vʌdʲˈe
равно	ravnˈo
войну	vʌjnˈu
частей	tʃʲasʲtʲˈej
двое	dvˈojɪ
десятую	dʲisʲˈɑtuju
сделано	ʑdʲˈeɭʌnʌ
порога	pʌrˈoɡa
суме	sumʲˈe
видел	vʲˈidʲiɭ
кончается	kʌntʃʲˈɑjitsʌ
сохранение	sʌxranʲˈenʲijɪ
династия	dʲinˈɑsʲtʲija
добро	dʌbrˈo
держать	dʲirʒˈɑtʲ
принести	prʲinʲisʲtʲˈɪ
лавка	ɭˈɑfka
площади	pɭˈoɕʌdʲɪ
военный	vʌjˈennyj
трюм	trʲˈum
какая	kakˈɑja
дух	dˈux
спрос	sprˈos
слабее	sɭabʲˈejɪ
сбой	zbˈoj
узла	uzɭˈɑ
ищут	ˈɪɕut
командование	kʌmˈɑndʌvʌnʲijɪ
герб	ɡʲˈerp
союзник	sʌˈjuʑnʲik
сводка	svˈotka
описание	ʌpʲisˈɑnʲijɪ
звуком	zvˈukʌm
далеко	dʌɭʲikˈo
тёмные	tʲˈɵmnyjɪ
класс	kɭˈɑss
общего	ˈopɕivʌ
зовут	zʌvˈut
сказать	skazˈɑtʲ
медленнее	mʲˈedɭʲinnʲijɪ
шахты	ʃˈɑxty
посох	pˈosʌx
костяной	kʌsʲtʲanˈoj
право	prˈɑvʌ
тяжесть	tʲˈɑʒystʲ
тайник	tajnʲˈik
главы	ɡɭˈɑvy
обычная	ʌbˈytʃʲnʌja
смерть	smʲˈertʲ
деле	dʲˈeɭʲi
найдена	nˈɑjdʲina
остался	ʌstˈɑɭsʲʌ
любого	ɭʲubˈovʌ
будто	bˈudtʌ
подняться	pʌdnʲˈɑtsʌ
опись	ˈopʲisʲ
просят	prˈosʲʌt
делается	dʲˈeɭʌjitsʌ
механизм	mʲixanʲˈizm
заряды	zarʲˈɑdy
кристалла	krʲistˈɑɭɭa
нехватка	nʲixvˈɑtka
маршрут	marʃrˈut
помнят	pˈomnʲʌt
державой	dʲirʒˈɑvʌj
голод	ɡˈoɭʌt
логово	ɭˈoɡʌvʌ
плита	pɭʲitˈɑ
пророчество	prʌrˈotʃʲistvʌ
ушли	uʃɭʲˈɪ
настоящие	nʌstʌˈjaɕijɪ
доброе	dˈobrʌjɪ
падает	pˈɑdʌjit
согласие	sʌɡɭˈɑsʲijɪ
биом	bʲˈiʌm
ест	jˈest
шапка	ʃˈɑpka
покровитель	pʌkrʌvʲˈitʲilʲ
смелость	smʲˈeɭʌstʲ
лучший	ɭˈutʃʲʃyj
кач	kˈɑtʃʲ
такие	takʲˈijɪ
громкость	ɡrˈomkʌstʲ
прежние	prʲˈeʒnʲijɪ
некуда	nʲˈekuda
экрана	ɛkrˈɑna
обычное	ʌbˈytʃʲnʌjɪ
собирают	sʌbʲirˈɑjut
точность	tˈotʃʲnʌstʲ
волны	vˈoɭny
реестр	rʲijˈestr
старые	stˈɑryjɪ
старый	stˈɑryj
записями	zˈɑpʲisʲʌmʲɪ
мост	mˈost
ради	rˈɑdʲɪ
звание	zvˈɑnʲijɪ
камню	kˈɑmnʲu
сказано	skˈɑzʌnʌ
буря	bˈurʲʌ
жрец	ʒrʲˈets
странник	strˈɑnnʲik
номер	nˈomʲir
новых	nˈovyx
виды	vʲˈidy
стекло	sʲtʲikɭˈo
новая	nˈovʌja
скрытое	skrˈytʌjɪ
вне	vnʲˈe
дальний	dˈɑɭʲnʲij
служба	sɭˈuʒba
живых	ʒyvˈyx
видов	vʲˈidʌf
виден	vʲˈidʲin
эхо-скан	ˈɛxʌskˈɑn
мешает	mʲiʃˈɑjit
самый	sˈɑmyj
план	pɭˈɑn
острова	ʌstrˈova
золотой	zʌɭʌtˈoj
уйти	ujtʲˈɪ
выходят	vyxˈodʲʌt
ночи	nˈotʃʲɪ
покой	pʌkˈoj
ваши	vˈɑʃy
доме	dˈomʲi
тишины	tʲiʃynˈy
река	rʲikˈɑ
хранитель	xranʲˈitʲilʲ
доверие	dʌvʲˈerʲijɪ
миру	mʲˈiru
древний	drʲˈevnʲij
смотреть	smʌtrʲˈetʲ
рычаг	rytʃʲˈɑk
жизнь	ʒˈyʑnʲ
обряды	ʌbrʲˈɑdy
рад	rˈɑt
усл	ˈusɭ
достаёт	dʌstaˈɵt
север	sʲˈevʲir
разделам	raʑdʲˈeɭʌm
пункте	pˈunktʲi
владыки	vɭadˈykʲɪ
ключа	kɭʲutʃʲˈɑ
кузница	kˈuʑnʲitsa
свитки	svʲˈitkʲɪ
материалы	mʌtʲirʲiˈɑɭy
деньги	dʲˈenʲɡʲɪ
быстро	bˈystrʌ
придётся	prʲidʲˈɵtsʌ
трактир	traktʲˈir
строй	strˈoj
наковальня	nʌkʌvˈɑɭʲnʲʌ
правитель	pravʲˈitʲilʲ
закрыто	zakrˈytʌ
короче	kʌrˈotʃʲi
нарочно	narˈotʃʲnʌ
касается	kasˈɑjitsʌ
прошёл	prʌʃˈoɭ
эта	ˈɛta
пятнадцать	pʲatnˈɑttsʌtʲ
такая	takˈɑja
пуст	pˈust
дверью	dvʲˈerɪjju
вся	fsʲˈɑ
берега	bʲirʲˈeɡa
выберите	vˈybʲirʲitʲi
уходят	uxˈodʲʌt
вернулся	vʲirnˈuɭsʲʌ
даром	dˈɑrʌm
других	druɡʲˈix
взят	vʑˈɑt
выйдет	vˈyjdʲit
ушло	uʃɭˈo
ноша	nˈoʃa
требование	trʲˈebʌvʌnʲijɪ
фракции	frˈɑktsyɪ
воюют	vʌˈjujut
вложено	vɭˈoʒynʌ
книге	knʲˈiɡʲi
биомы	bʲiˈomy
посад	pʌsˈɑt
верёвка	vʲirʲˈɵfka
расходится	rasxˈodʲitsʌ
й	ˌikrˈɑtkɔjɪ
показание	pʌkazˈɑnʲijɪ
обработка	ʌbrabˈotka
проверить	prʌvʲˈerʲitʲ
обучение	ʌbutʃʲˈenʲijɪ
остаются	ʌstaˈjutsʌ
редко	rʲˈetkʌ
устройства	ustrˈojstva
направления	nʌpravɭʲˈenʲija
обычные	ʌbˈytʃʲnyjɪ
журнал	ʒurnˈɑɭ
договоры	dʌɡʌvˈory
чернила	tʃʲirnʲˈiɭa
граней	ɡrˈɑnʲij
победы	pʌbʲˈedy
спорят	spˈorʲʌt
миг	mʲˈik
открытым	ʌtkrˈytym
настоящая	nʌstʌˈjaɕʌja
лук	ɭˈuk
вида	vʲˈida
каменная	kˈɑmʲinnʌja
трактирщик	traktʲˈirɕik
деревня	dʲirʲˈevnʲʌ
впервые	fpʲirvˈyjɪ
шёпот	ʃˈopʌt
лестницы	ɭʲˈesnʲitsy
числом	tʃʲisɭˈom
алтаря	aɭtarʲˈɑ
раза	rˈɑza
ресурса	rʲisˈursa
наставника	nastˈɑvnʲika
отпечаток	ʌtpʲitʃʲˈɑtʌk
плату	pɭˈɑtu
склады	skɭˈɑdy
пустоты	pustˈoty
тёплый	tʲˈɵpɭyj
стол	stˈoɭ
доска	dʌskˈɑ
называют	nʌzyvˈɑjut
охота	ʌxˈota
смены	smʲˈeny
суд	sˈut
настоящее	nʌstʌˈjaɕijɪ
дипломатия	dʲipɭʌmˈɑtʲija
гнёт	ɡnʲˈɵt
состав	sʌstˈɑf
известность	ɪzvʲˈesnʌstʲ
года	ɡˈoda
климат	kɭʲˈimʌt
пер	pʲˈer
бар	bˈɑr
разделы	raʑdʲˈeɭy
настроек	nastrˈojik
звуковая	zvukʌvˈɑja
картина	kartʲˈina
постройка	pʌstrˈojka
выбран	vˈybrʌn
старое	stˈɑrʌjɪ
механизмы	mʲixanʲˈizmy
меры	mʲˈery
цепочки	tsypˈotʃʲkʲɪ
слишком	sɭʲˈiʃkʌm
небом	nʲˈebʌm
глухой	ɡɭuxˈoj
шахте	ʃˈɑxtʲi
драконий	drakˈonʲij
семнадцать	sʲimnˈɑttsʌtʲ
какого	kakˈovʌ
прежний	prʲˈeʒnʲij
стан	stˈɑn
восьми	vʌsʲmʲˈɪ
подпись	pˈotpʲisʲ
встал	fstˈɑɭ
услышать	usɭˈyʃʌtʲ
каменный	kˈɑmʲinnyj
дальнего	dˈɑɭʲnʲivʌ
тише	tʲˈiʃy
плетение	pɭʲitʲˈenʲijɪ
схрон	sxrˈon
прилавка	prʲiɭˈɑfka
следующая	sɭʲˈedujuɕʌja
жил	ʒˈyɭ
враги	vraɡʲˈɪ
сезон	sʲizˈon
ядер	ˈjadʲir
благословение	bɭʌɡʌsɭʌvʲˈenʲijɪ
дышит	dˈyʃyt
факультета	fʌkuɭʲtʲˈeta
хозяина	xʌʑˈɑina
тропа	trʌpˈɑ
пепла	pʲˈepɭa
утро	ˈutrʌ
возврата	vʌzvrˈɑta
клеймо	kɭʲijmˈo
именной	ɪmʲinnˈoj
приз	prʲˈis
сч	ˌɛstʃʲˈe
открыта	ʌtkrˈyta
украшение	ukraʃˈɛnʲijɪ
событий	sʌbˈytʲij
прочие	prˈotʃʲijɪ
источника	ɪstˈotʃʲnʲika
последнее	pʌsɭʲˈednʲijɪ
очередь	ˈotʃʲirʲitʲ
меняют	mʲinʲˈɑjut
причал	prʲitʃʲˈɑɭ
морские	mʌrskʲˈijɪ
выбрать	vˈybrʌtʲ
всю	fsʲˈu
настройках	nastrˈojkʌx
торгуют	tʌrɡˈujut
прежнего	prʲˈeʒnʲivʌ
начало	natʃʲˈɑɭʌ
такое	takˈojɪ
немного	nʲimnˈoɡʌ
рык	rˈyk
сталь	stˈɑlʲ
стрела	strʲiɭˈɑ
пустыня	pustˈynʲʌ
ночное	nʌtʃʲnˈojɪ
давно	davnˈo
орган	ˈorɡʌn
разрыв	razrˈyf
которому	kʌtˈorʌmu
реки	rʲˈekʲɪ
последнего	pʌsɭʲˈednʲivʌ
чан	tʃʲˈɑn
сорока	sʌrˈoka
пальцы	pˈɑɭʲtsy
из-под	ɪspˈot
переходов	pʲirʲixˈodʌf
четвёртый	tʃʲitvʲˈɵrtyj
заметно	zamʲˈetnʌ
лесу	ɭʲˈesu
заранее	zarˈɑnʲijɪ
скакун	skakˈun
разъезд	razjjˈest
принять	prʲinʲˈɑtʲ
макс	mˈɑks
зверя	zvʲˈerʲʌ
стену	sʲtʲˈenu
своём	svʌˈɵm
шар	ʃˈɑr
чаша	tʃʲˈɑʃa
отдых	ˈoddyx
сих	sʲˈix
перо	pʲirˈo
горах	ɡʌrˈɑx
входа	fxˈoda
зачем	zatʃʲˈem
яма	ˈjama
смотритель	smʌtrʲˈitʲilʲ
сопротивление	sʌprʌtʲivɭʲˈenʲijɪ
кладут	kɭadˈut
гор	ɡˈor
войска	vˈojska
ряд	rʲˈɑt
полоса	pʌɭʌsˈɑ
запах	zˈɑpʌx
назначение	nʌznatʃʲˈenʲijɪ
принимают	prʲinʲimˈɑjut
столб	stˈoɭp
вр	vˌɛˈɛr
взяли	vʑˈɑɭʲɪ
сезоны	sʲizˈony
наковальни	nʌkʌvˈɑɭʲnʲɪ
механика	mʲixˈɑnʲika
см	ˌɛsˈɛm
браузер	brˈɑuʑir
двигает	dvʲˈiɡʌjit
восток	vʌstˈok
ставит	stˈɑvʲit
совсем	sʌfsʲˈem
скажет	skˈɑʒyt
осмотр	ʌsmˈotr
ветром	vʲˈetrʌm
назовёт	nʌzʌvʲˈɵt
вернуть	vʲirnˈutʲ
щелчок	ɕiɭtʃʲˈok
записано	zapʲˈisʌnʌ
инструменты	ɪnstrumʲˈenty
леса	ɭʲˈesa
вашей	vˈɑʃyj
знаки	znˈɑkʲɪ
верит	vʲˈerʲit
шагах	ʃaɡˈɑx
узнать	uznˈɑtʲ
да	dˈɑ
множитель	mnˈoʒytʲilʲ
поднимается	pʌdnʲimˈɑjitsʌ
старая	stˈɑrʌja
всякая	fsʲˈɑkʌja
костёр	kʌsʲtʲˈɵr
сухой	suxˈoj
стук	stˈuk
отзвук	ˈodzvuk
ученик	utʃʲinʲˈik
роли	rˈoɭʲɪ
квест	kvʲˈest
задание	zadˈɑnʲijɪ
храмовый	xrˈɑmʌvyj
развязка	razvʲˈɑska
двора	dvʌrˈɑ
таверны	tavʲˈerny
службы	sɭˈuʒby
святилище	svʲatʲˈiɭʲiɕi
останки	ʌstˈɑnkʲɪ
тревога	trʲivˈoɡa
строк	strˈok
жив	ʒˈyf
десяток	dʲisʲˈɑtʌk
пуста	pustˈɑ
трижды	trʲˈiʒdy
счётчик	ɕˈɵttʃʲik
тропы	trˈopy
главное	ɡɭˈɑvnʌjɪ
подземелий	pʌdʲʑimʲˈeɭʲij
туманов	tumˈɑnʌf
пик	pʲˈik
порту	pˈortu
неба	nʲˈeba
блок	bɭˈok
случается	sɭutʃʲˈɑjitsʌ
поручение	pʌrutʃʲˈenʲijɪ
гнездо	ɡnʲizdˈo
требования	trʲˈebʌvʌnʲija
мастерство	mʌsʲtʲirstvˈo
третьей	trʲˈetʲjjij
оттого	ʌttʌvˈo
фазы	fˈɑzy
астральный	astrˈɑɭʲnyj
разговора	rʌzɡʌvˈora
точка	tˈotʃʲka
кл	kˌɑˈɛɭ
районы	rajˈony
а-яё	ajaˈɵ
получает	pʌɭutʃʲˈɑjit
акустика	akˈusʲtʲika
языки	jazykʲˈɪ
слов	sɭˈof
станет	stˈɑnʲit
встречаются	fstrʲitʃʲˈɑjutsʌ
магические	maɡʲˈitʃʲiskʲijɪ
империи	ɪmʲpʲˈerʲiɪ
редкие	rʲˈetkʲijɪ
последствия	pʌsɭʲˈetstvʲija
знания	znˈɑnʲija
демонология	dʲimʌnʌɭˈoɡʲija
ровный	rˈovnyj
отнимает	ʌtʲnʲimˈɑjit
рассказывает	rasskˈɑzyvʌjit
слушать	sɭˈuʃʌtʲ
закрывается	zʌkryvˈɑjitsʌ
тяжёлая	tʲaʒˈoɭʌja
клич	kɭʲˈitʃʲ
шум	ʃˈum
прежних	prʲˈeʒnʲix
морской	mʌrskˈoj
старейшина	starʲˈejʃyna
синтез	sʲˈintʲis
настоящий	nʌstʌˈjaɕij
ноги	nˈoɡʲɪ
пещеры	pʲiɕˈery
зеркало	ʑˈerkʌɭʌ
входе	fxˈodʲi
вслепую	fsɭʲipˈuju
владыка	vɭadˈyka
ящик	ˈjaɕik
оставить	ʌstˈɑvʲitʲ
обработчик	ʌbrabˈottʃʲik
стоите	stʌˈitʲi
другие	druɡʲˈijɪ
кварталы	kvartˈɑɭy
отдать	ʌddˈɑtʲ
изнутри	ɪznutrʲˈɪ
вашего	vˈɑʃyvʌ
паломничество	paɭˈomnʲitʃʲistvʌ
назначения	nʌznatʃʲˈenʲija
полтора	pʌɭtʌrˈɑ
виа	vʲˈia
добавляет	dʌbavɭʲˈɑjit
кланы	kɭˈɑny
делом	dʲˈeɭʌm
ветру	vʲˈetru
третья	trʲˈetʲjja
входят	fxˈodʲʌt
одни	ʌdnʲˈɪ
глаза	ɡɭˈɑza
алхимия	aɭxˈimʲija
проклятие	prʌkɭʲˈɑtʲijɪ
специализации	spʲitsyʌɭʲizˈɑtsyɪ
местом	mʲˈestʌm
срывается	sryvˈɑjitsʌ
сидит	sʲidʲˈit
отдано	ˈoddʌnʌ
шутка	ʃˈutka
транспорт	trˈɑnspʌrt
делу	dʲˈeɭu
клятв	kɭʲˈɑtf
открыт	ʌtkrˈyt
открытых	ʌtkrˈytyx
легла	ɭʲiɡɭˈɑ
сырьё	syrɪjˈɵ
фаза	fˈɑza
горит	ɡʌrʲˈit
спит	spʲˈit
облачно	ˈobɭʌtʃʲnʌ
роды	rˈody
сказ	skˈɑs
синергия	sʲinʲˈerɡʲija
износ	ɪznˈos
маркер	mˈɑrkʲir
отдельный	ʌdʲdʲˈeɭʲnyj
экран	ɛkrˈɑn
начать	natʃʲˈɑtʲ
списком	spʲˈiskʌm
мелочь	mʲˈeɭʌtʃʲ
опыта	ˈopyta
выполняет	vypʌɭnʲˈɑjit
любое	ɭʲubˈojɪ
пред	prʲˈet
носитель	nʌsʲˈitʲilʲ
намерение	namʲˈerʲinʲijɪ
домов	dʌmˈof
играет	ɪɡrˈɑjit
быстрый	bˈystryj
медленно	mʲˈedɭʲinnʌ
руке	rukʲˈe
звуковой	zvukʌvˈoj
сотни	sˈotʲnʲɪ
закрыт	zakrˈyt
доступно	dʌstˈupnʌ
чуть	tʃʲˈutʲ
лязг	ɭʲˈɑsk
стражник	strˈɑʒnʲik
каталог	kʌtaɭˈok
видит	vʲˈidʲit
дерева	dʲˈerʲiva
условия	usɭˈovʲija
всему	fsʲimˈu
полный	pˈoɭnyj
находят	naxˈodʲʌt
пятого	pʲˈɑtʌvʌ
ставят	stˈɑvʲʌt
денег	dʲˈenʲik
ловушек	ɭʌvˈuʃyk
лист	ɭʲˈist
высоте	vysʌtʲˈe
ману	mˈɑnu
вольные	vˈoɭʲnyjɪ
логова	ɭˈoɡʌva
реликвия	rʲiɭʲˈikvʲija
борт	bˈort
молитва	mʌɭʲˈitva
метель	mʲitʲˈelʲ
очага	ʌtʃʲaɡˈɑ
шире	ʃˈyrʲi
счётом	ɕˈɵtʌm
выкуп	vˈykup
ходов	xʌdˈof
чьё	tʃʲjˈɵ
зачарование	zʌtʃʲarˈovʌnʲijɪ
артель	artʲˈelʲ
вытяжка	vˈytʲʌʃka
путы	pˈuty
долей	dˈoɭʲij
наречие	narʲˈetʃʲijɪ
энергия	ɛnˈɛrɡʲija
чужую	tʃʲuʒˈuju
прочесть	prʌtʃʲˈestʲ
свода	svˈoda
чана	tʃʲˈɑna
припасы	prʲipˈɑsy
взял	vʑˈɑɭ
класть	kɭˈɑstʲ
веса	vʲˈesa
подозрение	pʌdʌzrʲˈenʲijɪ
св	ˌɛsvˈɛ
бонус	bˈonus
заголовок	zʌɡʌɭˈovʌk
полное	pˈoɭnʌjɪ
вынуть	vˈynutʲ
общая	ˈopɕʌja
объектов	ʌbjjˈektʌf
тракте	trˈɑktʲi
часто	tʃʲˈɑstʌ
шагом	ʃˈɑɡʌm
вторым	ftʌrˈym
по-прежнему	pˈoprʲˈeʒnʲimu
коротко	kˈorʌtkʌ
двадцати	dvʌttsatʲˈɪ
вещью	vʲˈeɕjju
последние	pʌsɭʲˈednʲijɪ
пираты	pʲirˈɑty
прочитать	prʌtʃʲitˈɑtʲ
порты	pˈorty
ранга	rˈɑnɡa
миф	mʲˈif
геометрия	ɡʲiʌmʲˈetrʲija
здание	zdˈɑnʲijɪ
ресурсов	rʲisˈursʌf
пришёл	prʲiʃˈoɭ
крепче	krʲˈeptʃʲi
торговцы	tʌrɡˈoftsy
молчание	mʌɭtʃʲˈɑnʲijɪ
возврат	vʌzvrˈɑt
вызов	vˈyzʌf
найдено	nˈɑjdʲinʌ
мой	mˈoj
середине	sʲirʲidʲˈinʲi
воздуха	vˈozduxa
огненный	ˈoɡnʲinnyj
энциклопедии	ɛntsykɭʌpʲˈedʲiɪ
сцены	stsˈɛny
библиотека	bʲibɭʲiʌtʲˈeka
ломается	ɭʌmˈɑjitsʌ
труба	trubˈɑ
тёмный	tʲˈɵmnyj
сундуки	sundukʲˈɪ
нежить	nʲˈeʒytʲ
назвать	nazvˈɑtʲ
незрячего	nʲizrʲˈɑtʃʲivʌ
написано	napʲˈisʌnʌ
доходит	dʌxˈodʲit
нож	nˈoʃ
тридцати	trʲittsatʲˈɪ
вышли	vˈyʃɭʲɪ
приметы	prʲimʲˈety
читают	tʃʲitˈɑjut
границы	ɡranʲˈitsy
деревни	dʲirʲˈevnʲɪ
запертая	zˈɑpʲirtʌja
среди	srʲidʲˈɪ
тракты	trˈɑkty
прошли	prʌʃɭʲˈɪ
топор	tʌpˈor
ближний	bɭʲˈiʒnʲij
сходятся	sxˈodʲʌtsʌ
кладёт	kɭadʲˈɵt
видели	vʲˈidʲiɭʲɪ
берутся	bʲirˈutʲsʲʌ
пепельные	pʲˈepʲiɭʲnyjɪ
власть	vɭˈɑstʲ
прибавка	prʲibˈɑfka
плитки	pɭʲˈitkʲɪ
товара	tʌvˈɑra
союзники	sʌˈjuʑnʲikʲɪ
вывоз	vˈyvʌs
седмицы	sʲidmʲˈitsy
создатель	sʌzdˈɑtʲilʲ
стал	stˈɑɭ
эфирная	ɛfʲˈirnʌja
осталась	ʌstˈɑɭʌsʲ
дым	dˈym
либо	ɭʲˈibʌ
лёгкость	ɭʲˈɵxkʌstʲ
хаос	xˈɑʌs
половину	pʌɭʌvʲˈinu
вышел	vˈyʃyɭ
ш	ʃˈɑ
старше	stˈɑrʃy
тёмная	tʲˈɵmnʌja
жажда	ʒˈɑʒda
мощь	mˈoɕ
вечер	vʲˈetʃʲir
раздор	razdˈor
едят	jɪdʲˈɑt
ритуал	rʲituˈɑɭ
руководство	rukʌvˈotstvʌ
бег	bʲˈek
толпа	tʌɭpˈɑ
награды	naɡrˈɑdy
звуками	zvˈukʌmʲɪ
останется	ʌstˈɑnʲitsʌ
молчат	mʌɭtʃʲˈɑt
очистить	ʌtʃʲˈisʲtʲitʲ
проход	prʌxˈot
очень	ˈotʃʲinʲ
угодно	uɡˈodnʌ
предметы	prʲidmʲˈety
корабли	kʌrabɭʲˈɪ
отклика	ˈotkɭʲika
добычу	dʌbˈytʃʲu
тысячи	tˈysʲʌtʃʲɪ
должна	dʌɭʒnˈɑ
готово	ɡʌtˈovʌ
теряет	tʲirʲˈɑjit
кинжал	kʲinʒˈɑɭ
рун	rˈun
тянется	tʲˈɑnʲitsʌ
конце	kʌntsˈɛ
пещера	pʲiɕˈera
сундука	sundukˈɑ
побережье	pʌbʲirʲˈeʒjjɪ
ударом	udˈɑrʌm
разница	rˈɑʑnʲitsa
свободно	svʌbˈodnʌ
редкое	rʲˈetkʌjɪ
тихая	tʲˈixʌja
пар	pˈɑr
городская	ɡʌrʌtskˈɑja
обвалы	ʌbvˈɑɭy
храма	xrˈɑma
лицензии	ɭʲitsˈɛnʑiɪ
открытая	ʌtkrˈytʌja
кристаллы	krʲistˈɑɭɭy
кругу	krˈuɡu
ремёсел	rʲimʲˈɵsʲiɭ
наоборот	nʌʌbʌrˈot
разум	rˈɑzum
зари	zarʲˈɪ
по-разному	pˈorˈɑznʌmu
гильдия	ɡʲˈiɭʲdʲija
каждые	kˈɑʒdyjɪ
номера	nʌmʲˈera
тела	tʲˈeɭa
головой	ɡʌɭʌvˈoj
выдаёт	vydaˈɵt
подъём	pʌdjˈɵm
доспех	dʌspʲˈex
небе	nʲˈebʲi
ночные	nʌtʃʲnˈyjɪ
мастерских	mʌsʲtʲirskʲˈix
костяные	kʌsʲtʲanˈyjɪ
испытание	ɪspytˈɑnʲijɪ
клятва	kɭʲˈɑtva
твердыня	tvʲirdˈynʲʌ
гарнизон	ɡʌrnʲizˈon
сотник	sˈotʲnʲik
ордена	ʌrdʲˈena
известно	ɪzvʲˈesnʌ
полны	pʌɭnˈy
отделка	ʌdʲdʲˈeɭka
снято	sʲnʲˈɑtʌ
полотно	pʌɭʌtnˈo
тайный	tˈɑjnyj
товары	tʌvˈɑry
по-настоящему	pˈonʌstʌˈjaɕimu
приходится	prʲixˈodʲitsʌ
работу	rabˈotu
ткани	tkˈɑnʲɪ
золотая	zʌɭʌtˈɑja
найден	nˈɑjdʲin
виду	vʲˈidu
передела	pʲirʲidʲˈeɭa
кр	kˌɑˈɛr
смерти	smʲˈertʲɪ
е	jˈe
пойдёт	pʌjdʲˈɵt
ветрено	vʲˈetrʲinʌ
наследник	nasɭʲˈednʲik
мне	mnʲˈe
неизвестен	nʲiizvʲˈesʲtʲin
ценао	tsynˈɑʌ
рес	rʲˈes
списку	spʲˈisku
пункты	pˈunkty
объёмный	ʌbjˈɵmnyj
единица	jɪdʲinʲˈitsa
никуда	nʲikudˈɑ
объекты	ʌbjjˈekty
шаге	ʃˈɑɡʲi
подсказки	pʌtskˈɑskʲɪ
субтитры	suptʲˈitry
фигуры	fʲiɡˈury
точно	tˈotʃʲnʌ
слушает	sɭˈuʃʌjit
рейсы	rʲˈejsy
малые	mˈɑɭyjɪ
тайные	tˈɑjnyjɪ
зона	zˈona
энергии	ɛnˈɛrɡʲiɪ
карту	kˈɑrtu
тяжело	tʲʌʒyɭˈo
мало	mˈɑɭʌ
меня	mʲinʲˈɑ
строку	strʌkˈu
опасно	ʌpˈɑsnʌ
текущий	tʲikˈuɕij
посреди	pʌsrʲidʲˈɪ
борту	bˈortu
клинка	kɭʲinkˈɑ
шипение	ʃypʲˈenʲijɪ
торговые	tʌrɡˈovyjɪ
капель	kˈɑpʲilʲ
артефакта	artʲifˈɑkta
древняя	drʲˈevnʲʌja
дракон	drakˈon
ледяной	ɭʲidʲanˈoj
целительница	tsyɭʲˈitʲiɭʲnʲitsa
топь	tˈopʲ
чужим	tʃʲuʒˈym
кошель	kʌʃˈɛlʲ
рост	rˈost
редкая	rʲˈetkʌja
пройдено	prˈojdʲinʌ
боль	bˈolʲ
проверяется	prʌvʲirʲˈɑjitsʌ
которыми	kʌtˈorymʲɪ
перехода	pʲirʲixˈoda
девяти	dʲivʲatʲˈɪ
незачем	nʲˈezʌtʃʲim
смысл	smˈysɭ
спуститься	spusʲtʲˈitsʌ
выйти	vˈyjtʲɪ
стоять	stʌˈjatʲ
соляной	sʌɭʲanˈoj
узлов	uzɭˈof
сдвиг	zdvʲˈik
считать	ɕitˈɑtʲ
бить	bʲˈitʲ
торговать	tʌrɡʌvˈɑtʲ
поздно	pˈoznʌ
ничем	nʲitʃʲˈem
жезл	ʒˈɛzɭ
слухи	sɭˈuxɪ
оружием	ʌrˈuʒyjim
ходить	xʌdʲˈitʲ
подвал	pʌdvˈɑɭ
поёт	pʌˈɵt
завтра	zˈɑftra
единиц	jɪdʲinʲˈits
перекрёсток	pʲirʲikrʲˈɵstʌk
цитадели	tsytadʲˈeɭʲɪ
камней	kamnʲˈej
обряда	ʌbrʲˈɑda
стенах	sʲtʲˈenʌx
ярусах	ˈjarusʌx
последней	pʌsɭʲˈednʲij
советник	sʌvʲˈetʲnʲik
зеркальная	ʑirkˈɑɭʲnʌja
лунные	ɭˈunnyjɪ
рана	rˈɑna
эха	ˈɛxa
сокровищницы	sʌkrˈovʲiɕnʲitsy
носит	nˈosʲit
летопись	ɭʲˈetʌpʲisʲ
глаз	ɡɭˈɑs
мистика	mʲˈisʲtʲika
первую	pʲˈervuju
рудник	rudnʲˈik
дал	dˈɑɭ
срока	srˈoka
рыба	rˈyba
торгует	tʌrɡˈujit
передел	pʲirʲidʲˈeɭ
комплекс	kˈompɭʲiks
стихий	sʲtʲixˈij
академии	akadʲˈemʲiɪ
открыты	ʌtkrˈyty
меняла	mʲinʲˈɑɭa
врат	vrˈɑt
нечем	nʲˈetʃʲim
влага	vɭˈɑɡa
старший	stˈɑrʃyj
жара	ʒˈɑra
дни	dnʲˈɪ
ищет	ˈɪɕit
долго	dˈoɭɡʌ
игла	ɪɡɭˈɑ
помог	pʌmˈok
обед	ʌbʲˈet
версии	vʲˈersʲiɪ
пром	prˈom
ограничение	ʌɡrʌnʲitʃʲˈenʲijɪ
даро	dˈɑrʌ
доб	dˈop
док	dˈok
ёмкость	jˈɵmkʌstʲ
мировое	mʲirʌvˈojɪ
подземом	pʌdʲʑˈemʌm
миров	mʲirˈof
ходу	xˈodu
ставится	stˈɑvʲitsʌ
значение	znatʃʲˈenʲijɪ
десятых	dʲisʲˈɑtyx
слушается	sɭˈuʃʌjitsʌ
важное	vˈɑʒnʌjɪ
раздельное	raʑdʲˈeɭʲnʌjɪ
дрожит	drʌʒˈyt
уровне	ˈurʌvnʲi
карточка	kˈɑrtʌtʃʲka
составитель	sʌstavʲˈitʲilʲ
портальная	pʌrtˈɑɭʲnʌja
встреча	fstrʲˈetʃʲʌ
караваны	kʌravˈɑny
наследие	nasɭʲˈedʲijɪ
пожирания	pʌʒyrˈɑnʲija
числами	tʃʲˈisɭʌmʲɪ
щедрее	ɕidrʲˈejɪ
любит	ɭʲˈubʲit
стала	stˈɑɭa
собирает	sʌbʲirˈɑjit
начала	natʃʲˈɑɭa
стояли	stʌˈjaɭʲɪ
втрое	ftrˈojɪ
папки	pˈɑpkʲɪ
близко	bɭʲˈiskʌ
крылья	krˈyɭjja
дождя	dʌʒdʲˈɑ
оклик	ˈokɭʲik
костяная	kʌsʲtʲanˈɑja
равнина	ravnʲˈina
банка	bˈɑnka
последним	pʌsɭʲˈednʲim
слушают	sɭˈuʃʌjut
обязан	ʌbʲˈɑzʌn
должны	dʌɭʒnˈy
свету	svʲˈetu
городские	ɡʌrʌtskʲˈijɪ
стойки	stˈojkʲɪ
комнаты	kˈomnʌty
наружу	narˈuʒu
взята	vʑˈɑta
обоих	ʌbˈoix
стоял	stʌˈjaɭ
другом	drˈuɡʌm
встать	fstˈɑtʲ
некому	nʲˈekʌmu
гасит	ɡˈɑsʲit
остальные	ʌstaɭʲnˈyjɪ
доли	dˈoɭʲɪ
выучить	vˈyutʃʲitʲ
читаются	tʃʲitˈɑjutsʌ
семьдесят	sʲˈemʲdʲisʲʌt
шли	ʃɭʲˈɪ
пятьдесят	pʲʌtʲdʲisʲˈɑt
подъёмник	pʌdjˈɵmnʲik
изучено	ɪzˈutʃʲinʌ
характеристики	xʌrʌktʲirʲˈisʲtʲikʲɪ
городом	ɡˈorʌdʌm
золотом	zʌɭˈotʌm
встречается	fstrʲitʃʲˈɑjitsʌ
штуку	ʃtˈuku
обоза	ʌbˈoza
войне	vʌjnʲˈe
мастерской	masʲtʲˈerskʌj
трактов	trˈɑktʌf
цитадель	tsytadʲˈelʲ
пыль	pˈylʲ
марш	mˈɑrʃ
зрение	zrʲˈenʲijɪ
деревне	dʲirʲˈevnʲi
трогать	trˈoɡʌtʲ
шкаф	ʃkˈɑf
однажды	ʌdnˈɑʒdy
машины	maʃˈyny
одиннадцать	ʌdʲˈinnʌttsʌtʲ
негде	nʲˈeɡdʲi
честно	tʃʲˈesnʌ
пустота	pustʌtˈɑ
решают	rʲiʃˈɑjut
разломы	razɭˈomy
зеркальный	ʑirkˈɑɭʲnyj
шепчущий	ʃˈɛptʃʲuɕij
пустое	pustˈojɪ
именная	ɪmʲinnˈɑja
застава	zastˈɑva
богу	bˈoɡu
ставка	stˈɑfka
отдача	ʌddˈɑtʃʲʌ
выводятся	vyvˈodʲʌtsʌ
редкости	rʲˈetkʌsʲtʲɪ
тайных	tˈɑjnyx
следствия	sɭʲˈetstvʲija
производство	prʌizvˈotstvʌ
перечисляет	pʲirʲitʃʲisɭʲˈɑjit
режет	rʲˈeʒyt
городской	ɡʌrʌtskˈoj
оправа	ʌprˈɑva
металла	mʲitˈɑɭɭa
котомке	kʌtˈomkʲi
пространство	prʌstrˈɑnstvʌ
знаю	znˈɑju
садится	sadʲˈitsʌ
дому	dˈomu
сытость	sˈytʌstʲ
копья	kˈopjja
сил	sʲˈiɭ
песня	pʲˈesʲnʲʌ
влияние	vɭʲiˈjanʲijɪ
жжёт	ʒʒˈot
остров	ˈostrʌf
чинят	tʃʲˈinʲʌt
брода	brˈoda
г	ɡˈɛ
доступ	dˈostup
синдикат	sʲindʲikˈɑt
гость	ɡˈostʲ
сраб	srˈɑp
надпись	nˈɑtpʲisʲ
откликслова	ʌtkɭʲˈiksɭʌva
оглавление	ʌɡɭavɭʲˈenʲijɪ
слева	sɭʲˈeva
тишину	tʲiʃynˈu
четырьмя	tʃʲityrɪmʲˈɑ
свайпом	svˈɑjpʌm
любом	ɭʲubˈom
судьбы	sˈudʲby
листать	ɭʲistˈɑtʲ
головы	ɡʌɭˈovy
темп	tʲˈemp
построек	pʌstrˈojik
теми	tʲˈemʲɪ
следующей	sɭʲˈedujuɕij
чей	tʃʲˈej
мог	mok
поверхности	pʌvʲˈerxnʌsʲtʲɪ
боевой	bʌjivˈoj
капли	kˈɑpɭʲɪ
открытый	ʌtkrˈytyj
мага	mˈɑɡa
ролей	rʌɭʲˈej
держатся	dʲˈerʒʌtʲsʲʌ
ложатся	ɭʌʒˈɑtʲsʲʌ
топи	tˈopʲɪ
корни	kˈornʲɪ
владение	vɭadʲˈenʲijɪ
достижение	dʌsʲtʲiʒˈɛnʲijɪ
сдано	zdanˈo
обход	ʌpxˈot
по-своему	pˈosvʌjimˈu
люк	ɭʲˈuk
сторонам	stʌrʌnˈɑm
склянка	skɭʲˈɑnka
автор	ˈɑftʌr
источники	ɪstˈotʃʲnʲikʲɪ
таверне	tavʲˈernʲi
отдельной	ʌdʲdʲˈeɭʲnʌj
открытое	ʌtkrˈytʌjɪ
ложь	ɭˈoʃ
ты	tˈy
остались	ʌstˈɑɭʲisʲ
огнём	ʌɡnʲˈɵm
применить	prʲimʲinʲˈitʲ
створка	stvˈorka
груза	ɡrˈuza
виридис	vʲirʲˈidʲis
породы	pʌrˈody
крупный	krˈupnyj
дары	darˈy
рассвет	rassvʲˈet
насквозь	naskvˈosʲ
кони	kˈonʲɪ
книжник	knʲˈiʒnʲik
дворы	dvʌrˈy
книжный	knʲˈiʒnyj
стороне	stʌrʌnʲˈe
сделанные	ʑdʲˈeɭʌnnyjɪ
использовать	ɪspˈoɭʲzʌvʌtʲ
десятка	dʲisʲˈɑtka
ночная	nʌtʃʲnˈɑja
пошли	pʌʃɭʲˈɪ
продаёт	prʌdaˈɵt
чаща	tʃʲˈɑɕʌ
умений	umʲˈenʲij
чья	tʃʲjˈja
именных	ɪmʲinnˈyx
контрабандист	kʌntrʌbandʲˈist
большой	bʌɭʲʃˈoj
простой	prʌstˈoj
ровная	rˈovnʌja
сочетания	sʌtʃʲitˈɑnʲija
оплот	ʌpɭˈot
мнение	mnʲˈenʲijɪ
жгут	ʒɡˈut
законы	zakˈony
скупает	skupˈɑjit
базовый	bˈɑzʌvyj
знаком	znˈɑkʌm
зарядов	zarʲˈɑdʌf
торга	tˈorɡa
лаборатория	ɭʌbʌratˈorʲija
припаса	prʲipˈɑsa
кряж	krʲˈɑʃ
слышимость	sɭˈyʃymʌstʲ
шкуры	ʃkˈury
осмотреть	ʌsmʌtrʲˈetʲ
вернётся	vʲirnʲˈɵtsʌ
рук	rˈuk
молиться	mʌɭʲˈitsʌ
гильдии	ɡʲˈiɭʲdʲiɪ
разу	rˈɑzu
общей	ˈopɕij
костра	kʌstrˈɑ
куп	kˈup
лучшее	ɭˈutʃyjɪ
слепок	sɭʲˈepʌk
поют	pʌˈjut
соседи	sʌsʲˈedʲɪ
следов	sɭʲidˈof
маг-отшельник	mˈɑkʌtʃˈɛɭʲnʲik
дат	dˈɑt
будут	bˌudut
полке	pˈoɭkʲi
гомункула	ɡʌmˈunkuɭa
сущность	sˈuɕnʌstʲ
лекций	ɭʲˈektsyj
поводслово	pʌvˈotsɭʌvʌ
конецслово	kʌnʲˈetssɭʌvʌ
мод	mˈot
юг	ˈjuk
достижения	dʌsʲtʲiʒˈɛnʲija
подаёт	pʌdaˈɵt
разделе	raʑdʲˈeɭʲi
подсказка	pʌtskˈɑska
чтеца	tʃʲtʲitsˈɑ
активация	aktʲivˈɑtsyja
фраза	frˈɑza
держите	dʲirʒˈytʲi
двойным	dvʌjnˈym
выживание	vyʒyvˈɑnʲijɪ
пророчества	prʌrˈotʃʲistva
проповедник	prʌpʌvʲˈednʲik
окон	ˈokʌn
затем	zatʲˈem
гомункул	ɡʌmˈunkuɭ
настоящей	nʌstʌˈjaɕij
провал	prʌvˈɑɭ
голове	ɡʌɭʌvʲˈe
ляжет	ɭʲˈɑʒyt
пришлось	prʲiʃɭˈosʲ
перебить	pʲirʲibʲˈitʲ
простое	prʌstˈojɪ
запасом	zapˈɑsʌm
очереди	ˈotʃʲirʲidʲɪ
монстров	mˈonstrʌf
шелест	ʃˈɛɭʲist
гомон	ɡˈomʌn
гром	ɡrˈom
низкий	nʲˈiskʲij
узнаётся	uznaˈɵtsʌ
слоя	sɭˈoja
всякой	fsʲˈɑkʌj
гниль	ɡnʲˈilʲ
принято	prʲˈinʲʌtʌ
пятый	pʲˈɑtyj
артефактная	artʲifˈɑktnʌja
петель	pʲˈetʲilʲ
снасти	snˈɑsʲtʲɪ
торговая	tʌrɡˈovʌja
минерал	mʲinʲirˈɑɭ
пламя	pɭˈɑmʲʌ
восемьдесят	vˈosʲimʲdʲisʲʌt
прослушать	prʌsɭˈuʃʌtʲ
уводит	uvˈodʲit
лишним	ɭʲˈiʃnʲim
вбок	vbˈok
повтор	pʌftˈor
кажется	kˈɑʒytsʌ
открывают	ʌtkryvˈɑjut
всей	fsʲˈej
карте	kˈɑrtʲi
работать	rabˈotʌtʲ
точек	tˈotʃʲik
лёг	ɭʲˈɵk
открытые	ʌtkrˈytyjɪ
охотник	ʌxˈotʲnʲik
ноль	nˈolʲ
внутрь	vnˈutrɪ
удалось	udaɭˈosʲ
некого	nʲˈekʌvʌ
казны	kaznˈy
дойдите	dʌjdʲˈitʲi
расспросить	rʌssprʌsʲˈitʲ
покровительство	pʌkrʌvʲˈitʲiɭʲstvʌ
причала	prʲitʃʲˈɑɭa
спуска	spˈuska
клад	kɭˈɑt
срабатывает	srabˈɑtyvʌjit
оставляет	ʌstavɭʲˈɑjit
встали	fstˈɑɭʲɪ
бочки	bˈotʃʲkʲɪ
верстак	vʲirstˈɑk
принадлежит	prʲinʌdɭʲiʒˈyt
живого	ʒyvˈovʌ
четвёртой	tʃʲitvʲˈɵrtʌj
права	prˈɑva
державах	dʲirʒˈɑvʌx
цепочек	tsypˈotʃʲik
тайная	tˈɑjnʌja
долгая	dˈoɭɡʌja
отражение	ʌtraʒˈɛnʲijɪ
костница	kʌsnʲˈitsa
помнится	pˈomnʲitsʌ
тихой	tʲˈixʌj
описи	ˈopʲisʲɪ
перепись	pʲˈerʲipʲisʲ
тихого	tʲˈixʌvʌ
серебро	sʲirʲibrˈo
особый	ʌsˈobyj
задаёт	zʌdaˈɵt
роду	rˈodu
седьмой	sʲidʲmˈoj
скан	skˈɑn
экспедиция	ɛkspʲidʲˈitsyja
ключей	kɭʲutʃʲˈej
эфира	ɛfʲˈira
контур	kˈontur
сосед	sʌsʲˈet
походный	pʌxˈodnyj
породу	pʌrˈodu
брус	brˈus
линза	ɭʲˈinza
слоёв	sɭʌˈɵf
артефакторики	artʲifˈɑktʌrʲikʲɪ
тёплая	tʲˈɵpɭʌja
недоверие	nʲidʌvʲˈerʲijɪ
сохранении	sʌxranʲˈenʲiɪ
ткань	tkˈɑnʲ
рунная	rˈunnʌja
пространства	prʌstrˈɑnstva
аномалия	anʌmˈɑɭʲija
рвётся	rvʲˈɵtsʌ
языка	jazykˈɑ
растит	rasʲtʲˈit
сопряжение	sʌprʲaʒˈɛnʲijɪ
улиц	ˈuɭʲits
врагу	vraɡˈu
серебряные	sʲirʲˈebrʲʌnyjɪ
странники	strˈɑnnʲikʲɪ
кровавые	krʌvˈɑvyjɪ
песок	pʲisˈok
вл	vˌɛˈɛɭ
отражения	ʌtraʒˈɛnʲija
продажа	prʌdˈɑʒa
ремонт	rʲimˈont
долги	dʌɭɡʲˈɪ
сбылось	zbyɭˈosʲ
перестаёт	pʲirʲistaˈɵt
чёрная	tʃʲˈɵrnʌja
дорогах	dʌrˈoɡʌx
свеча	svʲitʃʲˈɑ
капитан	kʌpʲitˈɑn
компас	kˈompʌs
крыле	kryɭʲˈe
сорвать	sʌrvˈɑtʲ
мёртвых	mʲˈɵrtvyx
одержимость	ʌdʲirʒˈymʌstʲ
смотрят	smˈotrʲʌt
колодца	kʌɭˈottsa
врёт	vrʲˈɵt
статус	stˈɑtus
пыл	pˈyɭ
утра	ˈutra
свитков	svʲˈitkʌf
жилец	ʒyɭʲˈets
ум	ˈum
крит	krʲˈit
статы	stˈɑty
владельцы	vɭadʲˈeɭʲtsy
экзамен	ɛɡzˈɑmʲin
файла	fˈɑjɭa
главный	ɡɭˈɑvnyj
точку	tˈotʃʲku
убрать	ubrˈɑtʲ
запад	zˈɑpʌt
открытого	ʌtkrˈytʌvʌ
темы	tʲˈemy
сказали	skazˈɑɭʲɪ
остановить	ʌstʌnʌvʲˈitʲ
стороной	stʌrʌnˈoj
чуткость	tʃʲˈutkʌstʲ
листает	ɭʲistˈɑjit
происходит	prʌisxˈodʲit
выбирает	vybʲirˈɑjit
реестра	rʲijˈestra
пантеон	pʌntʲiˈon
паспорт	pˈɑspʌrt
расследование	rassɭʲˈedʌvʌnʲijɪ
объекта	ʌbjjˈekta
стоп	stˈop
местности	mʲˈesnʌsʲtʲɪ
лишнее	ɭʲˈiʃnʲijɪ
нового	nˈovʌvʌ
прежнее	prʲˈeʒnʲijɪ
возвращаются	vʌzvraɕˈɑjutsʌ
отдают	ʌddaˈjut
рёв	rʲˈɵf
глубинный	ɡɭubʲˈinnyj
тяга	tʲˈɑɡa
глубоко	ɡɭubʌkˈo
монеты	mʌnʲˈety
банке	bˈɑnkʲi
канал	kanˈɑɭ
узнаёт	uznaˈɵt
рассвета	rassvʲˈeta
варианты	vʌrʲiˈɑnty
монету	mʌnʲˈetu
дали	dˈɑɭʲɪ
храмы	xrˈɑmy
мастерские	masʲtʲˈerskʲijɪ
строя	strˈoja
собирать	sʌbʲirˈɑtʲ
браузера	brˈɑuʑira
всякого	fsʲˈɑkʌvʌ
другим	druɡʲˈim
жестом	ʒˈɛstʌm
запоминает	zʌpʌmʲinˈɑjit
незрячему	nʲizrʲˈɑtʃʲimu
судна	sˈudna
поверхность	pʌvʲˈerxnʌstʲ
худший	xˈutʃyj
одиночное	ʌdʲinˈotʃʲnʌjɪ
длительность	dɭʲˈitʲiɭʲnʌstʲ
пару	pˈɑru
брифа	brʲˈifa
начинают	nʌtʃʲinˈɑjut
выбирают	vybʲirˈɑjut
алхимика	aɭxˈimʲika
изучить	ɪzutʃʲˈitʲ
глуши	ɡɭuʃˈy
прибавляет	prʲibavɭʲˈɑjit
новую	nˈovuju
опаснее	ʌpˈɑsʲnʲijɪ
временем	vrʲˈemʲinʲim
подряды	pʌdrʲˈɑdy
везёт	vʲiʑˈɵt
ходом	xˈodʌm
долгой	dˈoɭɡʌj
запомнит	zapˈomnʲit
уйдёт	ujdʲˈɵt
суток	sˈutʌk
улов	uɭˈof
таур	tˈɑur
селения	sʲiɭʲˈenʲija
третьего	trʲˈetʲjjivʌ
кирка	kʲirkˈɑ
сухая	suxˈɑja
решено	rʲiʃynˈo
потеря	pʌtʲˈerʲʌ
крылатые	kryɭˈɑtyjɪ
обстановка	ʌpstanˈofka
стойка	stˈojka
алхимический	aɭximʲˈitʃʲiskʲij
суму	sumˈu
прямой	prʲamˈoj
громче	ɡrˈomtʃʲi
примерно	prʲimʲˈernʌ
клетках	kɭʲˈetkʌx
навстречу	nafstrʲˈetʃʲu
руин	ruˈin
эльфы	ˈɛɭʲfy
заказчик	zakˈɑɕik
заказ	zakˈɑs
охотника	ʌxˈotʲnʲika
чует	tʃʲˈujit
жизни	ʒˈyʑnʲɪ
сидят	sʲidʲˈɑt
штольни	ʃtˈoɭʲnʲɪ
лица	ɭʲˈitsa
плащ	pɭˈɑɕ
старого	stˈɑrʌvʌ
ведро	vʲidrˈo
сердца	sʲˈertsa
шахту	ʃˈɑxtu
неизвестно	nʲiizvʲˈesnʌ
чтения	tʃʲtʲˈenʲija
импульс	ˈɪmpuɭʲs
придёт	prʲidʲˈɵt
урока	urˈoka
бросок	brʌsˈok
заперт	zˈɑpʲirt
мешок	mʲiʃˈok
переделов	pʲirʲidʲˈeɭʌf
следует	sɭʲˈedujit
чисто	tʃʲˈistʌ
напряжение	nʌprʲaʒˈɛnʲijɪ
предела	prʲidʲˈeɭa
предтеченский	prʲitʲtʲˈetʃʲinskʲij
возьмёт	vʌʑmʲˈɵt
перенос	pʲirʲinˈos
спрашивает	sprˈɑʃyvʌjit
регион	rʲiɡʲiˈon
понемногу	pʌnʲimnˈoɡu
дверей	dvʲirʲˈej
тает	tˈɑjit
лагеря	ɭaɡʲˈerʲʌ
обещание	ʌbʲiɕˈɑnʲijɪ
отвар	ʌtvˈɑr
малых	mˈɑɭyx
хладная	xɭˈɑdnʌja
пики	pʲˈikʲɪ
трав	trˈɑf
смола	smʌɭˈɑ
ладонь	ɭadˈonʲ
почта	pˈotʃʲta
древних	drʲˈevnʲix
верят	vʲˈerʲʌt
концентрат	kʌntsyntrˈɑt
набег	nabʲˈek
поперёк	pʌpʲirʲˈɵk
монета	mʌnʲˈeta
собрания	sʌbrˈɑnʲija
надзора	nadzˈora
боится	bʌˈitsʌ
разводит	razvˈodʲit
твор	tvˈor
работ	rabˈot
ученики	utʃʲinʲikʲˈɪ
разошёлся	rʌzʌʃˈoɭsʲʌ
ускорить	uskˈorʲitʲ
скор	skˈor
выбрана	vˈybrʌna
вт	vˌɛtˈɛ
восст	vˈosst
общ	ˈopɕ
нестаб	nʲistˈɑp
лидер	ɭʲˈidʲir
ограничения	ʌɡrʌnʲitʃʲˈenʲija
развитие	razvʲˈitʲijɪ
сумка	sˈumka
факультет	fʌkuɭʲtʲˈet
боон	bˈoʌn
сбыт	zbˈyt
целей	tsˈɛɭʲij
курсор	kursˈor
разделу	raʑdʲˈeɭu
титул	tʲˈituɭ
побег	pʌbʲˈek
пункту	pˈunktu
музыки	mˈuzykʲɪ
каким	kakʲˈim
отвечают	ʌtvʲitʃʲˈɑjut
повторить	pʌftʌrʲˈitʲ
быстрая	bˈystrʌja
реплики	rʲˈepɭʲikʲɪ
записать	zʌpʲisˈɑtʲ
броня	brʌnʲˈɑ
сокровища	sʌkrˈovʲiɕʌ
устройство	ustrˈojstvʌ
великие	vʲiɭʲˈikʲijɪ
поблизости	pʌbɭʲˈizʌsʲtʲɪ
везти	vʲisʲtʲˈɪ
кнопкой	knˈopkʌj
гулом	ɡˈuɭʌm
лежало	ɭʲiʒˈɑɭʌ
глушит	ɡɭˈuʃyt
выключена	vˈykɭʲutʃʲina
пикселей	pʲˈiksʲiɭʲij
настройка	nastrˈojka
отнимают	ʌtʲnʲimˈɑjut
легко	ɭʲixkˈo
отметка	ʌtmʲˈetka
меняются	mʲinʲˈɑjutsʌ
открываются	ʌtkryvˈɑjutsʌ
стали	stˈɑɭʲɪ
секунд	sʲikˈunt
соседа	sʌsʲˈeda
заводится	zavˈodʲitsʌ
пришла	prʲiʃɭˈɑ
пустая	pustˈɑja
висит	vʲisʲˈit
поднялся	pʌdnʲˈɑɭsʲʌ
пройдена	prˈojdʲina
свист	svʲˈist
отличается	ʌtɭʲitʃʲˈɑjitsʌ
поступь	pˈostupʲ
скот	skˈot
осыпь	ˈosypʲ
монет	mʌnʲˈet
тяжёлые	tʲaʒˈoɭyjɪ
воин	vˈoin
зверьё	zvʲirɪjˈɵ
наполовину	nʌpʌɭʌvʲˈinu
банк	bˈɑnk
повторяет	pʌftʌrʲˈɑjit
звучали	zvutʃʲˈɑɭʲɪ
разбита	razbʲˈita
пал	pˈɑɭ
наверх	navʲˈerx
лавки	ɭˈɑfkʲɪ
паруса	parˈusa
природы	prʲirˈody
вехи	vʲˈexɪ
чудовищ	tʃʲudˈovʲiɕ
нужное	nˈuʒnʌjɪ
панели	panʲˈeɭʲɪ
какое	kakˈojɪ
таких	takʲˈix
поставить	pʌstˈɑvʲitʲ
кнопку	knˈopku
одновременно	ʌdnʌvrʲimʲˈennʌ
осмотреться	ʌsmʌtrʲˈetsʌ
слотов	sɭʌtˈof
любую	ɭʲubˈuju
рельеф	rʲiɭjjˈef
порядку	pʌrʲˈɑtku
понять	pʌnʲˈɑtʲ
кнопке	knˈopkʲi
инвентаря	ɪnvʲintarʲˈɑ
десятой	dʲisʲˈɑtʌj
впустую	fpustˈuju
глазами	ɡɭazˈɑmʲɪ
ищите	ɪɕˈitʲi
лишнего	ɭʲˈiʃnʲivʌ
прибавилось	prʲibˈɑvʲiɭʌsʲ
самые	sˈɑmyjɪ
вклад	fkɭˈɑt
вмешаться	vmʲiʃˈɑtsʌ
мастерства	mʌsʲtʲirstvˈɑ
моря	mˈorʲʌ
знал	znˈɑɭ
сделали	ʑdʲˈeɭʌɭʲɪ
дошёл	dʌʃˈoɭ
взгляда	vzɡɭʲˈɑda
мере	mʲˈerʲi
легендарный	ɭʲiɡʲindˈɑrnyj
империя	ɪmʲpʲˈerʲija
орда	ʌrdˈɑ
стражей	strˈɑʒyj
глухая	ɡɭuxˈɑja
заказчику	zakˈɑɕiku
откройте	ʌtkrˈojtʲi
дорогам	dʌrˈoɡʌm
рыбалка	rybˈɑɭka
каком	kakˈom
борта	bˈorta
нерея	nʲirʲˈeja
дальние	dˈɑɭʲnʲijɪ
относится	ʌtnˈosʲitsʌ
комната	kˈomnʌta
сквозняк	skvʌʑnʲˈɑk
выводит	vyvˈodʲit
картограф	kartˈoɡrʌf
весы	vʲisˈy
осадные	ʌsˈɑdnyjɪ
скат	skˈɑt
курса	kˈursa
соседей	sʌsʲˈedʲij
огню	ʌɡnʲˈu
льду	ɭʲdˈu
державу	dʲirʒˈɑvu
школу	ʃkˈoɭu
трое	trˈojɪ
тёмное	tʲˈɵmnʌjɪ
пишут	pʲˈiʃut
кузнечное	kuʑnʲˈetʃʲnʌjɪ
полную	pˈoɭnuju
делится	dʲˈeɭʲitsʌ
веха	vʲˈexa
чужими	tʃʲuʒˈymʲɪ
воевать	vʌjivˈɑtʲ
седмицу	sʲidmʲˈitsu
рукоять	rukʌˈjatʲ
лекарь	ɭʲˈekʌrɪ
таблицы	tabɭʲˈitsy
достать	dʌstˈɑtʲ
множителей	mnˈoʒytʲiɭʲij
бумага	bumˈɑɡa
астрал	astrˈɑɭ
закалка	zakˈɑɭka
штук	ʃtˈuk
инструмент	ɪnstrumʲˈent
обрядов	ʌbrʲˈɑdʌf
павшего	pˈɑfʃyvʌ
совместимость	sʌvmʲisʲtʲˈimʌstʲ
око	ˈokʌ
заперта	zʌpʲirtˈɑ
рассказывают	rasskˈɑzyvʌjut
шаблон	ʃabɭˈon
благодарность	bɭʌɡʌdˈɑrnʌstʲ
рудный	rˈudnyj
идите	ɪdʲˈitʲi
экспедиции	ɛkspʲidʲˈitsyɪ
спасение	spasʲˈenʲijɪ
моста	mʌstˈɑ
дорогой	dʌrˈoɡʌj
горсть	ɡˈorstʲ
крышей	krˈyʃyj
охрана	ʌxrˈɑna
бумаг	bumˈɑk
прод	prˈot
сошлись	sʌʃɭʲˈisʲ
округе	ʌkrˈuɡʲi
сошлось	sʌʃɭˈosʲ
полон	pˈoɭʌn
песчаная	pʲiɕˈɑnʌja
договора	dʌɡˈovʌra
душа	dˈuʃa
положить	pʌɭʌʒˈytʲ
ладонью	ɭadˈonjju
обыскать	ʌbyskˈɑtʲ
зале	zˈɑɭʲi
легло	ɭʲiɡɭˈo
дальней	dˈɑɭʲnʲij
тайника	tʌjnʲikˈɑ
языков	jazykˈof
буфф	bˈuff
зачар	zˈɑtʃʲʌr
осадки	ʌsˈɑtkʲɪ
мыто	mˈytʌ
именную	ɪmʲinnˈuju
алтарьможно	aɭtˈɑrɪmʌʒnʌ
чисти	tʃʲˈisʲtʲɪ
следующему	sɭʲˈedujuɕimu
пунктам	pˈunktʌm
разложены	razɭˈoʒyny
выключено	vˈykɭʲutʃʲinʌ
фразу	frˈɑzu
называть	nʌzyvˈɑtʲ
находит	naxˈodʲit
взведено	vzvʲidʲinˈo
сохранить	sʌxranʲˈitʲ
маршруты	marʃrˈuty
зоны	zˈony
мировые	mʲirʌvˈyjɪ
равновесие	rʌvnʌvʲˈesʲijɪ
осколки	ʌskˈoɭkʲɪ
древо	drʲˈevʌ
начале	natʃʲˈɑɭʲi
тз	tˌɛzˈɛ
система	sʲisʲtʲˈema
поднять	pʌdnʲˈɑtʲ
нота	nˈota
новой	nˈovʌj
включая	fkɭʲutʃʲˈɑja
настоящего	nʌstʌˈjaɕivʌ
путём	putʲˈɵm
ценой	tsynˈoj
кэш	kˈɛʃ
сведение	svʲidʲˈenʲijɪ
кусок	kusˈok
инвентаре	ɪnvʲintarʲˈe
управление	upravɭʲˈenʲijɪ
звуковые	zvukʌvˈyjɪ
лёгкий	ɭʲˈɵxkʲij
древнего	drʲˈevnʲivʌ
ряды	rʲadˈy
топях	tˈopʲʌx
треск	trʲˈesk
волки	vˈoɭkʲɪ
рынка	rˈynka
именные	ɪmʲinnˈyjɪ
портал	pʌrtˈɑɭ
сигнал	sʲiɡnˈɑɭ
слои	sɭʌˈɪ
послушать	pʌsɭˈuʃʌtʲ
шов	ʃˈof
разобран	razˈobrʌn
задания	zadˈɑnʲija
знамение	znamʲˈenʲijɪ
пояс	pˈojas
дозора	dʌzˈora
высокая	vysˈokʌja
путник	pˈutʲnʲik
капля	kˈɑpɭʲʌ
капает	kˈɑpʌjit
старой	stˈɑrʌj
хранение	xranʲˈenʲijɪ
свайпа	svˈɑjpa
пальцев	pˈɑɭʲtsyf
действует	dʲˈejstvujit
открытом	ʌtkrˈytʌm
важно	vˈɑʒnʌ
отпустить	ʌtpusʲtʲˈitʲ
снятие	sʲnʲˈɑtʲijɪ
короткое	kʌrˈotkʌjɪ
появляется	pʌjavɭʲˈɑjitsʌ
берёте	bʲirʲˈɵtʲi
городами	ɡʌrʌdˈɑmʲɪ
морем	mˈorʲim
плиты	pɭʲˈity
останков	ʌstˈɑnkʌf
резонанс	rʲizʌnˈɑns
вернулись	vʲirnˈuɭʲisʲ
странника	strˈɑnnʲika
вывозит	vyvʌʑˈit
пика	pʲˈika
палату	paɭˈɑtu
городах	ɡʌrʌdˈɑx
килем	kʲˈiɭʲim
народе	narˈodʲi
клятвы	kɭʲˈɑtvy
бури	bˈurʲɪ
урожай	urʌʒˈɑj
подгорный	pʌdɡˈornyj
разговоры	rʌzɡʌvˈory
становятся	stanˈovʲʌtsʌ
справа	sprˈɑva
закрытые	zakrˈytyjɪ
державами	dʲirʒˈɑvʌmʲɪ
платы	pɭˈɑty
слышите	sɭˈyʃytʲi
подземная	pʌdʲʑˈemnʌja
складываются	skɭˈɑdyvʌjutsʌ
копьё	kʌpjˈɵ
способность	spʌsˈobnʌstʲ
статуя	stˈɑtuja
вашу	vˈɑʃu
вот	vˈot
набора	nabˈora
сделал	ʑdʲˈeɭʌɭ
спросят	sprˈosʲʌt
длиннее	dɭʲinnʲˈejɪ
рух	rˈux
ястреб	ˈjastrʲip
тратится	trˈɑtʲitsʌ
усталость	ustˈɑɭʌstʲ
гномы	ɡnˈomy
русалки	rusˈɑɭkʲɪ
шаманы	ʃamˈɑny
молву	mʌɭvˈu
безымянный	bʲizymʲˈɑnnyj
соляные	sʌɭʲanˈyjɪ
империй	ɪmʲpʲˈerʲij
корона	kʌrˈona
надсмотрщик	natsmˈotrɕik
обрядчик	ʌbrʲˈɑttʃʲik
вторую	ftʌrˈuju
шпиль	ʃpʲˈilʲ
пятом	pʲˈɑtʌm
стражу	strˈɑʒu
возле	vˈozɭʲi
отвес	ʌtvʲˈes
уступают	ustupˈɑjut
семя	sʲˈemʲʌ
гнёзда	ɡnʲˈɵzda
кривой	krʲivˈoj
усилений	usʲiɭʲˈenʲij
талисман	tʌɭʲismˈɑn
унести	unʲisʲtʲˈɪ
знака	znˈɑka
попадает	pʌpadˈɑjit
гаснет	ɡˈɑsʲnʲit
пятой	pʲˈɑtʌj
открытие	ʌtkrˈytʲijɪ
вражда	vraʒdˈɑ
случайные	sɭutʃʲˈɑjnyjɪ
сплав	spɭˈɑf
пришли	prʲiʃɭʲˈɪ
торгу	tˈorɡu
кованая	kˈovʌnʌja
добавить	dʌbˈɑvʲitʲ
срыва	srˈyva
поры	pˈory
якорь	ˈjakʌrɪ
связи	svʲˈɑʑɪ
объясняет	ʌbjjasʲnʲˈɑjit
названа	nˈɑzvʌna
стояло	stʌˈjaɭʌ
любая	ɭʲubˈɑja
порождение	pʌrʌʒdʲˈenʲijɪ
боссы	bˈossy
факелов	fˈɑkʲiɭʌf
секрет	sʲikrʲˈet
средства	srʲˈetstva
научился	nʌutʃʲˈiɭsʲʌ
принеси	prʲinʲisʲˈɪ
причины	prʲitʃʲˈiny
сводом	svˈodʌm
городских	ɡʌrʌtskʲˈix
зимой	ʑimˈoj
чтут	tʃʲtˈut
вечная	vʲˈetʃʲnʌja
шёл	ʃˈoɭ
кормит	kˈormʲit
пошла	pʌʃɭˈɑ
переправа	pʲirʲiprˈɑva
чёрный	tʃʲˈɵrnyj
ледяная	ɭʲidʲanˈɑja
небес	nʲibʲˈes
услуги	usɭˈuɡʲɪ
отдал	ˈoddʌɭ
обычай	ʌbˈytʃʲʌj
целый	tsˈɛɭyj
жилу	ʒˈyɭu
никого	nʲikʌvˈo
счётчики	ɕˈɵttʃʲikʲɪ
притон	prʲitˈon
ладони	ɭadˈonʲɪ
берегу	bʲirʲˈeɡu
противоядие	prʌtʲivʌˈjadʲijɪ
предметов	prʲidmʲˈetʌf
счёта	ɕˈɵta
упрямство	uprʲˈɑmstvʌ
перевес	pʲirʲivʲˈes
соп	sˈop
ф	ˈɛf
отметки	ʌtmʲˈetkʲɪ
позади	pʌzadʲˈɪ
легли	ɭʲiɡɭʲˈɪ
прочитано	prʌtʃʲˈitʌnʌ
прочитана	prʌtʃʲˈitʌna
тайников	tʌjnʲikˈof
званый	zvˈɑnyj
насекомые	nʌsʲikˈomyjɪ
сокровище	sʌkrˈovʲiɕi
температура	tʲimʲpʲiratˈura
намерения	namʲˈerʲinʲija
прочность	prˈotʃʲnʌstʲ
ломает	ɭʌmˈɑjit
включено	fkɭʲutʃʲinˈo
полная	pˈoɭnʌja
режим	rʲiʒˈym
слоем	sɭˈojim
предыдущий	prʲidydˈuɕij
весёлые	vʲisʲˈɵɭyjɪ
ухо	ˈuxʌ
тембр	tʲˈembr
слышать	sɭˈyʃʌtʲ
выключены	vˈykɭʲutʃʲiny
идёте	ɪdʲˈɵtʲi
доступность	dʌstˈupnʌstʲ
жеста	ʒˈɛsta
окнах	ˈoknʌx
касании	kasˈɑnʲiɪ
караван	kʌravˈɑn
глубинные	ɡɭubʲˈinnyjɪ
символ	sʲˈimvʌɭ
расследования	rassɭʲˈedʌvʌnʲija
путей	putʲˈej
хранилище	xranʲˈiɭʲiɕi
подходит	pʌtxˈodʲit
прежняя	prʲˈeʒnʲʌja
прежним	prʲˈeʒnʲim
урона	urˈona
лечение	ɭʲitʃʲˈenʲijɪ
миром	mʲˈirʌm
заводит	zavˈodʲit
стояла	stʌˈjaɭa
каждым	kˈɑʒdym
глубокий	ɡɭubˈokʲij
руническое	runʲˈitʃʲiskʌjɪ
подземные	pʌdʲʑˈemnyjɪ
рядами	rʲadˈɑmʲɪ
вой	vˈoj
эхом	ˈɛxʌm
кракен	krˈɑkʲin
змей	zmʲˈej
учить	utʃʲˈitʲ
чудовища	tʃʲudˈovʲiɕʌ
вернее	vʲirnʲˈejɪ
сид	sʲˈit
оркестр	ʌrkʲˈestr
оставили	ʌstˈɑvʲiɭʲɪ
тихое	tʲˈixʌjɪ
глубокая	ɡɭubˈokʌja
дальних	dˈɑɭʲnʲix
сделка	ʑdʲˈeɭka
вариантов	vʌrʲiˈɑntʌf
реликвии	rʲiɭʲˈikvʲiɪ
праздника	prˈɑznʲika
рога	rˈoɡa
кошеле	kʌʃyɭʲˈe
алтари	aɭtarʲˈɪ
колокола	kʌɭˈokʌɭa
кузнеца	kuʑnʲitsˈɑ
кланхолл	kɭˈɑnxʌɭɭ
люд	ɭʲˈut
экране	ɛkrˈɑnʲi
условий	usɭˈovʲij
списки	spʲˈiskʲɪ
экрану	ɛkrˈɑnu
показать	pʌkazˈɑtʲ
переходит	pʲirʲixˈodʲit
команда	kʌmˈɑnda
карточке	kˈɑrtʌtʃʲkʲi
собственный	sˈopstvʲinnyj
помолиться	pʌmʌɭʲˈitsʌ
взаимодействовать	vzʌimʌdʲˈejstvʌvʌtʲ
выбирать	vybʲirˈɑtʲ
началось	nʌtʃʲaɭˈosʲ
другому	druɡˈomu
сбивает	zbʲivˈɑjit
хранит	xranʲˈit
ждать	ʒdˈɑtʲ
последняя	pʌsɭʲˈednʲʌja
границе	ɡranʲˈitsy
первыми	pʲˈervymʲɪ
сесть	sʲˈestʲ
учение	utʃʲˈenʲijɪ
выкупить	vˈykupʲitʲ
провести	prʌvʲisʲtʲˈɪ
своды	svˈody
единственным	jɪdʲˈinstvʲinnym
числу	tʃʲisɭˈu
нашёл	naʃˈoɭ
открытой	ʌtkrˈytʌj
перестают	pʲirʲistaˈjut
торговцев	tʌrɡˈoftsyf
делят	dʲˈeɭʲʌt
встаньте	fstˈɑnʲtʲi
воротами	vʌrˈotʌmʲɪ
сокровищница	sʌkrˈovʲiɕnʲitsa
снаряжение	snʌrʲaʒˈɛnʲijɪ
поручения	pʌrutʃʲˈenʲija
кланов	kɭˈɑnʌf
лавке	ɭˈɑfkʲi
сделки	ʑdʲˈeɭkʲɪ
злее	zɭʲˈejɪ
морская	mʌrskˈɑja
выбирается	vybʲirˈɑjitsʌ
глубинная	ɡɭubʲˈinnʌja
перейти	pʲirʲijtʲˈɪ
слагаемых	sɭaɡˈɑjimyx
гудят	ɡudʲˈɑt
погоды	pʌɡˈody
труд	trˈut
травой	travˈoj
свитками	svʲˈitkʌmʲɪ
глубину	ɡɭubʲinˈu
навыки	nˈɑvykʲɪ
жаровня	ʒarˈovnʲʌ
жёрнов	ʒˈornʌf
ящики	ˈjaɕikʲɪ
исполина	ɪspʌɭʲˈina
мотыльница	mʌtˈyɭʲnʲitsa
водится	vˈodʲitsʌ
наряд	narʲˈɑt
престола	prʲistˈoɭa
выводок	vˈyvʌdʌk
возят	vˈoʑʌt
драка	drˈɑka
стеклянный	sʲtʲikɭʲˈɑnnyj
сосуд	sʌsˈut
рукам	rukˈɑm
снимают	sʲnʲimˈɑjut
торговаться	tʌrɡʌvˈɑtsʌ
алхимии	aɭxˈimʲiɪ
вложенной	vɭˈoʒynnʌj
мер	mʲˈer
ими	ˈɪmʲɪ
трогает	trˈoɡʌjit
спрашивать	sprˈɑʃyvʌtʲ
контроля	kʌntrˈoɭʲʌ
недостаёт	nʲidʌstaˈɵt
закупка	zakˈupka
стальной	staɭʲnˈoj
сходится	sxˈodʲitsʌ
ею	jˈeju
стихию	sʲtʲixˈiju
указатель	ukazˈɑtʲilʲ
узкое	ˈuskʌjɪ
дорожает	dʌrʌʒˈɑjit
воли	vˈoɭʲɪ
договоров	dʌɡʌvˈorʌf
кожаный	kˈoʒʌnyj
лунный	ɭˈunnyj
архива	arxˈiva
способности	spʌsˈobnʌsʲtʲɪ
осколка	ʌskˈoɭka
хорошо	xʌrʌʃˈo
мировых	mʲirʌvˈyx
запретом	zaprʲˈetʌm
кварталов	kvartˈɑɭʌf
гомункулы	ɡʌmˈunkuɭy
краю	krˈɑju
древа	drʲˈeva
ветвей	vʲitvʲˈej
товарищество	tʌvˈɑrʲiɕistvʌ
убей	ubʲˈej
дойди	dʌjdʲˈɪ
деревню	dʲirʲˈevnʲu
перевалы	pʲirʲivˈɑɭy
войске	vˈojskʲi
драконья	drakˈonjja
горло	ɡˈorɭʌ
расходятся	rasxˈodʲʌtsʌ
холодом	xˈoɭʌdʌm
тысячу	tˈysʲʌtʃʲu
людьми	ɭʲudʲmʲˈɪ
цела	tsyɭˈɑ
месяц	mʲˈesʲʌts
важнее	vaʒnʲˈejɪ
руинах	ruˈinʌx
опц	ˈopts
проверки	prʌvʲˈerkʲɪ
верстака	vʲirstakˈɑ
вошёл	vʌʃˈoɭ
больно	bˈoɭʲnʌ
амулет	amuɭʲˈet
траве	travʲˈe
ночной	nʌtʃʲnˈoj
выросло	vˈyrʌsɭʌ
мутаген	mutˈɑɡʲin
варят	vˈɑrʲʌt
ягод	ˈjaɡʌt
поглощение	pʌɡɭʌɕˈenʲijɪ
держатель	dʲirʒˈɑtʲilʲ
душ	dˈuʃ
двойник	dvʌjnʲˈik
последствие	pʌsɭʲˈetstvʲijɪ
имущество	ɪmˈuɕistvʌ
частично	tʃʲasʲtʲˈitʃʲnʌ
полна	pʌɭnˈɑ
малыйбог	mʌɭyjbˈok
помощники	pʌmˈoʃnʲikʲɪ
носят	nˈosʲʌt
клык	kɭˈyk
соб	sˈop
начертать	nʌtʃʲirtˈɑtʲ
обезврежена	ʌbʲizvrʲˈeʒyna
яз	ˈjas
нав	nˈɑf
уступ	ustˈup
смесь	smʲˈesʲ
заживление	zʌʒyvɭʲˈenʲijɪ
входом	fxˈodʌm
пл	pˌɛˈɛɭ
манавосст	mʌnavˈosst
родословная	rʌdʌsɭˈovnʌja
старт	stˈɑrt
преф	prʲˈef
дем	dʲˈem
триггер	trʲˈiɡɡʲir
грстраниц	ɡrstranʲˈits
полностью	pˈoɭnʌstʲjju
жестам	ʒˈɛstʌm
кнопок	knˈopʌk
свайпы	svˈɑjpy
озвучки	ʌzvˈutʃʲkʲɪ
фона	fˈona
случаи	sɭˈutʃʲʌɪ
локации	ɭʌkˈɑtsyɪ
бочка	bˈotʃʲka
устройстве	ustrˈojstvʲi
глуше	ɡɭˈuʃy
изменения	ɪzmʲinʲˈenʲija
числе	tʃʲisɭʲˈe
разделах	raʑdʲˈeɭʌx
ощупыванием	ʌɕupyvˈɑnʲijim
даётся	daˈɵtsʌ
категории	kʌtʲiɡˈorʲiɪ
минуты	mʲinˈuty
выбранной	vˈybrʌnnʌj
щиты	ɕitˈy
слота	sɭˈota
союзы	sʌˈjuzy
рынки	rˈynkʲɪ
армии	ˈɑrmʲiɪ
синдикаты	sʲindʲikˈɑty
эсхатическая	ɛsxatʲˈitʃʲiskʌja
ваших	vˈɑʃyx
толпы	tˈoɭpy
запоминается	zʌpʌmʲinˈɑjitsʌ
плохо	pɭˈoxʌ
точности	tˈotʃʲnʌsʲtʲɪ
названный	nˈɑzvʌnnyj
мс	ˌɛmˈɛs
меру	mʲˈeru
больнее	bʌɭʲnʲˈejɪ
более	bˈoɭʲijɪ
третье	trʲˈetʲjjɪ
настоящими	nʌstʌˈjaɕimʲɪ
ставятся	stˈɑvʲʌtsʌ
показаны	pʌkˈɑzʌny
другая	druɡˈɑja
такте	tˈɑktʲi
звучал	zvutʃʲˈɑɭ
выключить	vˈykɭʲutʃʲitʲ
боевые	bʌjivˈyjɪ
стон	stˈon
хватало	xvatˈɑɭʌ
гарпии	ɡˈɑrpʲiɪ
каменной	kˈɑmʲinnʌj
решётка	rʲiʃˈotka
кружки	krˈuʃkʲɪ
смех	smʲˈex
разряд	razrʲˈɑt
монстры	mˈonstry
молодой	mʌɭʌdˈoj
банши	bˈɑnʃy
призрак	prʲˈizrʌk
фермер	fʲˈermʲir
каталога	kʌtaɭˈoɡa
конь	kˈonʲ
уровни	ˈurʌvnʲɪ
начинает	nʌtʃʲinˈɑjit
арфа	ˈɑrfa
двоих	dvʌˈix
снов	snˈof
ветров	vʲitrˈof
эпический	ɛpʲˈitʃʲiskʲij
закрыта	zakrˈyta
линия	ɭʲˈinʲija
флейта	fɭʲˈejta
памятью	pˈɑmʲʌtʲjju
замка	zˈɑmka
медленный	mʲˈedɭʲinnyj
маяка	mʌjakˈɑ
ноте	nˈotʲi
лекари	ɭʲˈekʌrʲɪ
причалы	prʲitʃʲˈɑɭy
взрыв	vzrˈyf
гибель	ɡʲˈibʲilʲ
подворье	pʌdvˈorɪjjɪ
синтезированных	sʲintʲiʑˈirʌvʌnnyx
существ	suɕˈestf
участники	utʃʲˈɑsnʲikʲɪ
попадать	pʌpadˈɑtʲ
элемент	ɛɭʲimʲˈent
включена	fkɭʲutʃʲinˈɑ
двигают	dvʲˈiɡʌjut
встречает	fstrʲitʃʲˈɑjit
случайно	sɭutʃʲˈɑjnʌ
значило	znˈɑtʃʲiɭʌ
объявлен	ʌbjˈjavɭʲin
портальной	pʌrtˈɑɭʲnʌj
заданий	zadˈɑnʲij
творит	tvʌrʲˈit
вовремя	vˈovrʲimʲʌ
оказалось	ʌkazˈɑɭʌsʲ
попал	pʌpˈɑɭ
пустого	pustˈovʌ
означает	ʌznatʃʲˈɑjit
спорит	spˈorʲit
поднимают	pʌdnʲimˈɑjut
быстрое	bˈystrʌjɪ
ремеслом	rʲimʲisɭˈom
занимается	zʌnʲimˈɑjitsʌ
выросли	vˈyrʌsɭʲɪ
уходить	uxʌdʲˈitʲ
верёвки	vʲirʲˈɵfkʲɪ
округу	ʌkrˈuɡu
скакуна	skʌkunˈɑ
сварить	svarʲˈitʲ
четырнадцати	tʃʲitˈyrnʌttsʌtʲɪ
самопроверка	sʌmʌprʌvʲˈerka
название	nazvˈɑnʲijɪ
вложенные	vɭˈoʒynnyjɪ
ловкость	ɭˈofkʌstʲ
взгляд	vzɡɭʲˈɑt
постройку	pʌstrˈojku
скрипит	skrʲipʲˈit
попытка	pʌpˈytka
стережёт	sʲtʲirʲiʒˈot
священный	svʲaɕˈennyj
готовые	ɡʌtˈovyjɪ
торговцу	tʌrɡˈoftsu
коснитесь	kʌsʲnʲˈitʲisʲ
мортана	mʌrtˈɑna
посвящён	pʌsvʲaɕˈɵn
теряется	tʲirʲˈɑjitsʌ
линии	ɭʲˈinʲiɪ
кем-то	kʲˈemtˈo
слышат	sɭˈyʃʌt
тихих	tʲˈixix
слобода	sɭʌbʌdˈɑ
стучит	stutʃʲˈit
вал	vˈɑɭ
льда	ɭʲdˈɑ
строем	strˈojim
кузне	kˈuʑnʲi
запомнить	zapˈomnʲitʲ
следопыт	sɭʲidʌpˈyt
обстановки	ʌpstanˈofkʲɪ
комод	kʌmˈot
содержимое	sʌdʲirʒˈymʌjɪ
названы	nˈɑzvʌny
шестьдесят	ʃystʲdʲisʲˈɑt
водопад	vʌdʌpˈɑt
девяносто	dʲivʲanˈostʌ
ног	nˈok
способом	spˈosʌbʌm
крылатая	kryɭˈɑtʌja
соседней	sʌsʲˈednʲij
хребет	xrʲibʲˈet
устаёт	ustaˈɵt
снос	snˈos
пике	pʲˈikʲi
гнездовье	ɡnʲizdˈovjjɪ
народу	narˈodu
говорится	ɡʌvʌrʲˈitsʌ
ткацкая	tkˈɑtskʌja
оружейная	ʌruʒˈɛjnʌja
дружба	drˈuʒba
гильдий	ɡʲˈiɭʲdʲij
орды	ˈordy
одних	ʌdnʲˈix
обычно	ʌbˈytʃʲnʌ
железный	ʒyɭʲˈeznyj
пепельная	pʲˈepʲiɭʲnʌja
пепельное	pʲˈepʲiɭʲnʌjɪ
гнилая	ɡnʲiɭˈɑja
сне	sʲnʲˈe
месть	mʲˈestʲ
шва	ʃvˈɑ
тёмного	tʲˈɵmnʌvʌ
сорокового	sʌrʌkʌvˈovʌ
издалека	ɪzdʌɭʲikˈɑ
наказание	nʌkazˈɑnʲijɪ
тайной	tˈɑjnʌj
башнях	bˈɑʃnʲʌx
трактат	traktˈɑt
дневник	dnʲivnʲˈik
скрижаль	skrʲiʒˈɑlʲ
пятидесятом	pʲʌtʲidʲisʲˈɑtʌm
знакомство	znakˈomstvʌ
братство	brˈɑtstvʌ
мор	mˈor
обломок	ʌbɭˈomʌk
восстановление	vʌsstʌnʌvɭʲˈenʲijɪ
гнезда	ɡnʲˈezda
обод	ˈobʌt
кузни	kˈuʑnʲɪ
владеет	vɭadʲˈejit
пустые	pustˈyjɪ
закона	zakˈona
весит	vʲˈesʲit
частям	tʃʲasʲtʲˈɑm
аспект	aspʲˈekt
гримуара	ɡrʲimˈuʌra
чару	tʃʲˈɑru
бумаги	bumˈɑɡʲɪ
решений	rʲiʃˈɛnʲij
требований	trʲˈebʌvʌnʲij
повесть	pˈovʲistʲ
перезарядка	pʲirʲizarʲˈɑtka
несёт	nʲisʲˈɵt
усиления	usʲiɭʲˈenʲija
выбрали	vˈybrʌɭʲɪ
переделы	pʲirʲidʲˈeɭy
кончаются	kʌntʃʲˈɑjutsʌ
клеёный	kɭʲiˈɵnyj
малого	mˈɑɭʌvʌ
гримуаре	ɡrʲimˈuʌrʲi
производных	prʌizvˈodnyx
харизма	xarʲˈizma
мысль	mˈyslʲ
лад	ɭˈɑt
всякое	fsʲˈɑkʌjɪ
рунные	rˈunnyjɪ
стебель	sʲtʲˈebʲilʲ
носить	nʌsʲˈitʲ
черту	tʃʲˈertu
осколков	ʌskˈoɭkʌf
полсотни	pʌɭsˈotʲnʲɪ
побывать	pʌbyvˈɑtʲ
стадия	stˈɑdʲija
туго	tˈuɡʌ
восемнадцать	vʌsʲimnˈɑttsʌtʲ
теле	tʲˈeɭʲi
отладочная	ʌtɭˈɑdʌtʃʲnʌja
босс	bˈoss
смотрителя	smʌtrʲˈitʲiɭʲʌ
знанием	znˈɑnʲijim
численность	tʃʲˈisɭʲinnʌstʲ
сделок	ʑdʲˈeɭʌk
учится	ˈutʃʲitsʌ
верхних	vʲˈerxnʲix
миры	mʲirˈy
последствий	pʌsɭʲˈetstvʲij
пасть	pˈɑstʲ
лежала	ɭʲiʒˈɑɭa
археология	arxiʌɭˈoɡʲija
архивист	arxivʲˈist
сотый	sˈotyj
платить	pɭatʲˈitʲ
большого	bʌɭʲʃˈovʌ
великих	vʲiɭʲˈikʲix
знали	znˈɑɭʲɪ
селение	sʲiɭʲˈenʲijɪ
пошлины	pˈoʃɭʲiny
эфирные	ɛfʲˈirnyjɪ
жемчуг	ʒˈɛmtʃʲuk
брод	brˈot
биома	bʲiˈoma
жребием	ʒrʲˈebʲijim
мох	mˈox
ровным	rˈovnym
мясо	mʲˈɑsʌ
видят	vʲˈidʲʌt
луны	ɭˈuny
куют	kuˈjut
кольца	kˈoɭʲtsa
форму	fˈormu
погоду	pʌɡˈodu
укрытие	ukrˈytʲijɪ
соли	sˈoɭʲɪ
менять	mʲinʲˈɑtʲ
готов	ɡʌtˈof
тяжёлое	tʲaʒˈoɭʌjɪ
мы	mˈy
соперник	sʌpʲˈernʲik
профиль	prˈofʲilʲ
бл	bˌɛˈɛɭ
отходит	ʌtxˈodʲit
падение	padʲˈenʲijɪ
чане	tʃʲˈɑnʲi
пространственная	prʌstrˈɑnstvʲinnʌja
эссенции	ɛsʲsʲˈentsyɪ
переставал	pʲirʲistavˈɑɭ
разное	rˈɑznʌjɪ
стойкость	stˈojkʌstʲ
снята	sʲnʲatˈɑ
наследство	nasɭʲˈetstvʌ
покров	pʌkrˈof
счёту	ɕˈɵtu
охотнее	ʌxˈotʲnʲijɪ
верхний	vʲˈerxnʲij
сборка	zbˈorka
изгнанник	ɪzɡnˈɑnnʲik
врага	vraɡˈɑ
скрытые	skrˈytyjɪ
догмат	dʌɡmˈɑt
выполнен	vˈypʌɭnʲin
смотрители	smʌtrʲˈitʲiɭʲɪ
доску	dˈosku
отказаться	ʌtkazˈɑtsʌ
напр	nˈɑpr
голубиная	ɡʌɭubʲˈinʌja
перегруз	pʲirʲiɡrˈus
исследовать	ɪssɭʲˈedʌvʌtʲ
молчанием	mʌɭtʃʲˈɑnʲijim
гл	ɡˌɛˈɛɭ
чаши	tʃʲˈɑʃy
обрывок	ʌbrˈyvʌk
существо	suɕistvˈo
дог	dˈok
великий	vʲiɭʲˈikʲij
квартала	kvartˈɑɭa
выучка	vˈyutʃʲka
предвестники	prʲidvʲˈesnʲikʲɪ
гн	ɡˌɛˈɛn
плохие	pɭʌxˈijɪ
сектор	sʲˈektʌr
лице	ɭʲitsˈɛ
лекция	ɭʲˈektsyja
надето	nadʲˈetʌ
открытии	ʌtkrˈytʲiɪ
шагу	ʃˈɑɡu
выбранный	vˈybrʌnnyj
перескакивает	pʲirʲiskˈɑkʲivʌjit
единый	jɪdʲˈinyj
ударов	udˈɑrʌf
удержание	udʲirʒˈɑnʲijɪ
возвращают	vʌzvraɕˈɑjut
озвучка	ʌzvˈutʃʲka
высоту	vysʌtˈu
сзади	zzˈɑdʲɪ
настоящим	nʌstʌˈjaɕim
вол	vˈoɭ
случая	sɭˈutʃʲʌja
угроза	uɡrˈoza
самым	sˈɑmym
дойдя	dʌjdʲˈɑ
задумано	zadˈumʌnʌ
мелкие	mʲˈeɭkʲijɪ
пространственные	prʌstrˈɑnstvʲinnyjɪ
выключен	vˈykɭʲutʃʲin
колоколом	kˈoɭʌkʌɭʌm
назван	nˈɑzvʌn
экосистема	ɛkʌsʲisʲtʲˈema
дуга	duɡˈɑ
маски	mˈɑskʲɪ
закрытия	zakrˈytʲija
бестиарий	bʲisʲtʲiˈɑrʲij
крафт	krˈɑft
нипи	nʲˈipʲɪ
системы	sʲisʲtʲˈemy
петли	pʲˈetɭʲɪ
заводить	zʌvʌdʲˈitʲ
обработчика	ʌbrabˈottʃʲika
такта	tˈɑkta
молчать	mʌɭtʃʲˈɑtʲ
правил	prˈɑvʲiɭ
разбирать	rʌzbʲirˈɑtʲ
стрелы	strʲˈeɭy
искры	ˈɪskry
крики	krʲˈikʲɪ
пустоте	pustʌtʲˈe
волк	vˈoɭk
далёкий	daɭʲˈɵkʲij
хрустальный	xrustˈɑɭʲnyj
тон	tˈon
щита	ɕitˈɑ
настоящих	nʌstʌˈjaɕix
заменяет	zʌmʲinʲˈɑjit
общие	ˈopɕijɪ
сплошной	spɭʌʃnˈoj
синтеза	sʲˈintʲiza
получить	pʌɭutʃʲˈitʲ
рвёт	rvʲˈɵt
понимает	pʌnʲimˈɑjit
звучала	zvutʃʲˈɑɭa
пустыни	pustˈynʲɪ
топей	tˈopʲij
затвор	zatvˈor
пропадает	prʌpadˈɑjit
упало	upˈɑɭʌ
истории	ɪstˈorʲiɪ
полей	pʌɭʲˈej
тьмы	tʲmˈy
разной	rˈɑznʌj
чистая	tʃʲˈistʌja
аномальной	anʌmˈɑɭʲnʌj
зоне	zˈonʲi
дозорный	dʌzˈornyj
забыли	zabˈyɭʲɪ
сдать	zdˈɑtʲ
корабль	kʌrˈɑblʲ
копка	kˈopka
листва	ɭʲistvˈɑ
глубинное	ɡɭubʲˈinnʌjɪ
местах	mʲistˈɑx
назвал	nazvˈɑɭ
знаков	znˈɑkʌf
прочитанное	prʌtʃʲˈitʌnnʌjɪ
нарушение	nʌruʃˈɛnʲijɪ
никак	nʲikˈɑk
нескольких	nʲˈeskʌɭʲkʲix
таблица	tabɭʲˈitsa
повторяют	pʌftʌrʲˈɑjut
поворот	pʌvʌrˈot
выбросить	vˈybrʌsʲitʲ
заняты	zˈɑnʲʌty
споры	spˈory
уг	ˈuk
единственное	jɪdʲˈinstvʲinnʌjɪ
получал	pʌɭutʃʲˈɑɭ
охотничий	ʌxˈotʲnʲitʃʲij
писать	pʲisˈɑtʲ
чистый	tʃʲˈistyj
фонарь	fʌnˈɑrɪ
ремеслу	rʲimʲisɭˈu
вглубь	vɡɭˈupʲ
открыли	ʌtkrˈyɭʲɪ
организации	ʌrɡʌnʲizˈɑtsyɪ
бросить	brˈosʲitʲ
кухня	kˈuxnʲʌ
сума	sumˈɑ
выпить	vˈypʲitʲ
биологический	bʲiʌɭʌɡʲˈitʃʲiskʲij
помощь	pˈomʌɕ
кончено	kˈontʃʲinʌ
указан	ukˈɑzʌn
сбора	zbˈora
показывается	pʌkˈɑzyvʌjitsʌ
половиной	pʌɭʌvʲˈinʌj
закрытое	zakrˈytʌjɪ
собрано	sˈobrʌnʌ
качества	kˈɑtʃʲistva
следа	sɭʲˈeda
подземельях	pʌdʲʑimʲˈeɭjjax
плечо	pɭʲitʃʲˈo
тома	tˈoma
рейд	rʲˈejt
порта	pˈorta
утопленники	utˈopɭʲinnʲikʲɪ
грузом	ɡrˈuzʌm
снасть	snˈɑstʲ
треска	trʲˈeska
кальмар	kaɭʲmˈɑr
занимает	zʌnʲimˈɑjit
аурис	aˈurʲis
селена	sʲiɭʲˈena
вечный	vʲˈetʃʲnyj
тарх	tˈɑrx
благосклонности	bɭʌɡʌskɭˈonnʌsʲtʲɪ
репутации	rʲiputˈɑtsyɪ
соседями	sʌsʲˈedʲʌmʲɪ
деревья	dʲirʲˈevjja
тракту	trˈɑktu
съезд	sjjˈest
пешком	pʲiʃkˈom
границу	ɡranʲˈitsu
напев	napʲˈef
колонна	kʌɭˈonna
засада	zasˈɑda
тайны	tˈɑjny
воздухе	vˈozduxi
грозу	ɡrʌzˈu
рынке	rˈynkʲi
шагните	ʃaɡnʲˈitʲi
объявляется	ʌbjjavɭʲˈɑjitsʌ
отпускает	ʌtpuskˈɑjit
чарами	tʃʲˈɑrʌmʲɪ
комнатах	kˈomnʌtʌx
насовсем	nʌsʌfsʲˈem
одноразовый	ʌdnʌrˈɑzʌvyj
било	bʲˈiɭʌ
сыплется	sˈypɭʲitsʌ
точило	tʌtʃʲˈiɭʌ
мешки	mʲiʃkʲˈɪ
призыв	prʲizˈyf
дереву	dʲˈerʲivu
слом	sɭˈom
брали	brˈɑɭʲɪ
слушатель	sɭˈuʃʌtʲilʲ
подвалы	pʌdvˈɑɭy
аракокры	arˈɑkʌkry
дракониды	drakˈonʲidy
стоя	stˈoja
кругами	kruɡˈɑmʲɪ
берегах	bʲirʲiɡˈɑx
кумирня	kumʲˈirnʲʌ
обеих	ʌbʲˈeix
прилавке	prʲiɭˈɑfkʲi
уговор	uɡʌvˈor
костью	kˈostʲjju
деревом	dʲˈerʲivʌm
узнали	uznˈɑɭʲɪ
орки	ˈorkʲɪ
утопшие	utˈopʃyjɪ
синод	sʲinˈot
утопший	utˈopʃyj
служка	sɭˈuʃka
отражает	ʌtraʒˈɑjit
сухо	sˈuxʌ
провалы	prʌvˈɑɭy
пещерные	pʲiɕˈernyjɪ
глубинных	ɡɭubʲˈinnyx
вернулось	vʲirnˈuɭʌsʲ
поставлен	pʌstˈɑvɭʲin
дезертир	dʲiʑirtʲˈir
продал	prˈodʌɭ
встретить	fstrʲˈetʲitʲ
приказ	prʲikˈɑs
гвоздь	ɡvˈosʲtʲ
карантин	kʌrantʲˈin
рудника	rudnʲikˈɑ
вложить	vɭʌʒˈytʲ
сложился	sɭʌʒˈyɭsʲʌ
рану	rˈɑnu
законов	zakˈonʌf
рычагов	rytʃʲaɡˈof
затягиваются	zatʲˈɑɡʲivʌjutsʌ
самому	samˈomu
номеру	nˈomʲiru
мини-босс	mʲˈinʲɪbˈoss
мёртвый	mʲˈɵrtvyj
перегрузка	pʲirʲiɡrˈuska
голову	ɡˈoɭʌvu
сделана	ʑdʲˈeɭʌna
запретное	zaprʲˈetnʌjɪ
технология	tʲixnʌɭˈoɡʲija
владык	vɭadˈyk
житницы	ʒˈytʲnʲitsy
обсидиан	ʌpsʲidʲiˈɑn
брал	brˈɑɭ
дальнее	dˈɑɭʲnʲijɪ
перезарядку	pʲirʲizarʲˈɑtku
причину	prʲitʃʲˈinu
заведено	zʌvʲidʲinˈo
становище	stanˈovʲiɕi
телеги	tʲiɭʲˈeɡʲɪ
вложенная	vɭˈoʒynnʌja
чего-то	tʃʲivˈotʌ
травяная	trʌvʲanˈɑja
угли	ˈuɡɭʲɪ
закупки	zakˈupkʲɪ
нейтралитет	nʲijtrʌɭʲitʲˈet
узнанное	ˈuznʌnnʌjɪ
полосу	pʌɭˈosu
волокно	vʌɭʌknˈo
пластина	pɭasʲtʲˈina
двухсот	dvuxsˈot
возможностей	vʌzmˈoʒnʌsʲtʲij
предтечи	prʲitʲtʲˈetʃʲɪ
форме	fˈormʲi
пепельного	pʲˈepʲiɭʲnʌvʌ
течёт	tʲitʃʲˈɵt
форм	fˈorm
лишний	ɭʲˈiʃnʲij
темно	tʲˈemnʌ
желание	ʒyɭˈɑnʲijɪ
служит	sɭˈuʒyt
начатые	nˈɑtʃʲʌtyjɪ
штрек	ʃtrʲˈek
переходный	pʲirʲixˈodnyj
иного	ɪnˈovʌ
решить	rʲiʃˈytʲ
сдаче	zdˈɑtʃʲi
морфозверей	mʌrfʌzvʲˈerʲij
комнате	kˈomnʌtʲi
сказал	skazˈɑɭ
углу	uɡɭˈu
защите	zaɕˈitʲi
морозные	mʌrˈoznyjɪ
голодных	ɡʌɭˈodnyx
углы	uɡɭˈy
насыпь	nˈɑsypʲ
гравий	ɡrˈɑvʲij
тёсаный	tʲˈɵsʌnyj
реку	rʲˈeku
перекрёстке	pʲirʲikrʲˈɵstkʲi
славу	sɭˈɑvu
палубы	pˈɑɭuby
всеми	fsʲˈemʲɪ
век	vʲˈek
долгов	dʌɭɡˈof
кормить	kʌrmʲˈitʲ
полной	pˈoɭnʌj
роща	rˈoɕʌ
оставил	ʌstˈɑvʲiɭ
совета	sʌvʲˈeta
записан	zapʲˈisʌn
дроблёная	drʌbɭʲˈɵnʌja
закалённый	zʌkaɭʲˈɵnnyj
правду	prˈɑvdu
пошлину	pˈoʃɭʲinu
дефицит	dʲifʲitsˈyt
штраф	ʃtrˈɑf
продано	prˈodʌnʌ
палате	paɭˈɑtʲi
прилавком	prʲiɭˈɑfkʌm
хеш	xˈeʃ
приношение	prʲinʌʃˈɛnʲijɪ
малый	mˈɑɭyj
сумке	sˈumkʲi
дротик	drˈotʲik
принял	prʲˈinʲʌɭ
торжище	tˈorʒyɕi
приходить	prʲixʌdʲˈitʲ
готовая	ɡʌtˈovʌja
рассвете	rassvʲˈetʲi
кладка	kɭˈɑtka
приход	prʲixˈot
запомнили	zapˈomnʲiɭʲɪ
кивает	kʲivˈɑjit
отверженный	ʌtvʲˈerʒynnyj
клятву	kɭʲˈɑtvu
стоило	stˈoiɭʌ
сумерки	sˈumʲirkʲɪ
полдень	pˈoɭdʲinʲ
полночь	pˈoɭnʌtʃʲ
холодная	xʌɭˈodnʌja
э	ˈɛ
портальный	pʌrtˈɑɭʲnyj
превращается	prʲivraɕˈɑjitsʌ
другими	druɡʲˈimʲɪ
закрытость	zakrˈytʌstʲ
звать	zvˈɑtʲ
проситься	prʌsʲˈitsʌ
начато	nˈɑtʃʲʌtʌ
чужом	tʃʲuʒˈom
устав	ustˈɑf
павших	pˈɑfʃyx
вернитесь	vʲirnʲˈitʲisʲ
имп	ˈɪmp
кожу	kˈoʒu
передать	pʲirʲidˈɑtʲ
учиться	utʃʲˈitsʌ
щуп	ɕˈup
сна	snˈɑ
пам	pˈɑm
голодный	ɡʌɭˈodnyj
нюх	nʲˈux
сыт	sˈyt
изучены	ɪzˈutʃʲiny
ближних	bɭʲˈiʒnʲix
лорд	ɭˈort
убивать	ubʲivˈɑtʲ
снаб	snˈɑp
поступил	pʌstupʲˈiɭ
нарушения	nʌruʃˈɛnʲija
заводи	zavˈodʲɪ
предатели	prʲidˈɑtʲiɭʲɪ
своёядро	svʌˈɵjadrʌ
перезаряд	pʲirʲizarʲˈɑt
свояст	svʌˈjast
защиты	zaɕˈity
страницу	stranʲˈitsu
ползунок	pʌɭzunˈok
загрузить	zʌɡruʑˈitʲ
пропустить	prʌpusʲtʲˈitʲ
собраны	sˈobrʌny
пунктами	pˈunktʌmʲɪ
интерфейс	ɪntɛrfˈɛjs
перескок	pʲirʲiskˈok
главных	ɡɭˈɑvnyx
панорама	pʌnʌrˈɑma
рассказчика	rasskˈɑɕika
высотой	vysʌtˈoj
повторяются	pʌftʌrʲˈɑjutsʌ
молотом	mˈoɭʌtʌm
последних	pʌsɭʲˈednʲix
персонаж	pʲirsʌnˈɑʃ
квесты	kvʲˈesty
отойти	ʌtʌjtʲˈɪ
артефактные	artʲifˈɑktnyjɪ
порядка	pʌrʲˈɑtka
легенда	ɭʲiɡʲˈenda
выключается	vykɭʲutʃʲˈɑjitsʌ
обычной	ʌbˈytʃʲnʌj
код	kˈot
замечает	zʌmʲitʃʲˈɑjit
изменилось	ɪzmʲinʲˈiɭʌsʲ
мгновенно	mɡnʌvʲˈennʌ
длина	dɭʲinˈɑ
продолжение	prʌdʌɭʒˈɛnʲijɪ
трещина	trʲˈeɕina
кричит	krʲitʃʲˈit
кружка	krˈuʃka
столе	stʌɭʲˈe
бьётся	bjˈɵtsʌ
птиц	ptʲˈits
добычей	dʌbˈytʃʲij
голем	ɡˈoɭʲim
долгий	dˈoɭɡʲij
разбойник	razbˈojnʲik
светлый	svʲˈetɭyj
петух	pʲitˈux
соседних	sʌsʲˈednʲix
каталоге	kʌtaɭˈoɡʲi
подошёл	pʌdʌʃˈoɭ
звучать	zvutʃʲˈɑtʲ
пила	pʲiɭˈɑ
ключом	kɭʲutʃʲˈom
закрывают	zʌkryvˈɑjut
покоя	pʌkˈoja
считались	ɕitˈɑɭʲisʲ
занимаются	zʌnʲimˈɑjutsʌ
заката	zakˈɑta
столько-то	stˈoɭʲkʌtˈo
сумку	sˈumku
десятый	dʲisʲˈɑtyj
сюжетное	sʲuʒˈɛtnʌjɪ
струна	strunˈɑ
медь	mʲˈetʲ
струнные	strˈunnyjɪ
сыграть	syɡrˈɑtʲ
каменные	kˈɑmʲinnyjɪ
наковальне	nʌkʌvˈɑɭʲnʲi
двойной	dvʌjnˈoj
поясе	pˈojasʲi
клинки	kɭʲinkʲˈɪ
плоский	pɭˈoskʲij
ближнего	bɭʲˈiʒnʲivʌ
кожи	kˈoʒy
канализация	kʌnʌɭʲizˈɑtsyja
стоки	stˈokʲɪ
оружейные	ʌruʒˈɛjnyjɪ
клады	kɭˈɑdy
появление	pʌjavɭʲˈenʲijɪ
слизь	sɭʲˈisʲ
атака	atˈɑka
доступна	dʌstˈupna
отмечает	ʌtmʲitʃʲˈɑjit
взяты	vʑˈɑty
карт	kˈɑrt
недоступна	nʲidʌstˈupna
крупное	krˈupnʌjɪ
взятые	vʑˈɑtyjɪ
текущим	tʲikˈuɕim
другую	druɡˈuju
лежал	ɭʲiʒˈɑɭ
повторяется	pʌftʌrʲˈɑjitsʌ
шестую	ʃystˈuju
сдвинулся	zdvʲˈinuɭsʲʌ
ответа	ʌtvʲˈeta
делал	dʲˈeɭʌɭ
молчала	mʌɭtʃʲˈɑɭa
собственного	sˈopstvʲinnʌvʌ
добраться	dʌbrˈɑtsʌ
нуля	nuɭʲˈɑ
тап	tˈɑp
сведения	svʲidʲˈenʲija
выполнить	vˈypʌɭnʲitʲ
отдавать	ʌddavˈɑtʲ
идёшь	ɪdʲˈɵʃ
ближайший	bɭʲiʒˈɑjʃyj
правилу	prˈɑvʲiɭu
пустом	pustˈom
считалось	ɕitˈɑɭʌsʲ
прилип	prʲiɭʲˈip
находится	naxˈodʲitsʌ
неспешное	nʲispʲˈeʃnʌjɪ
проведите	prʌvʲidʲˈitʲi
следу	sɭʲˈedu
обычным	ʌbˈytʃʲnym
писарь	pʲˈisʌrɪ
замечают	zʌmʲitʃʲˈɑjut
меча	mʲitʃʲˈɑ
жили	ʒˈyɭʲɪ
прощает	prʌɕˈɑjit
вышла	vˈyʃɭa
заголовку	zʌɡʌɭˈofku
заголовка	zʌɡʌɭˈofka
пределах	prʲidʲˈeɭʌx
торговцем	tʌrɡˈoftsym
привал	prʲivˈɑɭ
лагере	ɭˈɑɡʲirʲi
рыбачить	rybˈɑtʃʲitʲ
осуждённого	ʌsuʒdʲˈɵnnʌvʌ
убить	ubʲˈitʲ
небу	nʲˈebu
травник	trˈɑvnʲik
учился	utʃʲˈiɭsʲʌ
одержим	ʌdʲˈerʒym
взмаха	vzmˈɑxa
пустых	pustˈyx
выходило	vyxˈodʲiɭʌ
услышите	usɭˈyʃytʲi
ученика	utʃʲinʲikˈɑ
божественный	bʌʒˈɛstvʲinnyj
грубое	ɡrˈubʌjɪ
серебряных	sʲirʲˈebrʲʌnyx
рек	rʲˈek
республика	rʲispˈubɭʲika
островов	ʌstrʌvˈof
столице	stʌɭʲˈitsy
территория	tʲirrʲitˈorʲija
спокойно	spʌkˈojnʌ
зверем	zvʲˈerʲim
уровней	ˈurʌvnʲij
проходите	prʌxˈodʲitʲi
обычных	ʌbˈytʃʲnyx
рано	rˈɑnʌ
реликвию	rʲiɭʲˈikvʲiju
беженцы	bʲˈeʒyntsy
охраной	ʌxrˈɑnʌj
привезти	prʲivʲisʲtʲˈɪ
неф	nʲˈef
волной	vʌɭnˈoj
откупиться	ʌtkupʲˈitsʌ
вместимость	vmʲisʲtʲˈimʌstʲ
возить	vʌʑˈitʲ
удочка	ˈudʌtʃʲka
скумбрия	skˈumbrʲija
тунец	tunʲˈets
кальдер	kaɭʲdʲˈer
драконы	drakˈony
умбра	ˈumbra
хронар	xrˈonʌr
даров	darˈof
зовётся	zʌvʲˈɵtsʌ
выгодно	vˈyɡʌdnʌ
вёрсты	vʲˈɵrsty
берегов	bʲirʲiɡˈof
кузнечная	kuʑnʲˈetʃʲnʌja
пещере	pʲiɕˈerʲi
град	ɡrˈɑt
зола	zʌɭˈɑ
солома	sʌɭˈoma
полу	pˈoɭu
восемнадцати	vʌsʲimnˈɑttsʌtʲɪ
пятая	pʲˈɑtʌja
ярусом	ˈjarusʌm
низко	nʲˈiskʌ
сокрушительный	sʌkruʃˈytʲiɭʲnyj
изучение	ɪzutʃʲˈenʲijɪ
появляются	pʌjavɭʲˈɑjutsʌ
прибавляют	prʲibavɭʲˈɑjut
сундуках	sundukˈɑx
лечат	ɭʲˈetʃʲʌt
лежанка	ɭʲiʒˈɑnka
грибница	ɡrʲibnʲˈitsa
требуют	trʲˈebujut
двести	dvʲˈesʲtʲɪ
авторы	ˈɑftʌry
череп	tʃʲˈerʲip
угол	ˈuɡʌɭ
тратит	trˈɑtʲit
частота	tʃʲʌstʌtˈɑ
источников	ɪstˈotʃʲnʲikʌf
зала	zˈɑɭa
феи	fʲˈeɪ
пегасы	pʲiɡˈɑsy
поднялись	pʌdnʲaɭʲˈisʲ
кончится	kˈontʃʲitsʌ
достают	dʌstaˈjut
ясный	ˈjasnyj
дозоры	dʌzˈory
одинаковых	ʌdʲinˈɑkʌvyx
выгоднее	vˈyɡʌdnʲijɪ
промысла	prˈomysɭa
трети	trʲˈetʲɪ
рощ	rˈoɕ
чьи	tʃʲjˈɪ
скакуны	skʌkunˈy
именное	ɪmʲinnˈojɪ
жильная	ʒˈyɭʲnʌja
обратная	ʌbrˈɑtnʌja
дети	dʲˈetʲɪ
плотнее	pɭʌtʲnʲˈejɪ
единственные	jɪdʲˈinstvʲinnyjɪ
сотом	sˈotʌm
сотого	sˈotʌvʌ
глубиной	ɡɭubʲinˈoj
прибавляется	prʲibavɭʲˈɑjitsʌ
находок	naxˈodʌk
плечом	pɭʲitʃʲˈom
разного	rˈɑznʌvʌ
записывается	zapʲˈisyvʌjitsʌ
столица	stʌɭʲˈitsa
отступник	ʌtstˈupnʲik
здоровьем	zdʌrˈovjjim
букву	bˈukvu
содержание	sʌdʲirʒˈɑnʲijɪ
недород	nʲidʌrˈot
руднике	rudnʲikʲˈe
товаров	tʌvˈɑrʌf
пожар	pʌʒˈɑr
магическое	maɡʲˈitʃʲiskʌjɪ
направлению	nʌpravɭʲˈenʲiju
пороге	pʌrˈoɡʲi
мёртвым	mʲˈɵrtvym
оказывается	ʌkˈɑzyvʌjitsʌ
камер	kˈɑmʲir
пустым	pustˈym
гуще	ɡˈuɕi
действуют	dʲˈejstvujut
ключник	kɭʲˈutʃʲnʲik
сотворить	sʌtvʌrʲˈitʲ
учебник	utʃʲˈebnʲik
переплёт	pʲirʲipɭʲˈɵt
прячут	prʲˈɑtʃʲut
бумагу	bumˈɑɡu
видна	vʲidnˈɑ
штольню	ʃtˈoɭʲnʲu
названо	nˈɑzvʌnʌ
самих	samʲˈix
дипломатии	dʲipɭʌmˈɑtʲiɪ
подать	pʌdˈɑtʲ
глашатай	ɡɭaʃˈɑtʌj
сданные	zdˈɑnnyjɪ
доказательство	dʌkazˈɑtʲiɭʲstvʌ
иметь	ɪmʲˈetʲ
семени	sʲˈemʲinʲɪ
молния	mˈoɭnʲija
артефакторика	artʲifˈɑktʌrʲika
нашлось	naʃɭˈosʲ
прочего	prˈotʃʲivʌ
перезарядки	pʲirʲizarʲˈɑtkʲɪ
носителей	nʌsʲˈitʲiɭʲij
заряжают	zʌrʲaʒˈɑjut
малое	mˈɑɭʌjɪ
отбор	ʌdbˈor
телу	tʲˈeɭu
дыхания	dyxˈɑnʲija
эмбарго	ɛmbˈɑrɡʌ
перемирие	pʲirʲimʲˈirʲijɪ
дошла	dʌʃɭˈɑ
сложено	sɭˈoʒynʌ
шипит	ʃypʲˈit
наспех	nˈɑspʲix
качеством	kˈɑtʃʲistvʌm
архив	arxˈif
восстановлено	vʌsstanˈovɭʲinʌ
тактов	tˈɑktʌf
родство	rʌtstvˈo
развеивание	rʌzvʲiˈivʌnʲijɪ
луч	ɭˈutʃʲ
купол	kˈupʌɭ
тесно	tʲˈesnʌ
буква	bˈukva
запроса	zaprˈosa
культура	kuɭʲtˈura
районов	rajˈonʌf
подземных	pʌdʲʑˈemnyx
древнее	drʲivnʲˈejɪ
припасов	prʲipˈɑsʌf
жреца	ʒrʲitsˈɑ
напротив	naprˈotʲif
поставщик	pʌstafɕˈik
выполнено	vˈypʌɭnʲinʌ
неизвестное	nʲiizvʲˈesnʌjɪ
мифрил	mʲifrʲˈiɭ
вырос	vˈyrʌs
тропе	trʌpʲˈe
примете	prʲimʲˈetʲi
запомнят	zapˈomnʲʌt
комплексов	kˈompɭʲiksʌf
кровотечение	krʌvʌtʲitʃʲˈenʲijɪ
ран	rˈɑn
что-нибудь	ʃtonʲibˈutʲ
порядке	pʌrʲˈɑtkʲi
прародителей	prʌrʌdʲˈitʲiɭʲij
полурослики	pʌɭurˈosɭʲikʲɪ
зиму	ʑˈimu
севера	sʲˈevʲira
сход	sxˈot
родит	rʌdʲˈit
рельефу	rʲiɭjjˈefu
лесной	ɭʲisnˈoj
горная	ɡˈornʌja
проходят	prʌxˈodʲʌt
сходит	sxˈodʲit
расстояния	rʌsstʌˈjanʲija
ощупь	ˈoɕupʲ
морю	mˈorʲu
древней	drʲˈevnʲij
соперника	sʌpʲˈernʲika
века	vʲˈeka
свечи	svʲˈetʃʲɪ
взяла	vʑaɭˈɑ
ударил	udˈɑrʲiɭ
затопленных	zatˈopɭʲinnyx
пала	pˈɑɭa
проходы	prʌxˈody
мороз	mʌrˈos
убитой	ubʲˈitʌj
пряжа	prʲˈɑʒa
заготовка	zʌɡʌtˈofka
держим	dʲˈerʒym
учесть	utʃʲˈestʲ
следующего	sɭʲˈedujuɕivʌ
разбитая	razbʲˈitʌja
кормится	kˈormʲitsʌ
гостя	ɡˈosʲtʲʌ
серп	sʲˈerp
прегр	prʲˈeɡr
дворе	dvʌrʲˈe
крышка	krˈyʃka
трон	trˈon
донный	dˈonnyj
крупнее	krupnʲˈejɪ
тёплое	tʲˈɵpɭʌjɪ
светится	svʲˈetʲitsʌ
лодки	ɭˈotkʲɪ
ор	ˈor
огни	ʌɡnʲˈɪ
отдали	ʌddˈɑɭʲɪ
пускают	puskˈɑjut
нас	nˈɑs
сорта	sˈorta
магических	maɡʲˈitʃʲiskʲix
годная	ɡˈodnʌja
настой	nastˈoj
грибов	ɡrʲibˈof
растений	rasʲtʲˈenʲij
почва	pˈotʃʲva
алхимик	aɭxˈimʲik
ел	jˈeɭ
затопленный	zatˈopɭʲinnyj
ветхость	vʲˈetxʌstʲ
главная	ɡɭˈɑvnʌja
сын	sˈyn
дочь	dˈotʃʲ
силе	sʲˈiɭʲi
читали	tʃʲitˈɑɭʲɪ
занят	zˈɑnʲʌt
нарушил	narˈuʃyɭ
пок	pˈok
колено	kʌɭʲˈenʌ
договориться	dʌɡʌvʌrʲˈitsʌ
терпение	tʲirpʲˈenʲijɪ
положено	pʌɭˈoʒynʌ
восстановить	vʌsstʌnʌvʲˈitʲ
целы	tsˈɛɭy
коридор	kʌrʲidˈor
велит	vʲiɭʲˈit
речной	rʲitʃʲnˈoj
зимы	ʑˈimy
сделанное	ʑdʲˈeɭʌnnʌjɪ
круге	krˈuɡʲi
показывают	pʌkˈɑzyvʌjut
примет	prʲimʲˈet
ставили	stˈɑvʲiɭʲɪ
свитка	svʲˈitka
пятых	pʲˈɑtyx
выучено	vˈyutʃʲinʌ
перебрать	pʲirʲibrˈɑtʲ
полку	pˈoɭku
изгнать	ɪzɡnˈɑtʲ
пола	pˈoɭa
скрытый	skrˈytyj
техники	tʲˈexnʲikʲɪ
рецептов	rʲitsˈɛptʌf
расход	rasxˈot
од	ˈot
битые	bʲˈityjɪ
баз	bˈɑs
именованный	ɪmʲinˈovʌnnyj
трактиров	traktʲˈirʌf
жалует	ʒˈɑɭujit
рощи	rˈoɕɪ
приставка	prʲistˈɑfka
порчаход	pʌrtʃʲaxˈot
ид	ˈɪt
павший	pˈɑfʃyj
гдеискать	ɡdʲiiskˈɑtʲ
лиц	ɭʲˈits
полков	pʌɭkˈof
улучшений	uɭutʃˈɛnʲij
боевая	bʌjivˈɑja
противника	prʌtʲˈivnʲika
даль	dˈɑlʲ
простая	prʌstˈɑja
разговоре	rʌzɡʌvˈorʲi
коза	kʌzˈɑ
началу	natʃʲˈɑɭu
слушаются	sɭˈuʃʌjutsʌ
чтец	tʃʲtʲˈets
объявления	ʌbjjavɭʲˈenʲija
запросу	zaprˈosu
прерывается	prʲiryvˈɑjitsʌ
перебивает	pʲirʲibʲivˈɑjit
окружения	ʌkruʒˈɛnʲija
лицом	ɭʲitsˈom
ощупывания	ʌɕˈupyvʌnʲija
незрячих	nʲizrʲˈɑtʃʲix
умолчания	umʌɭtʃʲˈɑnʲija
спокойные	spʌkˈojnyjɪ
выгрузка	vˈyɡruska
лицензией	ɭʲitsˈɛnʑijij
автосохранение	aftʌsʌxranʲˈenʲijɪ
легендарные	ɭʲiɡʲindˈɑrnyjɪ
производственная	prʌizvˈotstvʲinnʌja
династии	dʲinˈɑsʲtʲiɪ
комплексы	kˈompɭʲiksy
отголоски	ʌdɡʌɭˈoskʲɪ
аномальная	anʌmˈɑɭʲnʌja
качеств	kˈɑtʃʲistf
озвучиваются	ʌzvˈutʃʲivʌjutsʌ
каналов	kanˈɑɭʌf
успевает	uspʲivˈɑjit
ключу	kɭʲutʃʲˈu
роняет	rʌnʲˈɑjit
выполняется	vypʌɭnʲˈɑjitsʌ
снимается	sʲnʲimˈɑjitsʌ
подтверждение	pʌdtvʲirʒdʲˈenʲijɪ
крупная	krˈupnʌja
обновляется	ʌbnʌvɭʲˈɑjitsʌ
услышит	usɭˈyʃyt
новости	nˈovʌsʲtʲɪ
оркестра	ʌrkʲˈestra
уход	uxˈot
сказанное	skˈɑzʌnnʌjɪ
достаётся	dʌstaˈɵtsʌ
замолкает	zʌmʌɭkˈɑjit
кладётся	kɭadʲˈɵtsʌ
играть	ɪɡrˈɑtʲ
фразы	frˈɑzy
исходе	ɪsxˈodʲi
скажут	skˈɑʒut
реплик	rʲˈepɭʲik
следит	sɭʲidʲˈit
игроком	ɪɡrʌkˈom
вернувшись	vʲirnˈufʃysʲ
повторять	pʌftʌrʲˈɑtʲ
искажение	ɪskaʒˈɛnʲijɪ
деревянный	dʲirʲivʲˈɑnnyj
вспышка	fspˈyʃka
крыльев	krˈyɭjjif
крупного	krˈupnʌvʌ
потусторонний	pʌtustʌrˈonnʲij
строит	strˈoit
вороте	vˈorʌtʲi
рядов	rʲadˈof
оседает	ʌsʲidˈɑjit
защитный	zaɕˈitnyj
существа	suɕistvˈɑ
тролль	trˈoɭlʲ
василиск	vʌsʲiɭʲˈisk
холодное	xʌɭˈodnʌjɪ
песчаный	pʲiɕˈɑnyj
попадание	pʌpadˈɑnʲijɪ
сова	sʌvˈɑ
ворон	vˈorʌn
руде	rudʲˈe
перезвон	pʲirʲizvˈon
короткая	kʌrˈotkʌja
снаряжения	snʌrʲaʒˈɛnʲija
мягкий	mʲˈɑxkʲij
казарма	kazˈɑrma
птица	ptʲˈitsa
полторы	pʌɭtʌrˈy
запасным	zʌpasnˈym
полных	pˈoɭnyx
предков	prʲˈetkʌf
сумеречный	sˈumʲirʲitʃʲnyj
кончилось	kˈontʃʲiɭʌsʲ
провалено	prʌvˈɑɭʲinʌ
полевой	pʌɭʲivˈoj
клавиши	kɭˈɑvʲiʃy
широкие	ʃyrˈokʲijɪ
переживает	pʲirʲiʒyvˈɑjit
уникальный	unʲikˈɑɭʲnyj
действительно	dʲijstvʲˈitʲiɭʲnʌ
цепью	tsˈɛpjju
железа	ʒyɭʲˈeza
жилой	ʒˈyɭʌj
инструмента	ɪnstrumʲˈenta
правителя	pravʲˈitʲiɭʲʌ
листве	ɭʲistvʲˈe
шорох	ʃˈorʌx
судьба	sudʲbˈɑ
стройка	strˈojka
папок	pˈɑpʌk
перестал	pʲirʲistˈɑɭ
свайпов	svˈɑjpʌf
рой	rˈoj
всплеск	fspɭʲˈesk
строится	strˈoitsʌ
устроена	ustrˈojina
свободных	svʌbˈodnyx
игр	ˈɪɡr
дано	danˈo
кладки	kɭˈɑtkʲɪ
лежать	ɭʲiʒˈɑtʲ
состоит	sʌstʌˈit
услышал	usɭˈyʃʌɭ
довод	dˈovʌt
обходит	ʌpxˈodʲit
руководства	rukʌvˈotstva
отвечать	ʌtvʲitʃʲˈɑtʲ
правки	prˈɑfkʲɪ
полю	pˈoɭʲu
выбранным	vˈybrʌnnym
свайпам	svˈɑjpʌm
фигур	fʲiɡˈur
команду	kʌmˈɑndu
творится	tvʌrʲˈitsʌ
игровом	ɪɡrʌvˈom
сетью	sʲˈetʲjju
ближайшее	bɭʲiʒˈɑjʃyjɪ
восьмой	vʌsʲmˈoj
молчал	mʌɭtʃʲˈɑɭ
назвала	nʌzvaɭˈɑ
опустился	ʌpusʲtʲˈiɭsʲʌ
нужного	nˈuʒnʌvʌ
полежавший	pʌɭʲiʒˈɑfʃyj
соседняя	sʌsʲˈednʲʌja
прежней	prʲˈeʒnʲij
стекла	sʲtʲˈekɭa
ведение	vʲidʲˈenʲijɪ
делали	dʲˈeɭʌɭʲɪ
начнёт	natʃʲnʲˈɵt
уступает	ustupˈɑjit
назначенный	naznˈɑtʃʲinnyj
ниоткуда	nʲiʌtkˈuda
считали	ɕitˈɑɭʲɪ
счётная	ɕˈɵtnʌja
разбирают	rʌzbʲirˈɑjut
смыслу	smˈysɭu
десятков	dʲisʲˈɑtkʌf
относятся	ʌtnˈosʲʌtsʌ
позвать	pʌzvˈɑtʲ
семью	sʲimʲjˈju
поглотить	pʌɡɭʌtʲˈitʲ
сроки	srˈokʲɪ
отказом	ʌtkˈɑzʌm
недоступно	nʲidʌstˈupnʌ
старых	stˈɑryx
строке	strʌkʲˈe
висят	vʲisʲˈɑt
проигрывает	prʌˈiɡryvʌjit
стужи	stˈuʒy
уровнем	ˈurʌvnʲim
ступенями	stupʲˈenʲʌmʲɪ
продажи	prʌdˈɑʒy
доносится	dʌnˈosʲitsʌ
насмерть	nˈɑsmʲirtʲ
взлом	vzɭˈom
поставка	pʌstˈɑfka
сдвигают	zdvʲiɡˈɑjut
покровителя	pʌkrʌvʲˈitʲiɭʲʌ
вербовщик	vʲirbˈofɕik
втридорога	ftrʲˈidʌrʌɡa
наём	naˈɵm
засады	zasˈɑdy
трюме	trʲˈumʲi
довезти	dʌvʲisʲtʲˈɪ
киля	kʲˈiɭʲʌ
бегство	bʲˈekstvʌ
записаны	zapʲˈisʌny
делаются	dʲˈeɭʌjutsʌ
салака	saɭˈɑka
приносит	prʲinˈosʲit
морах	mˈorʌx
сны	snˈy
бывают	byvˈɑjut
киркой	kʲirkˈoj
перекрёстки	pʲirʲikrʲˈɵstkʲɪ
ближние	bɭʲˈiʒnʲijɪ
связывает	svʲˈɑzyvʌjit
найденные	nˈɑjdʲinnyjɪ
скидку	skʲˈitku
сняли	sʲnʲˈɑɭʲɪ
сквозняком	skvʌʑnʲakˈom
сухим	suxˈim
треском	trʲˈeskʌm
вестник	vʲˈesnʲik
рассыпается	rʌssypˈɑjitsʌ
поднявшись	pʌdnʲˈɑfʃysʲ
сели	sʲˈeɭʲɪ
мрамор	mrˈɑmʌr
ярусами	ˈjarusʌmʲɪ
понятно	pʌnʲˈɑtnʌ
слабый	sɭˈɑbyj
носители	nʌsʲˈitʲiɭʲɪ
навыков	nˈɑvykʌf
архивы	arxˈivy
вчетверо	ftʃʲˈetvʲirʌ
обрывки	ʌbrˈyfkʲɪ
садятся	sadʲˈɑtsʌ
шагнули	ʃaɡnˈuɭʲɪ
лечебные	ɭʲitʃʲˈebnyjɪ
тянут	tʲˈɑnut
слышимости	sɭˈyʃymʌsʲtʲɪ
спускаются	spuskˈɑjutsʌ
могут	mˌoɡut
пегасов	pʲiɡˈɑsʌf
аракокр	arˈɑkʌkr
клин	kɭʲˈin
вершине	vʲirʃˈynʲi
годам	ɡʌdˈɑm
ледяные	ɭʲidʲanˈyjɪ
исцелению	ɪstsyɭʲˈenʲiju
дождю	dʌʒdʲˈu
тишине	tʲiʃynʲˈe
чужому	tʃʲuʒˈomu
рудой	rudˈoj
кузнечный	kuʑnʲˈetʃʲnyj
подмастерье	pʌdmasʲtʲˈerɪjjɪ
предыдущей	prʲidydˈuɕij
переносит	pʲirʲinˈosʲit
поручений	pʌrutʃʲˈenʲij
клинком	kɭʲinkˈom
скрывает	skryvˈɑjit
войдёте	vʌjdʲˈɵtʲi
вдовы	vdˈovy
прочитанных	prʌtʃʲˈitʌnnyx
кровавый	krʌvˈɑvyj
тлеющий	tɭʲˈejuɕij
именами	ɪmʲinˈɑmʲɪ
поход	pʌxˈot
верхние	vʲˈerxnʲijɪ
кристальные	krʲistˈɑɭʲnyjɪ
карманы	karmˈɑny
штолен	ʃtˈoɭʲin
исполин	ɪspʌɭʲˈin
двадцатого	dvattsˈɑtʌvʌ
жадность	ʒˈɑdnʌstʲ
самоцветы	sʌmʌtsvʲˈety
выпадет	vˈypʌdʲit
ямы	ˈjamy
связка	svʲˈɑska
случайный	sɭutʃʲˈɑjnyj
картой	kˈɑrtʌj
временное	vrʲimʲˈennʌjɪ
часам	tʃʲasˈɑm
ничто	nʲiʃtˈo
наледь	nˈɑɭʲitʲ
проступает	prʌstupˈɑjit
криво	krʲˈivʌ
расположение	rʌspʌɭʌʒˈɛnʲijɪ
мечом	mʲitʃʲˈom
снят	sʲnʲˈɑt
правилам	prˈɑvʲiɭʌm
рудное	rˈudnʌjɪ
чертёж	tʃʲirtʲˈɵʃ
тайну	tˈɑjnu
классов	kɭˈɑssʌf
молятся	mˈoɭʲʌtsʌ
чинить	tʃʲinʲˈitʲ
наотрез	nʌʌtrʲˈes
тысячах	tˈysʲʌtʃʲʌx
торопит	tʌrˈopʲit
множителя	mnˈoʒytʲiɭʲʌ
полк	pˈoɭk
обозный	ʌbˈoznyj
проверено	prʌvʲˈerʲinʌ
отдельная	ʌdʲdʲˈeɭʲnʌja
остаток	ʌstˈɑtʌk
ломают	ɭʌmˈɑjut
плавильня	pɭavʲˈiɭʲnʲʌ
недостающее	nʲidʌstaˈjuɕijɪ
контрабанда	kʌntrabˈɑnda
улице	ˈuɭʲitsy
выносливость	vynˈosɭʲivʌstʲ
концентрация	kʌntsyntrˈɑtsyja
стабильность	stabʲˈiɭʲnʌstʲ
водное	vˈodnʌjɪ
подсказывает	pʌtskˈɑzyvʌjit
следствие	sɭʲˈetstvʲijɪ
набеги	nabʲˈeɡʲɪ
доброго	dˈobrʌvʌ
знакомые	znakˈomyjɪ
крой	krˈoj
неудачи	nʲiudˈɑtʃʲɪ
рангом	rˈɑnɡʌm
редкостей	rʲˈetkʌsʲtʲij
реестре	rʲijˈestrʲi
разрешение	rʌzrʲiʃˈɛnʲijɪ
округа	ʌkrˈuɡa
держитесь	dʲirʒˈytʲisʲ
якоря	jakˈorʲʌ
розни	rˈoʑnʲɪ
изо	ˈɪzʌ
разломный	razɭˈomnyj
чуйка	tʃʲˈujka
лоза	ɭʌzˈɑ
осей	ʌsʲˈej
крепнет	krʲˈepnʲit
бродячих	brʌdʲˈɑtʃʲix
собранное	sˈobrʌnnʌjɪ
суточный	sˈutʌtʃʲnyj
фаз	fˈɑs
бежать	bʲiʒˈɑtʲ
боссов	bˈossʌf
округи	ʌkrˈuɡʲɪ
светом	svʲˈetʌm
святилища	svʲatʲˈiɭʲiɕʌ
множители	mnˈoʒytʲiɭʲɪ
отданное	ˈoddʌnnʌjɪ
собран	sˈobrʌn
иллюзии	ɪɭɭʲˈuʑiɪ
разойтись	rʌzʌjtʲˈisʲ
свести	svʲisʲtʲˈɪ
маскировка	mʌskʲirˈofka
мелко	mʲˈeɭkʌ
ремесленная	rʲimʲˈesɭʲinnʌja
называются	nʌzyvˈɑjutsʌ
звали	zvˈɑɭʲɪ
спускается	spuskˈɑjitsʌ
подгорного	pʌdɡˈornʌvʌ
камеры	kˈɑmʲiry
прятали	prʲˈɑtʌɭʲɪ
пришлые	prʲˈiʃɭyjɪ
закрываются	zʌkryvˈɑjutsʌ
добывают	dʌbyvˈɑjut
отряд	ʌtrʲˈɑt
прибыль	prʲˈibylʲ
доставка	dʌstˈɑfka
исследование	ɪssɭʲˈedʌvʌnʲijɪ
охоты	ʌxˈoty
шахтёр-исследователь	ʃaxtʲˈɵrɪssɭʲˈedʌvʌtʲilʲ
столом	stʌɭˈom
человеку	tʃʲiɭʌvʲˈeku
молитвы	mʌɭʲˈitvy
шума	ʃˈuma
воротах	vʌrˈotʌx
восьмую	vʌsʲmˈuju
башен	bˈɑʃyn
выросла	vˈyrʌsɭa
джинны	dʒˈynny
летом	ɭʲˈetʌm
племён	pɭʲimʲˈɵn
троп	trˈop
поколение	pʌkʌɭʲˈenʲijɪ
семена	sʲimʲinˈɑ
горнов	ɡˈornʌf
тихие	tʲˈixijɪ
векселя	vʲiksʲˈeɭʲʌ
вер	vʲˈer
когда-то	kʌɡdˈɑtʌ
точнее	tʌtʃʲnʲˈejɪ
переправы	pʲirʲiprˈɑvy
карст	kˈɑrst
имеют	ɪmʲˈejut
портала	pʌrtˈɑɭa
граница	ɡranʲˈitsa
поднял	pˈodnʲʌɭ
багряный	baɡrʲˈɑnyj
зелёный	ʑiɭʲˈɵnyj
ауриса	aˈurʲisa
недра	nʲˈedra
квадрат	kvadrˈɑt
трактах	trˈɑktʌx
покупают	pʌkupˈɑjut
стаи	stˈɑɪ
раса	rˈɑsa
оставила	ʌstˈɑvʲiɭa
крылатый	kryɭˈɑtyj
письма	pʲˈisʲma
нужды	nˈuʒdy
ковка	kˈofka
служат	sɭˈuʒʌt
дописать	dʌpʲisˈɑtʲ
теряют	tʲirʲˈɑjut
впадина	fpˈɑdʲina
сгорело	zɡʌrʲˈeɭʌ
шлифованная	ʃɭʲifʌvˈɑnnʌja
вываренная	vˈyvʌrʲinnʌja
жемчужница	ʒymtʃʲˈuʒnʲitsa
объявляют	ʌbjjavɭʲˈɑjut
самая	sˈɑmʌja
скидка	skʲˈitka
покупка	pʌkˈupka
новичок	nʌvʲitʃʲˈok
страже	strˈɑʒy
зданий	zdˈɑnʲij
везут	vʲizˈut
осаде	ʌsˈɑdʲi
период	pʲirʲˈiʌt
набат	nabˈɑt
подниматься	pʌdnʲimˈɑtsʌ
воздушный	vʌzdˈuʃnyj
обет	ʌbʲˈet
поставлена	pʌstˈɑvɭʲina
стенам	sʲtʲˈenʌm
пору	pˈoru
давление	davɭʲˈenʲijɪ
попало	pʌpˈɑɭʌ
работой	rabˈotʌj
предмета	prʲidmʲˈeta
корабля	kʌrabɭʲˈɑ
партия	pˈɑrtʲija
рыболовная	rybʌɭˈovnʌja
помнил	pˈomnʲiɭ
поселения	pʌsʲiɭʲˈenʲija
нише	nʲˈiʃy
водный	vˈodnyj
пополнен	pʌpˈoɭnʲin
нити	nʲˈitʲɪ
звёздоцвет	zvʲˈɵzdʌtsvʲit
теневой	tʲinʲivˈoj
ствол	stvˈoɭ
жильный	ʒˈyɭʲnyj
ниш	nʲˈiʃ
тяжести	tʲˈɑʒysʲtʲɪ
чёрном	tʃʲˈɵrnʌm
корней	kʌrnʲˈej
охотно	ʌxˈotnʌ
подмены	pʌdmʲˈeny
проверяют	prʌvʲirʲˈɑjut
охотники	ʌxˈotʲnʲikʲɪ
мёд	mʲˈɵt
вчера	ftʃʲirˈɑ
дышать	dyʃˈɑtʲ
пить	pʲˈitʲ
забывают	zʌbyvˈɑjut
инженер	ɪnʒynʲˈer
убил	ubʲˈiɭ
бриф	brʲˈif
съел	sjjˈeɭ
знакомы	znakˈomy
орг	ˈork
откроет	ʌtkrˈojit
разлому	razɭˈomu
выбора	vˈybʌra
проницательность	prʌnʲitsˈɑtʲiɭʲnʌstʲ
вполголоса	fpʌɭɡˈoɭʌsa
полчаса	pʌɭtʃʲasˈɑ
такую	takˈuju
возвращайтесь	vʌzvraɕˈɑjtʲisʲ
мостовщик	mʌstʌfɕˈik
ближ	bɭʲˈiʃ
читал	tʃʲitˈɑɭ
запомнил	zapˈomnʲiɭ
обошли	ʌbʌʃɭʲˈɪ
забрали	zabrˈɑɭʲɪ
свежие	svʲˈeʒyjɪ
сорвалась	sʌrvaɭˈɑsʲ
песню	pʲˈesʲnʲu
чей-то	tʃʲˈejtˈo
хватит	xvˈɑtʲit
живым	ʒyvˈym
полок	pʌɭˈok
блеска	bɭʲˈeska
старьёвщик	stʌrɪjˈɵfɕik
способа	spˈosʌba
цех	tsˈɛx
веществ	vʲiɕˈestf
целая	tsˈɛɭʌja
собираются	sʌbʲirˈɑjutsʌ
ист	ˈɪst
колодцы	kʌɭˈottsy
призвать	prʲizvˈɑtʲ
заключить	zʌkɭʲutʃʲˈitʲ
пусты	pustˈy
польза	pˈoɭʲza
прислушаться	prʲisɭˈuʃʌtsʌ
отошла	ʌtʌʃɭˈɑ
ярость	ˈjarʌstʲ
службу	sɭˈuʒbu
жребия	ʒrʲˈebʲija
режется	rʲˈeʒytsʌ
временные	vrʲimʲˈennyjɪ
причиной	prʲitʃʲˈinʌj
кузнечного	kuʑnʲˈetʃʲnʌvʌ
вх	vˌɛxˈɑ
кормчий	kˈormtʃʲij
влить	vɭʲˈitʲ
пот	pˈot
морф	mˈorf
колоколов	kʌɭʌkʌɭˈof
стана	stˈɑna
портальные	pʌrtˈɑɭʲnyjɪ
дуэль	duˈɛlʲ
фак	fˈɑk
дуэли	duˈɛɭʲɪ
числ	tʃʲˈisɭ
обл	ˈobɭ
ступеньимя	stupʲˈenjimʲʌ
вложвыб	vɭʌʒvˈyp
доп	dˈop
норма	nˈorma
кн	kˌɑˈɛn
режутся	rʲˈeʒutʲsʲʌ
ссылка	ssˈyɭka
файле	fˈɑjɭʲi
менял	mʲinʲˈɑɭ
начинал	nʌtʃʲinˈɑɭ
зрячий	zrʲˈɑtʃʲij
обычную	ʌbˈytʃʲnuju
историю	ɪstˈorʲiju
персонажа	pʲirsʌnˈɑʒa
оружии	ʌrˈuʒyɪ
эффекты	ɛffʲˈekty
кот	kˈot
снимите	sʲnʲimʲˈitʲi
шкала	ʃkaɭˈɑ
подробность	pʌdrˈobnʌstʲ
смене	smʲˈenʲi
расположения	rʌspʌɭʌʒˈɛnʲija
описания	ʌpʲisˈɑnʲija
расстоянием	rʌsstʌˈjanʲijim
фигуру	fʲiɡˈuru
чуткие	tʃʲˈutkʲijɪ
дошло	dʌʃɭˈo
сохранено	sʌxrʌnʲinˈo
указание	ukazˈɑnʲijɪ
обувь	ˈobufʲ
ингредиенты	ɪnɡrʲidʲijˈenty
хранилища	xranʲˈiɭʲiɕʌ
полкам	pˈoɭkʌm
праздники	prˈɑznʲikʲɪ
королевства	kʌrʌɭʲˈefstva
отпечатки	ʌtpʲitʃʲˈɑtkʲɪ
наставники	nastˈɑvnʲikʲɪ
выпадает	vypadˈɑjit
расстоянию	rʌsstʌˈjanʲiju
окликает	ʌkɭʲikˈɑjit
длинный	dɭʲˈinnyj
многопальцевый	mnʌɡʌpˈɑɭʲtsyvyj
кому-то	kʌmˈutʌ
ритм	rʲˈitm
обработчики	ʌbrabˈottʃʲikʲɪ
поднимаются	pʌdnʲimˈɑjutsʌ
умолчание	umʌɭtʃʲˈɑnʲijɪ
новым	nˈovym
правильно	prˈɑvʲiɭʲnʌ
лесом	ɭʲˈesʌm
паузу	pˈɑuzu
пауза	pˈɑuza
вперемешку	fpʲirʲimʲˈeʃku
произносит	prʌiznˈosʲit
живую	ʒyvˈuju
думает	dˈumʌjit
голосу	ɡˈoɭʌsu
доступны	dʌstˈupny
фразой	frˈɑzʌj
реплика	rʲˈepɭʲika
длинной	dɭʲˈinnʌj
тонкий	tˈonkʲij
магическим	maɡʲˈitʃʲiskʲim
звонкий	zvˈonkʲij
плоти	pɭˈotʲɪ
ствола	stvʌɭˈɑ
листвы	ɭʲistvˈy
человеческий	tʃʲiɭʌvʲˈetʃʲiskʲij
потрескивание	pʌtrʲˈeskʲivʌnʲijɪ
птичий	ptʲˈitʃʲij
зазывала	zʌzyvˈɑɭa
бросается	brʌsˈɑjitsʌ
замирает	zʌmʲirˈɑjit
стучат	stutʃʲˈɑt
очаге	ʌtʃʲaɡʲˈe
доске	dʌskʲˈe
грома	ɡrˈoma
ручей	rutʃʲˈej
открытия	ʌtkrˈytʲija
дракона	drakˈona
виверн	vʲˈivʲirn
медведь-старейшина	mʲidvʲˈetʲstarʲˈejʃyna
пустоши	pˈustʌʃy
болото	bʌɭˈotʌ
весёлых	vʲisʲˈɵɭyx
кошеля	kʌʃyɭʲˈɑ
интерфейса	ɪntɛrfˈɛjsa
подмена	pʌdmʲˈena
сцен	stsˈɛn
россыпь	rˈossypʲ
замах	zˈɑmʌx
выдают	vydaˈjut
петля	pʲitɭʲˈɑ
игрового	ɪɡrʌvˈovʌ
заводятся	zavˈodʲʌtsʌ
затишье	zatʲˈiʃjjɪ
побережья	pʌbʲirʲˈeʒjja
сад	sˈɑt
порчи	pˈortʃʲɪ
шрам	ʃrˈɑm
видом	vʲˈidʌm
зрячего	zrʲˈɑtʃʲivʌ
вступает	fstupˈɑjit
сдача	zdˈɑtʃʲʌ
взятие	vʑˈɑtʲijɪ
дорожная	dʌrˈoʒnʌja
свирель	svʲirʲˈelʲ
дальняя	dˈɑɭʲnʲʌja
призрачный	prʲˈizrʌtʃʲnyj
молота	mˈoɭʌta
гулкий	ɡˈuɭkʲij
долгое	dˈoɭɡʌjɪ
оставаться	ʌstavˈɑtsʌ
булькает	bˈuɭʲkʌjit
решёткой	rʲiʃˈotkʌj
котёл	kʌtʲˈɵɭ
корабельный	kʌrabʲˈeɭʲnyj
запасной	zʌpasnˈoj
влажный	vɭˈɑʒnyj
старшему	stˈɑrʃymu
приветствие	prʲivʲˈetstvʲijɪ
мотыга	mʌtˈyɡa
нижний	nʲˈiʒnʲij
гулы	ɡˈuɭy
мельница	mʲˈeɭʲnʲitsa
поверхностям	pʌvʲˈerxnʌsʲtʲʌm
обязана	ʌbʲˈɑzʌna
повороты	pʌvʌrˈoty
громада	ɡrʌmˈɑda
обязательно	ʌbʲazˈɑtʲiɭʲnʌ
живыми	ʒyvˈymʲɪ
пакет	pakʲˈet
общественное	ʌpɕˈestvʲinnʌjɪ
достояние	dʌstʌˈjanʲijɪ
потерь	pʌtʲˈerɪ
игрой	ɪɡrˈoj
трудно	trˈudnʌ
узкие	ˈuskʲijɪ
обрывает	ʌbryvˈɑjit
звучало	zvutʃʲˈɑɭʌ
ком	kˈom
срабатывало	srabˈɑtyvʌɭʌ
переносило	pʲirʲinʌsʲˈiɭʌ
сменился	smʲinʲˈiɭsʲʌ
закрылось	zakrˈyɭʌsʲ
разбирается	rʌzbʲirˈɑjitsʌ
сдвигает	zdvʲiɡˈɑjit
шкалы	ʃkˈɑɭy
вложенных	vɭˈoʒynnyx
политики	pʌɭʲˈitʲikʲɪ
клик	kɭʲˈik
объявление	ʌbjjavɭʲˈenʲijɪ
оборвать	ʌbʌrvˈɑtʲ
удобно	udˈobnʌ
уголки	uɡʌɭkʲˈɪ
привязок	prʲivʲˈɑzʌk
уголок	uɡʌɭˈok
родом	rˈodʌm
команды	kʌmˈɑndy
сделает	ʑdʲˈeɭʌjit
сменить	smʲinʲˈitʲ
девятого	dʲivʲˈɑtʌvʌ
двенадцатый	dvʲinˈɑttsʌtyj
терял	tʲirʲˈɑɭ
начатое	nˈɑtʃʲʌtʌjɪ
соседнюю	sʌsʲˈednʲuju
менялся	mʲinʲˈɑɭsʲʌ
карточку	kˈɑrtʌtʃʲku
двинулся	dvʲˈinuɭsʲʌ
умер	ˈumʲir
вынуто	vˈynutʌ
тройка	trˈojka
забирает	zʌbʲirˈɑjit
окном	ʌknˈom
широкий	ʃyrˈokʲij
расти	rasʲtʲˈɪ
подмастерья	pʌdmasʲtʲˈerɪjja
умеете	umʲˈejitʲi
разбираете	rʌzbʲirˈɑjitʲi
учатся	ˈutʃʲʌtʲsʲʌ
наугад	nʌuɡˈɑt
включён	fkɭʲutʃʲˈɵn
глав	ɡɭˈɑf
тек	tʲˈek
втором	ftʌrˈom
палуба	pˈɑɭuba
верёвкой	vʲirʲˈɵfkʌj
девятнадцать	dʲivʲatnˈɑttsʌtʲ
отвечал	ʌtvʲitʃʲˈɑɭ
взмахов	vzmˈɑxʌf
игровое	ɪɡrʌvˈojɪ
спросили	sprʌsʲˈiɭʲɪ
отрывая	ʌtryvˈɑja
стуком	stˈukʌm
включить	fkɭʲutʃʲˈitʲ
необычный	nʲiʌbˈytʃʲnyj
отличное	ʌtɭʲˈitʃʲnʌjɪ
ввозит	vvʌʑˈit
вольных	vˈoɭʲnyx
чащи	tʃʲˈɑɕɪ
полом	pˈoɭʌm
четверо	tʃʲˈetvʲirʌ
алтарём	aɭtarʲˈɵm
крафта	krˈɑfta
путями	putʲˈɑmʲɪ
поддаётся	pʌddaˈɵtsʌ
остаться	ʌstˈɑtsʌ
разнице	rˈɑʑnʲitsy
длиной	dɭʲinˈoj
ценах	tsˈɛnʌx
случаются	sɭutʃʲˈɑjutsʌ
наградой	naɡrˈɑdʌj
фронта	frˈonta
странницы	strˈɑnnʲitsy
ценам	tsˈɛnʌm
купеческий	kupʲˈetʃʲiskʲij
штиль	ʃtʲˈilʲ
приносят	prʲinˈosʲʌt
отход	ʌtxˈot
отмелей	ˈotmʲiɭʲij
вирм	vʲˈirm
вольная	vˈoɭʲnʌja
абордаж	abʌrdˈɑʃ
угорь	ˈuɡʌrɪ
портах	pˈortʌx
внимание	vnʲimˈɑnʲijɪ
луна	ɭunˈɑ
защиту	zaɕˈitu
войной	vʌjnˈoj
многих	mnˈoɡʲix
прогон	prʌɡˈon
вдвойне	vdvʌjnʲˈe
здешней	ʑdʲˈeʃnʲij
межи	mʲiʒˈy
войдя	vʌjdʲˈɑ
казармы	kazˈɑrmy
спуске	spˈuskʲi
дрожь	drˈoʃ
густеет	ɡusʲtʲˈejit
механизма	mʲixanʲˈizma
плитой	pɭʲitˈoj
пещерная	pʲiɕˈernʌja
площадка	pɭʌɕˈɑtka
вошли	vʌʃɭʲˈɪ
холодный	xʌɭˈodnyj
книгами	knʲˈiɡʌmʲɪ
столы	stʌɭˈy
картами	kˈɑrtʌmʲɪ
горное	ɡˈornʌjɪ
добыче	dʌbˈytʃʲi
толмач	tʌɭmˈɑtʃʲ
постоялые	pʌstʌˈjaɭyjɪ
ткацкий	tkˈɑtskʲij
курильница	kurʲˈiɭʲnʲitsa
песочные	pʲisˈotʃʲnyjɪ
астролябия	astrʌɭʲˈɑbʲija
смену	smʲˈenu
лечить	ɭʲitʃʲˈitʲ
войнах	vˈojnʌx
техника	tʲˈexnʲika
библиотеки	bʲibɭʲiʌtʲˈekʲɪ
альт	ˈɑɭʲt
середины	sʲirʲidʲˈiny
координата	kʌʌrdʲinˈɑta
потерять	pʌtʲirʲˈɑtʲ
определить	ʌprʲidʲiɭʲˈitʲ
спрашивая	sprˈɑʃyvʌja
клеткой	kɭʲˈetkʌj
дотянуться	dʌtʲanˈutsʌ
грозовой	ɡrʌzʌvˈoj
ударить	udˈɑrʲitʲ
летит	ɭʲitʲˈit
уводят	uvˈodʲʌt
порыв	pʌrˈyf
звёзды	zvʲˈɵzdy
умеют	umʲˈejut
затопленные	zatˈopɭʲinnyjɪ
ходах	xʌdˈɑx
стуже	stˈuʒy
остальным	ʌstaɭʲnˈym
влияет	vɭʲiˈjajit
народом	narˈodʌm
схода	sxˈoda
записана	zapʲˈisʌna
корневой	kʌrnʲivˈoj
применения	prʲimʲinʲˈenʲija
затонувшее	zʌtʌnˈufʃyjɪ
зеркалом	ʑˈerkʌɭʌm
щиколотку	ɕˈikʌɭʌtku
палат	paɭˈɑt
туманный	tumˈɑnnyj
каких	kakʲˈix
двойники	dvʌjnʲikʲˈɪ
безымянные	bʲizymʲˈɑnnyjɪ
хождение	xʌʒdʲˈenʲijɪ
погружение	pʌɡruʒˈɛnʲijɪ
конклав	kʌnkɭˈɑf
владения	vɭadʲˈenʲija
известен	ɪzvʲˈesʲtʲin
магмовые	maɡmˈovyjɪ
первородный	pʲirvʌrˈodnyj
подойдите	pʌdʌjdʲˈitʲi
слитки	sɭʲˈitkʲɪ
серебра	sʲirʲibrˈɑ
пограничный	pʌɡranʲˈitʃʲnyj
долгого	dˈoɭɡʌvʌ
солдат	sʌɭdˈɑt
гарнизона	ɡʌrnʲizˈona
сортов	sʌrtˈof
приговорённый	prʲiɡʌvʌrʲˈɵnnyj
довести	dʌvʲisʲtʲˈɪ
столба	stʌɭbˈɑ
соляная	sʌɭʲˈɑnʌja
стужный	stˈuʒnyj
светлая	svʲˈetɭʌja
ветровая	vʲitrʌvˈɑja
взятая	vʑˈɑtʌja
покупает	pʌkupˈɑjit
разошлись	rʌzʌʃɭʲˈisʲ
гнилое	ɡnʲiɭˈojɪ
строитель	strʌˈitʲilʲ
печь	pʲˈetʃʲ
скол	skˈoɭ
фракционное	frʌktsyˈonnʌjɪ
половины	pʌɭʌvʲˈiny
оправу	ʌprˈɑvu
выученные	vˈyutʃʲinnyjɪ
ровнее	rʌvnʲˈejɪ
кончились	kˈontʃʲiɭʲisʲ
зачаровать	zʌtʃʲʌrʌvˈɑtʲ
обходится	ʌpxˈodʲitsʌ
пределе	prʲidʲˈeɭʲi
забой	zabˈoj
отголосок	ʌdɡʌɭˈosʌk
коже	kˈoʒy
грозит	ɡrʌʑˈit
практика	prˈɑktʲika
творят	tvʌrʲˈɑt
специализацию	spʲitsyʌɭʲizˈɑtsyju
целью	tsˈɛɭjju
вину	vʲinˈu
разрушение	rʌzruʃˈɛnʲijɪ
штольня	ʃtˈoɭʲnʲʌ
армия	ˈɑrmʲija
религия	rʲiɭʲˈiɡʲija
пантеона	pʌntʲiˈona
сильно	sʲˈiɭʲnʌ
храму	xrˈɑmu
вывоза	vˈyvʌza
ввоз	vvˈos
спрашивается	sprˈɑʃyvʌjitsʌ
лунное	ɭˈunnʌjɪ
шёлк	ʃˈoɭk
вставка	fstˈɑfka
отзвучное	ʌdzvˈutʃʲnʌjɪ
кровное	krˈovnʌjɪ
эпоха	ɛpˈoxa
снадобья	snˈɑdʌbjja
где-либо	ɡdʲˈeɭʲˈibʌ
ходили	xʌdʲˈiɭʲɪ
костры	kʌstrˈy
щедрость	ɕˈedrʌstʲ
заряда	zarʲˈɑda
артефактор	artʲifˈɑktʌr
седьмую	sʲidʲmˈuju
высшее	vˈyʃʃyjɪ
десятки	dʲisʲˈɑtkʲɪ
четвёрка	tʃʲitvʲˈɵrka
плавильню	pɭavʲˈiɭʲnʲu
разбитой	razbʲˈitʌj
запретным	zaprʲˈetnym
цепей	tsypʲˈej
десятке	dʲisʲˈɑtkʲi
единой	jɪdʲˈinʌj
катакомбы	kʌtakˈomby
подаётся	pʌdaˈɵtsʌ
скале	skaɭʲˈe
вассалитет	vʌssʌɭʲitʲˈet
тебя	tʲibʲˈɑ
собрали	sʌbrˈɑɭʲɪ
секреты	sʲikrʲˈety
составы	sʌstˈɑvy
полуфабрикатов	pʌɭufʌbrʲikˈɑtʌf
режут	rʲˈeʒut
тридцатого	trʲittsˈɑtʌvʌ
склоняются	skɭʌnʲˈɑjutsʌ
кольчуга	kʌɭʲtʃʲˈuɡa
запертой	zˈɑpʲirtʌj
питает	pʲitˈɑjit
верная	vʲˈernʌja
способностей	spʌsˈobnʌsʲtʲij
пасти	pˈɑsʲtʲɪ
родству	rʌtstvˈu
рассыпался	rassˈypʌɭsʲʌ
звериный	zvʲirʲˈinyj
хватка	xvˈɑtka
стадии	stˈɑdʲiɪ
областях	ʌbɭasʲtʲˈɑx
спать	spˈɑtʲ
давала	davˈɑɭa
сознательно	sʌznˈɑtʲiɭʲnʌ
врачевание	vrʌtʃʲivˈɑnʲijɪ
ловушку	ɭʌvˈuʃku
метки	mʲˈetkʲɪ
слабеет	sɭabʲˈejit
облако	ˈobɭʌkʌ
работали	rabˈotʌɭʲɪ
размер	razmʲˈer
видите	vʲˈidʲitʲi
выдать	vˈydʌtʲ
границах	ɡranʲˈitsʌx
поставили	pʌstˈɑvʲiɭʲɪ
воле	vˈoɭʲi
гаснут	ɡˈɑsnut
рвут	rvˈut
пользу	pˈoɭʲzu
единого	jɪdʲˈinʌvʌ
предлагает	prʲidɭaɡˈɑjit
строили	strˈoiɭʲɪ
слабость	sɭˈɑbʌstʲ
бьёте	bjˈɵtʲi
трактире	traktʲˈirʲi
возит	vˈoʑit
разведчик	razvʲˈettʃʲik
костров	kʌstrˈof
дипломат	dʲipɭʌmˈɑt
стоустый	stʌˈustyj
дыры	dˈyry
правилами	prˈɑvʲiɭʌmʲɪ
крепи	krʲˈepʲɪ
минералы	mʲinʲirˈɑɭy
скрытых	skrˈytyx
кончалось	kʌntʃʲˈɑɭʌsʲ
скупщик	skˈupɕik
сдают	zdaˈjut
комендант	kʌmʲindˈɑnt
усиленный	usʲˈiɭʲinnyj
уносят	unˈosʲʌt
числится	tʃʲˈisɭʲitsʌ
выдача	vˈydʌtʃʲʌ
квартале	kvartˈɑɭʲi
праздников	prˈɑznʲikʌf
музыкой	mˈuzykʌj
могло	mʌɡɭˌo
прощание	prʌɕˈɑnʲijɪ
народам	narˈodʌm
буквы	bˈukvy
ходьба	xʌdʲbˈɑ
спящих	spʲˈɑɕix
вейры	vʲˈejry
звёздные	zvʲˈɵznyjɪ
ткачи	tkatʃʲˈɪ
верфи	vʲˈerfʲɪ
зверолюды	zvʲirˈoɭʲudy
кулак	kuɭˈɑk
лесная	ɭʲisnˈɑja
докуда	dʌkˈuda
веками	vʲikˈɑmʲɪ
дворов	dvʌrˈof
весомее	vʲisˈomʲijɪ
первых	pʲˈervyx
шуршит	ʃurʃˈyt
насыпи	nˈɑsypʲɪ
царской	tsˈɑrskʌj
плите	pɭʲitʲˈe
поймал	pʌjmˈɑɭ
колонны	kʌɭˈonny
перевала	pʲirʲivˈɑɭa
тоннель	tʌnnʲˈelʲ
показал	pʌkazˈɑɭ
бесплатно	bʲispɭˈɑtnʌ
стоячий	stʌˈjatʃʲij
перекрёстках	pʲirʲikrʲˈɵstkʌx
надбавка	nadbˈɑfka
коротких	kʌrˈotkʲix
мелкая	mʲˈeɭkʌja
тг	tˌɛɡˈɛ
горизонта	ɡʌrʲizˈonta
держаться	dʲirʒˈɑtsʌ
краем	krˈɑjim
мать	mˈɑtʲ
селены	sʲiɭʲˈeny
видеть	vʲˈidʲitʲ
хозяйка	xʌʑˈɑjka
костяк	kʌsʲtʲˈɑk
погребение	pʌɡrʲibʲˈenʲijɪ
родился	rʌdʲˈiɭsʲʌ
неохотно	nʲiʌxˈotnʌ
кормят	kˈormʲʌt
краденое	krˈɑdʲinʌjɪ
жилах	ʒˈyɭʌx
общим	ˈopɕim
бросили	brˈosʲiɭʲɪ
караванов	kʌravˈɑnʌf
табун	tabˈun
языке	jazykʲˈe
свидетелей	svʲidʲˈetʲiɭʲij
чем-то	tʃʲˈemtʌ
звёзд	zvʲˈɵst
правды	prˈɑvdy
понимают	pʌnʲimˈɑjut
проводники	prʌvʌdnʲikʲˈɪ
битвы	bʲˈitvy
печатей	pʲitʃʲˈɑtʲij
скорости	skˈorʌsʲtʲɪ
восстанавливают	vʌsstanˈɑvɭʲivʌjut
хранят	xranʲˈɑt
дурная	durnˈɑja
служить	sɭuʒˈytʲ
плоть	pɭˈotʲ
линзы	ɭʲˈinzy
короткие	kʌrˈotkʲijɪ
отмели	ʌtmʲˈeɭʲɪ
отменяет	ʌtmʲinʲˈɑjit
спят	spʲˈɑt
эпоху	ɛpˈoxu
встало	fstˈɑɭʌ
рыбой	rˈybʌj
трещины	trʲˈeɕiny
отдельного	ʌdʲdʲˈeɭʲnʌvʌ
полным	pˈoɭnym
выдержал	vˈydʲirʒʌɭ
пустотой	pustʌtˈoj
зима	ʑimˈɑ
короб	kˈorʌp
отборная	ʌdbˈornʌja
колотый	kˈoɭʌtyj
давало	davˈɑɭʌ
несут	nʲisˈut
узнано	ˈuznʌnʌ
лучшая	ɭˈutʃʲʃʌja
заплатить	zʌpɭatʲˈitʲ
нашла	naʃɭˈɑ
глазах	ɡɭazˈɑx
клановая	kɭanˈovʌja
поганка	pʌɡˈɑnka
уцелело	utsyɭʲˈeɭʌ
временный	vrʲˈemʲinnyj
ев	jˈef
съедает	sjjidˈɑjit
скоро	skˈorʌ
остального	ʌstaɭʲnˈovʌ
гарь	ɡˈɑrɪ
смолой	smʌɭˈoj
каравана	kʌravˈɑna
куплено	kˈupɭʲinʌ
общем	ˈopɕim
копали	kʌpˈɑɭʲɪ
звуку	zvˈuku
обломки	ʌbɭˈomkʲɪ
спину	spʲˈinu
глубь	ɡɭˈupʲ
временная	vrʲimʲˈennʌja
родни	rʌdnʲˈɪ
кострище	kʌstrʲˈiɕi
партии	pˈɑrtʲiɪ
нереи	nʲirʲˈeɪ
сорвалось	sʌrvaɭˈosʲ
купец	kupʲˈets
производная	prʌizvˈodnʌja
потеряно	pʌtʲˈerʲʌnʌ
жить	ʒˈytʲ
умбры	ˈumbry
кальдера	kaɭʲdʲˈera
железная	ʒyɭʲˈeznʌja
серебряная	sʲirʲˈebrʲʌnʌja
целебник	tsyɭʲibnʲˈik
горький	ɡˈorɪkʲij
ягода	ˈjaɡʌda
перламутр	pʲirɭamˈutr
цветок	tsvʲitˈok
корнем	kˈornʲim
нагрузка	naɡrˈuska
ниши	nʲˈiʃy
сработало	srabˈotʌɭʌ
редких	rʲˈetkʲix
тлеющих	tɭʲˈejuɕix
угля	uɡɭʲˈɑ
считанных	ɕˈitʌnnyx
снятых	sʲnʲˈɑtyx
настолько	nastˈoɭʲkʌ
моя	mˈoja
тысяча	tˈysʲʌtʃʲʌ
разошлась	rʌzʌʃɭˈɑsʲ
тарха	tˈɑrxa
хронара	xrʌnˈɑra
мораха	mʌrˈɑxa
постоянно	pʌstʌˈjannʌ
поваленное	pʌvˈɑɭʲinnʌjɪ
ниша	nʲˈiʃa
недавно	nʲidˈɑvnʌ
ушедший	uʃˈɛtʃyj
целым	tsˈɛɭym
бм	bˌɛˈɛm
наборы	nabˈory
кого-то	kʌvˈotʌ
посетитель	pʌsʲitʲˈitʲilʲ
родич	rˈodʲitʃʲ
прав	prˈɑf
ответить	ʌtvʲˈetʲitʲ
кчужим	ktʃʲˈuʒym
менялы	mʲinʲˈɑɭy
поступок	pʌstˈupʌk
обманул	ʌbmanˈuɭ
шантаж	ʃantˈɑʃ
отсутствие	ʌtsˈutstvʲijɪ
община	ʌpɕˈina
знати	znˈɑtʲɪ
одиночку	ʌdʲinˈotʃʲku
известны	ɪzvʲˈesny
говорили	ɡʌvʌrʲˈiɭʲɪ
поспорить	pʌspˈorʲitʲ
попросить	pʌprʌsʲˈitʲ
упирается	upʲirˈɑjitsʌ
кон	kˈon
вербовка	vʲirbˈofka
просить	prʌsʲˈitʲ
школах	ʃkˈoɭʌx
жителями	ʒˈytʲiɭʲʌmʲɪ
прогресс	prʌɡrʲˈess
расклад	raskɭˈɑt
кончился	kˈontʃʲiɭsʲʌ
разбойники	razbˈojnʲikʲɪ
темноты	tʲimnʌtˈy
голова	ɡʌɭʌvˈɑ
огней	ʌɡnʲˈej
подход	pʌtxˈot
возвращайся	vʌzvraɕˈɑjsʲʌ
неизвестного	nʲiizvʲˈesnʌvʌ
похоже	pʌxˈoʒy
внутренний	vnˈutrʲinnʲij
клановый	kɭˈɑnʌvyj
нападает	nʌpadˈɑjit
хороший	xʌrˈoʃyj
жильё	ʒyɭjˈɵ
полудня	pʌɭˈudnʲʌ
телом	tʲˈeɭʌm
случайных	sɭutʃʲˈɑjnyx
рассказ	rasskˈɑs
длине	dɭʲinʲˈe
наставников	nastˈɑvnʲikʌf
расхождения	rʌsxʌʒdʲˈenʲija
кострища	kʌstrʲˈiɕʌ
кадильница	kadʲˈiɭʲnʲitsa
магическую	maɡʲˈitʃʲiskuju
ловчего	ɭˈoftʃʲivʌ
отрава	ʌtrˈɑva
середина	sʲirʲidʲˈina
дышится	dˈyʃytsʌ
взамен	vzamʲˈen
слышали	sɭˈyʃʌɭʲɪ
кладкой	kɭˈɑtkʌj
незнакомые	nʲiznakˈomyjɪ
наговор	nʌɡʌvˈor
целое	tsˈɛɭʌjɪ
приходите	prʲixˈodʲitʲi
заметил	zamʲˈetʲiɭ
нечему	nʲˈetʃʲimu
изучена	ɪzˈutʃʲina
модуль	mˈodulʲ
огранка	ʌɡrˈɑnka
печи	pʲˈetʃʲɪ
горне	ɡˈornʲi
заточка	zatˈotʃʲka
компоненты	kʌmpʌnʲˈenty
редкого	rʲˈetkʌvʌ
немых	nʲimˈyx
учёба	utʃʲˈɵba
обзор	ʌbzˈor
сущностей	sˈuɕnʌsʲtʲij
окончании	ʌkʌntʃʲˈɑnʲiɪ
производные	prʌizvˈodnyjɪ
листья	ɭʲˈistʲjja
шлем	ʃɭʲˈem
копь	kˈopʲ
арсенал	arsʲinˈɑɭ
роднаграды	rʌdnˈɑɡrʌdy
пускает	puskˈɑjit
неизвестна	nʲiizvʲˈesna
толка	tˈoɭka
зова	zˈova
горожане	ɡʌrʌʒˈɑnʲi
поселений	pʌsʲiɭʲˈenʲij
схватки	sxvˈɑtkʲɪ
впалате	fpaɭˈɑtʲi
ост	ˈost
зарядить	zʌrʲadʲˈitʲ
конюшни	kʌnʲˈuʃnʲɪ
хаоса	xˈɑʌsa
организаций	ʌrɡʌnʲizˈɑtsyj
клыка	kɭykˈɑ
ой	ˈoj
маску	mˈɑsku
экзамену	ɛɡzˈɑmʲinu
гравитация	ɡrʌvʲitˈɑtsyja
ректорат	rʲiktʌrˈɑt
кафедра	kˈɑfʲidra
остаточная	ʌstˈɑtʌtʃʲnʌja
некромантия	nʲikrʌmˈɑntʲija
образец	ʌbraʑˈets
оск	ˈosk
зон	zˈon
задержать	zʌdʲirʒˈɑtʲ
накал	nakˈɑɭ
роднаястихия	rʌdnaˈjasʲtʲixija
родн	rˈodn
вещьстихия	vʲiɕsʲtʲˈixija
вэл	vˈɛɭ
школьное	ʃkˈoɭʲnʌjɪ
закр	zˈɑkr
незакрытых	nʲizakrˈytyx
создать	sʌzdˈɑtʲ
этап	ɛtˈɑp
имен	ɪmʲˈen
кеш	kʲˈeʃ
близкаясила	bɭʲiskaˈjasʲiɭa
любые	ɭʲubˈyjɪ
кода	kˈoda
мешают	mʲiʃˈɑjut
добавляется	dʌbavɭʲˈɑjitsʌ
настоящем	nʌstʌˈjaɕim
оставался	ʌstavˈɑɭsʲʌ
пролог	prʌɭˈok
открывал	ʌtkryvˈɑɭ
вынутом	vˈynutʌm
заголовки	zʌɡʌɭˈofkʲɪ
подложка	pʌdɭˈoʃka
фоновая	fˈonʌvʌja
наушниках	naˈuʃnʲikʌx
хотите	xʌtʲˈitʲi
горку	ɡˈorku
крыше	krˈyʃy
алтаре	aɭtarʲˈe
галочку	ɡˈɑɭʌtʃʲku
синтезатором	sʲintʲizˈɑtʌrʌm
телефоне	tʲiɭʲifˈonʲi
перечитать	pʲirʲitʃʲitˈɑtʲ
распорядитель	rʌspʌrʲadʲˈitʲilʲ
спроса	sprˈosa
сборе	zbˈorʲi
вибрация	vʲibrˈɑtsyja
подойти	pʌdʌjtʲˈɪ
петлёй	pʲitɭʲˈɵj
затуханием	zʌtuxˈɑnʲijim
игровые	ɪɡrʌvˈyjɪ
речью	rʲˈetʃʲjju
удержанием	udʲirʒˈɑnʲijim
стукните	stˈuknʲitʲi
выполнится	vˈypʌɭnʲitsʌ
сохраняется	sʌxranʲˈɑjitsʌ
перчатки	pʲirtʃʲˈɑtkʲɪ
аксессуары	aksʲissuˈɑry
боеприпасы	bʌjiprʲipˈɑsy
известные	ɪzvʲˈesnyjɪ
именованные	ɪmʲinˈovʌnnyjɪ
божественные	bʌʒˈɛstvʲinnyjɪ
аудиоэнциклопедия	audʲiʌɛntsykɭˈopʲidʲija
рейвенфордская	rʲijvʲinfˈortskʌja
науки	naˈukʲɪ
позиционный	pʌʑitsyˈonnyj
писк	pʲˈisk
сигналы	sʲiɡnˈɑɭy
единице	jɪdʲinʲˈitsy
каналы	kanˈɑɭy
распознавания	rʌspʌznavˈɑnʲija
перекат	pʲirʲikˈɑt
числам	tʃʲˈisɭʌm
опора	ʌpˈora
медленное	mʲˈedɭʲinnʌjɪ
вернул	vʲirnˈuɭ
боком	bˈokʌm
гасят	ɡˈɑsʲʌt
обработчиков	ʌbrabˈottʃʲikʌf
контекст	kʌntʲˈekst
обрывается	ʌbryvˈɑjitsʌ
остановка	ʌstanˈofka
шла	ʃɭˈɑ
обратный	ʌbrˈɑtnyj
приоритет	prʲiʌrʲitʲˈet
смертельная	smʲirtʲˈeɭʲnʌja
синтезатору	sʲintʲizˈɑtʌru
пустую	pustˈuju
куска	kuskˈɑ
отдельными	ʌdʲdʲˈeɭʲnymʲɪ
длинное	dɭʲˈinnʌjɪ
кончилась	kˈontʃʲiɭʌsʲ
следующую	sɭʲˈedujuɕuju
сторож	stˈorʌʃ
сборщик	zbˈorɕik
грязь	ɡrʲˈɑsʲ
основной	ʌsnʌvnˈoj
высокий	vysˈokʲij
кромки	krˈomkʲɪ
резкий	rʲˈeskʲij
версия	vʲˈersʲija
фэнтезийный	fɛntʲiʑˈijnyj
тлеющие	tɭʲˈejuɕijɪ
скотный	skˈotnyj
кабан	kabˈɑn
топот	tˈopʌt
ржавая	rʒˈɑvʌja
раскат	raskˈɑt
вдали	vdaɭʲˈɪ
дикий	dʲˈikʲij
энт	ˈɛnt
дорожный	dʌrˈoʒnyj
сухое	suxˈojɪ
гарпия-охотница	ɡˈɑrpʲijaʌxˈotʲnʲitsa
чайки	tʃʲˈɑjkʲɪ
кирки	kʲirkʲˈɪ
колокольчик	kʌɭʌkˈoɭʲtʃʲik
почему-то	pʌtʃʲimˈutʌ
выученное	vˈyutʃʲinnʌjɪ
выдавал	vydavˈɑɭ
синтезом	sʲˈintʲizʌm
громкости	ɡrˈomkʌsʲtʲɪ
звания	zvˈɑnʲija
равнины	ravnʲˈiny
тему	tʲˈemu
металлом	mʲitˈɑɭɭʌm
пояса	pˈojasa
теней	tʲinʲˈej
утренняя	ˈutrʲinnʲʌja
сдан	zdˈɑn
сообщение	sʌʌpɕˈenʲijɪ
выученный	vˈyutʃʲinnyj
варианта	vʌrʲiˈɑnta
таблице	tabɭʲˈitsy
ярусу	ˈjarusu
пещерах	pʲiɕˈerʌx
темнее	tʲimnʲˈejɪ
едва	jɪdvˈɑ
доспеха	dʌspʲˈexa
стойку	stˈojku
звоном	zvˈonʌm
тупик	tupʲˈik
мерный	mʲˈernyj
корпуса	kʌrpˈusa
поселение	pʌsʲiɭʲˈenʲijɪ
природный	prʲirˈodnyj
рудная	rˈudnʌja
ракушки	rakˈuʃkʲɪ
густой	ɡustˈoj
кристальный	krʲistˈɑɭʲnyj
кладке	kɭˈɑtkʲi
вира	vʲˈira
колодки	kʌɭˈotkʲɪ
пергамента	pʲirɡˈɑmʲinta
старейшины	starʲˈejʃyny
воина	vˈoina
путника	pˈutʲnʲika
иду	ɪdˈu
карточки	kˈɑrtʌtʃʲkʲɪ
знамения	znamʲˈenʲija
поющее	pʌˈjuɕijɪ
природа	prʲirˈoda
каменотёс	kʌmʲinʌtʲˈɵs
попасть	pʌpˈɑstʲ
гудение	ɡudʲˈenʲijɪ
звукового	zvukʌvˈovʌ
маяков	mʌjakˈof
проекта	prʌˈɛkta
автора	ˈɑftʌra
озвучивание	ʌzvˈutʃʲivʌnʲijɪ
коснулся	kʌsnˈuɭsʲʌ
началом	natʃʲˈɑɭʌm
съезжает	sjjiʒʒˈɑjit
достаточно	dʌstˈɑtʌtʃʲnʌ
вёл	vʲˈɵɭ
оторвался	ʌtʌrvˈɑɭsʲʌ
исчез	ɪɕˈes
соседний	sʌsʲˈednʲij
узлом	uzɭˈom
пропал	prʌpˈɑɭ
спорить	spˈorʲitʲ
называем	nʌzyvˈɑjim
тексты	tʲˈeksty
касаниями	kasˈɑnʲijamʲɪ
берём	bʲirʲˈɵm
читаем	tʃʲitˈɑjim
главного	ɡɭˈɑvnʌvʌ
отступает	ʌtstupˈɑjit
надёжнее	nadʲˈɵʒnʲijɪ
споров	spˈorʌf
привязка	prʲivʲˈɑska
фигура	fʲiɡˈura
перескочить	pʲirʲiskʌtʃʲˈitʲ
прошлого	prˈoʃɭʌvʌ
щелчком	ɕiɭtʃʲkˈom
снизиться	sʲnʲˈiʑitsʌ
трактом	trˈɑktʌm
ножнах	nˈoʒnʌx
выхода	vˈyxʌda
отнимать	ʌtʲnʲimˈɑtʲ
забыл	zabˈyɭ
очищена	ʌtʃʲˈiɕina
останавливается	ʌstanˈɑvɭʲivʌjitsʌ
причин	prʲitʃʲˈin
свайпами	svajpˈɑmʲɪ
подтверждает	pʌdtvʲirʒdˈɑjit
двум	dvˈum
никакой	nʲikakˈoj
названия	nazvˈɑnʲija
поворота	pʌvʌrˈota
вернёт	vʲirnʲˈɵt
отмечается	ʌtmʲitʃʲˈɑjitsʌ
считаем	ɕitˈɑjim
отвечало	ʌtvʲitʃʲˈɑɭʌ
оставалось	ʌstavˈɑɭʌsʲ
входил	fxʌdʲˈiɭ
лестнице	ɭʲˈesnʲitsy
понимал	pʌnʲimˈɑɭ
молчания	mʌɭtʃʲˈɑnʲija
нулю	nuɭʲˈu
неизбранный	nʲiizbrˈɑnnyj
ремесле	rʲimʲisɭʲˈe
ходите	xʌdʲˈitʲi
возвращаться	vʌzvraɕˈɑtsʌ
моток	mʌtˈok
покажет	pʌkˈɑʒyt
чуткости	tʃʲˈutkʌsʲtʲɪ
спокойнее	spʌkˈojnʲijɪ
труднее	trudnʲˈejɪ
сотня	sˈotʲnʲʌ
узнавал	uznavˈɑɭ
повторял	pʌftʌrʲˈɑɭ
нырнуть	nyrnˈutʲ
пристать	prʲistˈɑtʲ
острову	ˈostrʌvu
тронуть	trˈonutʲ
записная	zʌpʲisnˈɑja
книжка	knʲˈiʃka
станы	stˈɑny
чудеса	tʃʲudʲisˈɑ
прекратить	prʲikratʲˈitʲ
временно	vrʲˈemʲinnʌ
точке	tˈotʃʲkʲi
точное	tˈotʃʲnʌjɪ
падают	pˈɑdʌjut
продаются	prʌdaˈjutsʌ
надеть	nadʲˈetʲ
королевство	kʌrʌɭʲˈefstvʌ
вечной	vʲˈetʃʲnʌj
тавернах	tavʲˈernʌx
дворах	dvʌrˈɑx
поесть	pʌjˈestʲ
эскейп	ɛskʲˈejp
никакого	nʲikakˈovʌ
опытом	ˈopytʌm
материалов	mʌtʲirʲiˈɑɭʌf
тяжёлым	tʲaʒˈoɭym
шумит	ʃumʲˈit
подземном	pʌdʲʑˈemnʌm
военные	vʌjˈennyjɪ
связаны	svʲˈɑzʌny
богами	bʌɡˈɑmʲɪ
линию	ɭʲˈinʲiju
скиф	skʲˈif
рыбацкая	rybˈɑtskʌja
флот	fɭˈot
ватага	vatˈɑɡa
охрану	ʌxrˈɑnu
сроку	srˈoku
окунь	ˈokunʲ
продаётся	prʌdaˈɵtsʌ
саму	samˈu
торговли	tʌrɡˈovɭʲɪ
также	tˈɑɡʒy
рангу	rˈɑnɡu
расскажет	rasskˈɑʒyt
постоянный	pʌstʌˈjannyj
безликая	bʲizɭʲˈikʌja
странница	strˈɑnnʲitsa
милость	mʲˈiɭʌstʲ
поражении	pʌraʒˈɛnʲiɪ
шорохом	ʃˈorʌxʌm
жиле	ʒˈyɭʲi
стоячих	stʌˈjatʃʲix
концы	kʌntsˈy
стоячие	stʌˈjatʃʲijɪ
местность	mʲˈesnʌstʲ
ксилофон	ksʲiɭʌfˈon
ремесленный	rʲimʲˈesɭʲinnyj
приводит	prʲivˈodʲit
тел	tʲˈeɭ
рядовая	rʲʌdʌvˈɑja
медью	mʲˈedʲjju
шумом	ʃˈumʌm
тишиной	tʲiʃynˈoj
кристаллом	krʲistˈɑɭɭʌm
пещерный	pʲiɕˈernyj
главе	ɡɭavʲˈe
выйдете	vˈyjdʲitʲi
марше	mˈɑrʃy
набега	nabʲˈeɡa
открывать	ʌtkryvˈɑtʲ
хранителя	xranʲˈitʲiɭʲʌ
закат	zakˈɑt
руну	rˈunu
гремит	ɡrʲimʲˈit
осыпаются	ʌsypˈɑjutsʌ
очагом	ʌtʃʲaɡˈom
рабочие	rabˈotʃʲijɪ
травничество	travnʲˈitʃʲistvʌ
переписчик	pʲirʲipʲˈiɕik
твёрдая	tvʲˈɵrdʌja
кварталам	kvartˈɑɭʌm
остатки	ʌstˈɑtkʲɪ
траву	travˈu
объявлений	ʌbjjavɭʲˈenʲij
объявлена	ʌbjˈjavɭʲina
брошенная	brˈoʃynnʌja
зря	zrʲˈɑ
пригодится	prʲiɡʌdʲˈitsʌ
полено	pʌɭʲˈenʌ
отдаст	ʌddˈɑst
груда	ɡrˈuda
живность	ʒˈyvnʌstʲ
подгорные	pʌdɡˈornyjɪ
сдвигом	zdvʲˈiɡʌm
разницу	rˈɑʑnʲitsu
телефон	tʲiɭʲifˈon
набрать	nabrˈɑtʲ
сильфы	sʲˈiɭʲfy
фениксы	fʲˈenʲiksy
штормовые	ʃtʌrmʌvˈyjɪ
вирмы	vʲˈirmy
подчиняются	pʌttʃʲinʲˈɑjutsʌ
пешего	pʲˈeʃyvʌ
берегут	bʲirʲiɡˈut
охотится	ʌxˈotʲitsʌ
криком	krʲˈikʌm
горами	ɡʌrˈɑmʲɪ
порталы	pʌrtˈɑɭy
попадаются	pʌpadˈɑjutsʌ
соседние	sʌsʲˈednʲijɪ
големы	ɡʌɭʲˈemy
начинаются	nʌtʃʲinˈɑjutsʌ
свежая	svʲˈeʒʌja
товаром	tʌvˈɑrʌm
невозможно	nʲivʌzmˈoʒnʌ
молве	mʌɭvʲˈe
ракушку	rakˈuʃku
рощу	rˈoɕu
зелёная	ʑiɭʲˈɵnʌja
зверю	zvʲˈerʲu
стальное	staɭʲnˈojɪ
поветрие	pʌvʲˈetrʲijɪ
двойная	dvʌjnˈɑja
звёздная	zvʲˈɵznʌja
взглядом	vzɡɭʲˈɑdʌm
печатью	pʲitʃʲˈɑtʲjju
разбега	razbʲˈeɡa
укорачивает	ukʌrˈɑtʃʲivʌjit
угольный	uɡˈoɭʲnyj
костяное	kʌsʲtʲanˈojɪ
низины	nʲiʑˈiny
многорукий	mnʌɡʌrˈukʲij
терзающие	tʲirzˈɑjuɕijɪ
провозвестники	prʌvʌzvʲˈesnʲikʲɪ
харга	xˈɑrɡa
диархия	dʲiˈɑrxija
ковен	kˈovʲin
голодная	ɡʌɭˈodnʌja
заключают	zʌkɭʲutʃʲˈɑjut
сброшенное	zbrˈoʃynnʌjɪ
многие	mnˈoɡʲijɪ
кругов	kruɡˈof
копал	kʌpˈɑɭ
наземных	naʑˈemnyx
взятое	vʑˈɑtʌjɪ
снятой	sʲnʲˈɑtʌj
твердыне	tvʲirdˈynʲi
посаде	pʌsˈɑdʲi
окликают	ʌkɭʲikˈɑjut
сухого	suxˈovʌ
кормятся	kˈormʲʌtsʌ
мирами	mʲirˈɑmʲɪ
тёмному	tʲˈɵmnʌmu
судят	sˈudʲʌt
рот	rˈot
башней	bˈɑʃnʲij
огненная	ˈoɡnʲinnʌja
глубокой	ɡɭubˈokʌj
печатает	pʲitʃʲˈɑtʌjit
скупка	skˈupka
ледяное	ɭʲidʲanˈojɪ
поющий	pʌˈjuɕij
рамы	rˈɑmy
кузнечной	kuʑnʲˈetʃʲnʌj
одинаковы	ʌdʲinˈɑkʌvy
делала	dʲˈeɭʌɭa
вещами	vʲiɕˈɑmʲɪ
мифический	mʲifʲˈitʃʲiskʲij
сопротивлений	sʌprʌtʲivɭʲˈenʲij
отдельности	ʌdʲdʲˈeɭʲnʌsʲtʲɪ
зачарования	zʌtʃʲarˈovʌnʲija
обаяние	ʌbaˈjanʲijɪ
подводит	pʌdvˈodʲit
тяжёлого	tʲaʒˈoɭʌvʌ
скормить	skʌrmʲˈitʲ
требовать	trʲˈebʌvʌtʲ
зелий	ʑˈeɭʲij
носится	nˈosʲitsʌ
унесёте	unʲisʲˈɵtʲi
затягивается	zatʲˈɑɡʲivʌjitsʌ
пластами	pɭastˈɑmʲɪ
шестнадцати	ʃysnˈɑttsʌtʲɪ
попала	pʌpˈɑɭa
появились	pʌjavʲˈiɭʲisʲ
беглые	bʲˈeɡɭyjɪ
карман	karmˈɑn
временным	vrʲimʲˈennym
стартовый	stˈɑrtʌvyj
четверти	tʃʲˈetvʲirtʲɪ
врагов	vraɡˈof
пепелище	pʲipʲiɭʲˈiɕi
безопасность	bʲizʌpˈɑsnʌstʲ
посольство	pʌsˈoɭʲstvʌ
спросите	sprʌsʲˈitʲi
стоил	stˈoiɭ
возьмётся	vʌʑmʲˈɵtsʌ
хотят	xʌtʲˈɑt
просьбы	prˈoʑby
выведенное	vˈyvʲidʲinnʌjɪ
чешуя	tʃʲiʃuˈja
брони	brʌnʲˈɪ
разломе	razɭˈomʲi
снашивается	snˈɑʃyvʌjitsʌ
составителя	sʌstavʲˈitʲiɭʲʌ
признаки	prʲˈiznʌkʲɪ
бережливое	bʲirʲiʒɭʲˈivʌjɪ
тихим	tʲˈixim
общую	ˈopɕuju
утоптанная	utˈoptʌnnʌja
поглощать	pʌɡɭʌɕˈɑtʲ
энергию	ɛnˈɛrɡʲiju
носителя	nʌsʲˈitʲiɭʲʌ
заряжается	zʌrʲaʒˈɑjitsʌ
астральная	astrˈɑɭʲnʌja
собственные	sˈopstvʲinnyjɪ
сравнить	sravnʲˈitʲ
пришло	prʲiʃɭˈo
девятой	dʲivʲˈɑtʌj
крепко	krʲˈepkʌ
пределы	prʲidʲˈeɭy
срываются	sryvˈɑjutsʌ
переносимый	pʲirʲinʌsʲˈimyj
картины	kartʲˈiny
плетения	pɭʲitʲˈenʲija
счётчика	ɕˈɵttʃʲika
базовой	bˈɑzʌvʌj
значением	znatʃʲˈenʲijim
руинами	ruˈinʌmʲɪ
гробница	ɡrʌbnʲˈitsa
некрополе	nʲikrˈopʌɭʲi
стонет	stˈonʲit
двусторонний	dvustʌrˈonnʲij
риском	rʲˈiskʌm
родам	rˈodʌm
породой	pʌrˈodʌj
отковать	ʌtkʌvˈɑtʲ
камнерезная	kʌmnʲirʲˈeznʌja
мокрым	mˈokrym
клей	kɭʲˈej
тринадцати	trʲinˈɑttsʌtʲɪ
пустыми	pustˈymʲɪ
жребию	ʒrʲˈebʲiju
нерушимое	nʲiruʃˈymʌjɪ
достаются	dʌstaˈjutsʌ
звезда	zvʲizdˈɑ
машина	maʃˈyna
пожирание	pʌʒyrˈɑnʲijɪ
отпечатка	ʌtpʲitʃʲˈɑtka
вживить	vʒyvʲˈitʲ
слуха	sɭˈuxa
раздвигает	rʌzdvʲiɡˈɑjit
звуковую	zvukʌvˈuju
поступи	pʌstˈupʲɪ
отодвигает	ʌtʌdvʲiɡˈɑjit
вживления	vʒyvɭʲˈenʲija
прижился	prʲiʒˈyɭsʲʌ
упала	upˈɑɭa
городское	ɡʌrʌtskˈojɪ
тонкая	tˈonkʌja
пеплу	pʲˈepɭu
старшего	stˈɑrʃyvʌ
хаосу	xˈɑʌsu
порядком	pʌrʲˈɑtkʌm
дождём	dʌʒdʲˈɵm
широкое	ʃyrˈokʌjɪ
нрава	nrˈɑva
платится	pɭˈɑtʲitsʌ
лезет	ɭʲˈeʑit
систем	sʲisʲtʲˈem
разбора	razbˈora
отличался	ʌtɭʲitʃʲˈɑɭsʲʌ
сопротивления	sʌprʌtʲivɭʲˈenʲija
пьёт	pjˈɵt
четвёртом	tʃʲitvʲˈɵrtʌm
некромантии	nʲikrʌmˈɑntʲiɪ
составителем	sʌstavʲˈitʲiɭʲim
третью	trʲˈetʲjju
затухание	zʌtuxˈɑnʲijɪ
дыра	dyrˈɑ
богатство	bʌɡˈɑtstvʌ
разными	rˈɑznymʲɪ
синдиката	sʲindʲikˈɑta
записанный	zapʲˈisʌnnyj
прочтёт	prʌtʃʲtʲˈɵt
доводов	dˈovʌdʌf
поросёнок	pʌrʌsʲˈɵnʌk
сапоги	sʌpʌɡʲˈɪ
смеётся	smʲiˈɵtsʌ
бедой	bʲidˈoj
копий	kˈopʲij
разведку	razvʲˈetku
диверсант	dʲivʲirsˈɑnt
подводы	pʌdvˈody
теснит	tʲisʲnʲˈit
взялись	vʑaɭʲˈisʲ
записывают	zapʲˈisyvʌjut
деревьев	dʲirʲˈevjjif
тронул	trˈonuɭ
отличалась	ʌtɭʲitʃʲˈɑɭʌsʲ
артельный	artʲˈeɭʲnyj
миска	mʲˈiska
слепому	sɭʲipˈomu
лгать	ɭɡˈɑtʲ
ходок	xʌdˈok
объявлено	ʌbjˈjavɭʲinʌ
спорны	spˈorny
торговых	tʌrɡˈovyx
весов	vʲisˈof
взятого	vʑˈɑtʌvʌ
журнале	ʒurnˈɑɭʲi
соседнего	sʌsʲˈednʲivʌ
скрытого	skrˈytʌvʌ
крадущийся	kradˈuɕijsʲʌ
пролежало	prʌɭʲiʒˈɑɭʌ
поднятое	pˈodnʲʌtʌjɪ
заказчика	zakˈɑɕika
одинаковым	ʌdʲinˈɑkʌvym
награду	naɡrˈɑdu
прилив	prʲiɭʲˈif
большом	bʌɭʲʃˈom
восстанавливается	vʌsstanˈɑvɭʲivʌjitsʌ
сроком	srˈokʌm
канализационный	kʌnʌɭʲizʌtsyˈonnyj
большим	bˈoɭʲʃym
равновесия	rʌvnʌvʲˈesʲija
дешевеет	dʲiʃyvʲˈejit
спускаться	spuskˈɑtsʌ
малому	mˈɑɭʌmu
собственной	sˈopstvʲinnʌj
сомнение	sʌmnʲˈenʲijɪ
задана	zˈɑdʌna
селений	sʲiɭʲˈenʲij
координатах	kʌʌrdʲinˈɑtʌx
съест	sjjˈest
карлы	kˈɑrɭy
казну	kaznˈu
объявляет	ʌbjjavɭʲˈɑjit
наёмные	naˈɵmnyjɪ
ящеролюды	jaɕirˈoɭʲudy
тенеходцы	tʲinʲˈexʌttsy
проходе	prʌxˈodʲi
смолы	smˈoɭy
саламандры	sʌɭamˈɑndry
наги	naɡʲˈɪ
вервольфы	vʲirvˈoɭʲfy
циклопы	tsykɭˈopy
материка	mʌtʲirʲikˈɑ
способен	spʌsˈobʲin
военная	vʌjˈennʌja
дриады	drʲiˈɑdy
пеплом	pʲˈepɭʌm
литейная	ɭʲitʲˈejnʌja
счётчиков	ɕˈɵttʃʲikʌf
долгих	dˈoɭɡʲix
определяется	ʌprʲidʲiɭʲˈɑjitsʌ
чисел	tʃʲˈisʲiɭ
заброшенный	zabrˈoʃynnyj
решается	rʲiʃˈɑjitsʌ
перевал	pʲirʲivˈɑɭ
отрезок	ʌtrʲˈezʌk
замер	zˈɑmʲir
трактам	trˈɑktʌm
нач	nˈɑtʃʲ
обращении	ʌbraɕˈenʲiɪ
обходе	ʌpxˈodʲi
белый	bʲˈeɭyj
столицы	stʌɭʲˈitsy
падеж	padʲˈeʃ
наглухо	nˈɑɡɭuxʌ
портального	pʌrtˈɑɭʲnʌvʌ
заплачено	zapɭˈɑtʃʲinʌ
лесов	ɭʲisˈof
связность	svʲˈɑznʌstʲ
степь	sʲtʲˈepʲ
решётки	rʲiʃˈotkʲɪ
складка	skɭˈɑtka
сух	sˈux
тёпл	tʲˈɵpɭ
лед	ɭʲˈet
трещит	trʲiɕˈit
круглый	krˈuɡɭyj
вод	vˈot
озеро	ˈoʑirʌ
пустыне	pustˈynʲi
стальные	staɭʲnˈyjɪ
надвое	nˈɑdvʌjɪ
поворачивается	pʌvʌrˈɑtʃʲivʌjitsʌ
потери	pʌtʲˈerʲɪ
обмен	ʌbmʲˈen
казне	kaʑnʲˈe
прощают	prʌɕˈɑjut
зверей	zvʲirʲˈej
летописи	ɭʲˈetʌpʲisʲɪ
дешёвое	dʲiʃˈovʌjɪ
мостовая	mʌstʌvˈɑja
крепь	krʲˈepʲ
боем	bˈojim
начались	nʌtʃʲaɭʲˈisʲ
обещания	ʌbʲiɕˈɑnʲija
грузов	ɡrˈuzʌf
звёздами	zvʲˈɵzdʌmʲɪ
спешки	spʲˈeʃkʲɪ
ядовитые	jadʌvʲˈityjɪ
духи	dˈuxɪ
вынес	vˈynʲis
длится	dɭʲˈitsʌ
услуга	usɭˈuɡa
спал	spˈɑɭ
учеников	utʃʲinʲikˈof
подошли	pʌdʌʃɭʲˈɪ
плечи	pɭʲˈetʃʲɪ
спина	spʲinˈɑ
власти	vɭˈɑsʲtʲɪ
пламени	pɭˈɑmʲinʲɪ
ступенью	stupʲˈenjju
мездрёная	mʲizdrʲˈɵnʌja
выделанная	vˈydʲiɭʌnnʌja
трёпаное	trʲˈɵpʌnʌjɪ
поступки	pʌstˈupkʲɪ
затонувшие	zʌtʌnˈufʃyjɪ
сюзерен	sʲuʑirʲˈen
прилавки	prʲiɭˈɑfkʲɪ
видны	vʲidnˈy
бурю	bˈurʲu
вестей	vʲisʲtʲˈej
сложности	sɭˈoʒnʌsʲtʲɪ
купил	kupʲˈiɭ
новичкам	nʌvʲitʃʲkˈɑm
караванный	kʌravˈɑnnyj
нг	ˌɛŋɡˈɛ
сайты	sˈɑjty
закону	zakˈonu
безопаснее	bʲizʌpˈɑsʲnʲijɪ
разъезды	razjjˈezdy
вечеру	vʲˈetʃʲiru
мытарь	mˈytʌrɪ
разбойников	razbˈojnʲikʌf
часом	tʃʲˈɑsʌm
вороньё	vʌrʌnjˈɵ
целого	tsˈɛɭʌvʌ
промах	prˈomʌx
неизвестный	nʲiizvʲˈesnyj
пропадал	prʌpadˈɑɭ
процентов	prʌtsˈɛntʌf
проиграть	prʌiɡrˈɑtʲ
суше	sˈuʃy
портовый	pʌrtˈovyj
деревянная	dʲirʲivʲˈɑnnʌja
скрипка	skrʲˈipka
кларнет	kɭarnˈɛt
полёте	pʌɭʲˈɵtʲi
брошен	brˈoʃyn
вариант	vʌrʲiˈɑnt
панорамой	pʌnʌrˈɑmʌj
цвет	tsvʲˈet
передают	pʲirʲidaˈjut
телега	tʲiɭʲˈeɡa
ведётся	vʲidʲˈɵtsʌ
прохода	prʌxˈoda
остывает	ʌstyvˈɑjit
сумки	sˈumkʲɪ
сработала	srabˈotʌɭa
отвечала	ʌtvʲitʃʲˈɑɭa
жертвенник	ʒˈɛrtvʲinnʲik
качает	katʃʲˈɑjit
яда	ˈjada
медведь	mʲidvʲˈetʲ
опасности	ʌpˈɑsnʌsʲtʲɪ
заменяют	zʌmʲinʲˈɑjut
переходе	pʲirʲixˈodʲi
стеклом	sʲtʲikɭˈom
травами	trˈɑvʌmʲɪ
посадка	pʌsˈɑtka
оптом	ˈoptʌm
гнётся	ɡnʲˈɵtsʌ
поклёвки	pʌkɭʲˈɵfkʲɪ
разобрали	rʌzʌbrˈɑɭʲɪ
принят	prʲˈinʲʌt
мелководье	mʲiɭkʌvˈodʲjjɪ
крыши	krˈyʃy
отозвался	ʌtʌzvˈɑɭsʲʌ
усвоенные	usvˈojinnyjɪ
откуп	ˈotkup
сел	sʲˈeɭ
улицах	ˈuɭʲitsʌx
жалуются	ʒˈɑɭujutsʌ
остальных	ʌstaɭʲnˈyx
переписчиков	pʲirʲipʲˈiɕikʌf
железное	ʒyɭʲˈeznʌjɪ
разломов	razɭˈomʌf
гриб	ɡrʲˈip
слеза	sɭʲizˈɑ
вред	vrʲˈet
чёрной	tʃʲˈɵrnʌj
изъян	ɪzjˈjan
посол	pʌsˈoɭ
яме	ˈjamʲi
улуры	uɭˈury
думать	dˈumʌtʲ
тёмной	tʲˈɵmnʌj
ожог	ʌʒˈok
объезжать	ʌbjjiʒʒˈɑtʲ
снятые	sʲnʲˈɑtyjɪ
солнца	sˈoɭntsa
борть	bˈortʲ
лодка	ɭˈotka
остов	ˈostʌf
родник	rʌdnʲˈik
шевелится	ʃyvʲiɭʲˈitsʌ
клали	kɭˈɑɭʲɪ
межевой	mʲiʒyvˈoj
мокрая	mˈokrʌja
убыло	ˈubyɭʌ
мокрый	mˈokryj
значат	znˈɑtʃʲʌt
веру	vʲˈeru
потоки	pʌtˈokʲɪ
создаёт	sʌzdaˈɵt
погибших	pʌɡʲˈipʃyx
инспектор	ɪnspʲˈektʌr
говорил	ɡʌvʌrʲˈiɭ
досталось	dʌstˈɑɭʌsʲ
прячет	prʲˈɑtʃʲit
чтит	tʃʲtʲˈit
полно	pˈoɭnʌ
достоверность	dʌstʌvʲˈernʌstʲ
знакомства	znakˈomstva
нижних	nʲˈiʒnʲix
приговор	prʲiɡʌvˈor
уши	ˈuʃy
поговорить	pʌɡʌvʌrʲˈitʲ
обычаю	ʌbˈytʃʲʌju
чёрствость	tʃʲˈɵrstvʌstʲ
честность	tʃʲˈesnʌstʲ
глядя	ɡɭʲˈɑdʲʌ
говорите	ɡʌvʌrʲˈitʲi
пожертвование	pʌʒˈɛrtvʌvʌnʲijɪ
тайн	tˈɑjn
жертва	ʒˈɛrtva
делам	dʲiɭˈɑm
отдачей	ʌddˈɑtʃʲij
помирить	pʌmʲirʲˈitʲ
рассорить	rʌssʌrʲˈitʲ
молитву	mʌɭʲˈitvu
принята	prʲˈinʲʌta
забудет	zabˈudʲit
клейма	kɭʲˈejma
убыла	ubˈyɭa
десятник	dʲisʲˈɑtʲnʲik
заметили	zamʲˈetʲiɭʲɪ
обозники	ʌbˈoʑnʲikʲɪ
обозом	ʌbˈozʌm
осмотритесь	ʌsmʌtrʲˈitʲisʲ
степи	sʲtʲˈepʲɪ
грязи	ɡrʲˈɑʑɪ
нога	nʌɡˈɑ
поклажа	pʌkɭˈɑʒa
дуге	duɡʲˈe
таура	taˈura
улицу	ˈuɭʲitsu
улика	uɭʲˈika
вопроса	vʌprˈosa
завал	zavˈɑɭ
раскладывает	raskɭˈɑdyvʌjit
принесите	prʲinʲisʲˈitʲi
гати	ɡˈɑtʲɪ
готовят	ɡʌtˈovʲʌt
посмотрите	pʌsmˈotrʲitʲi
отметке	ʌtmʲˈetkʲi
горла	ɡˈorɭa
спрашивай	sprˈɑʃyvʌj
верёвку	vʲirʲˈɵfku
честная	tʃʲˈesnʌja
мной	mnˈoj
приметам	prʲimʲˈetʌm
укрепить	ukrʲipʲˈitʲ
заперли	zˈɑpʲirɭʲɪ
вечера	vʲitʃʲˈera
обвинение	ʌbvʲinʲˈenʲijɪ
добыть	dʌbˈytʲ
соседдержава	sʌsʲidʲdʲˈerʒʌva
квеста	kvʲˈesta
ряда	rʲˈɑda
ликоносной	ɭʲikʌnˈosnʌj
глубинной	ɡɭubʲˈinnʌj
полагается	pʌɭaɡˈɑjitsʌ
версту	vʲirstˈu
клане	kɭˈɑnʲi
содержит	sʌdʲˈerʒyt
обратное	ʌbrˈɑtnʌjɪ
попадается	pʌpadˈɑjitsʌ
ждёшь	ʒdʲˈɵʃ
длинные	dɭʲˈinnyjɪ
погреб	pˈoɡrʲip
стойкой	stˈojkʌj
нижнего	nʲˈiʒnʲivʌ
расстоянии	rʌsstʌˈjanʲiɪ
стола	stʌɭˈɑ
ночам	nʌtʃʲˈɑm
горят	ɡʌrʲˈɑt
сохнут	sˈoxnut
открыл	ʌtkrˈyɭ
полнее	pʌɭnʲˈejɪ
внимания	vnʲimˈɑnʲija
мастер-промпта	mˈɑsʲtʲirprˈompta
запретна	zaprʲˈetna
откроется	ʌtkrˈojitsʌ
известна	ɪzvʲˈesna
собиратель	sʌbʲirˈɑtʲilʲ
кандидаты	kʌndʲidˈɑty
настил	nasʲtʲˈiɭ
стирают	sʲtʲirˈɑjut
обезвредить	ʌbʲizvrʲˈedʲitʲ
проверьте	prʌvʲˈerɪtʲi
отзываются	ʌdzyvˈɑjutsʌ
воск	vˈosk
бухта	bˈuxta
пыли	pˈyɭʲɪ
настежь	nˈɑsʲtʲiʃ
сырой	syrˈoj
стрелка	strʲˈeɭka
занавеской	zʌnavʲˈeskʌj
цепочкой	tsypˈotʃʲkʌj
проверяет	prʌvʲirʲˈɑjit
оборота	ʌbʌrˈota
отпирает	ʌtpʲirˈɑjit
сдвинуть	zdvʲˈinutʲ
скрыт	skrˈyt
записка	zapʲˈiska
наговором	nʌɡʌvˈorʌm
жёлоб	ʒˈoɭʌp
ничей	nʲitʃʲˈej
таков	takˈof
пост	pˈost
колодцев	kʌɭˈottsyf
всокровищнице	fsʌkrʌvʲˈiɕnʲitsy
святыня	svʲatˈynʲʌ
движется	dvʲˈiʒytsʌ
уместно	umʲˈesnʌ
книгой	knʲˈiɡʌj
риска	rʲˈiska
лжёт	ɭʒˈot
сделанного	ʑdʲˈeɭʌnnʌvʌ
суть	sutʲ
обжигает	ʌbʒyɡˈɑjit
мел	mʲˈeɭ
отогнать	ʌtʌɡnˈɑtʲ
тяжестью	tʲˈɑʒystʲjju
основ	ʌsnˈof
скорее	skʌrʲˈejɪ
надорук	nʌdʌrˈuk
летают	ɭʲitˈɑjut
аномалии	anʌmˈɑɭʲiɪ
искусственные	ɪskˈusstvʲinnyjɪ
копится	kˈopʲitsʌ
начатых	nˈɑtʃʲʌtyx
совпадение	sʌfpadʲˈenʲijɪ
торгового	tʌrɡˈovʌvʌ
крсыр	krsˈyr
сыр	sˈyr
забои	zabˈoɪ
рельсы	rʲˈeɭʲsy
шагам	ʃaɡˈɑm
закрыли	zakrˈyɭʲɪ
тёмнаянаграда	tʲˈɵmnʌjanʌɡrʌda
ржавый	rʒˈɑvyj
чинит	tʃʲˈinʲit
минибосс	mʲinʲˈibʌss
гиря	ɡʲˈirʲʌ
панцирь	pˈɑntsyrɪ
подвела	pʌdvʲiɭˈɑ
сум	sˈum
левая	ɭʲˈevʌja
правая	prˈɑvʌja
следопыта	sɭʲidʌpˈyta
завершить	zʌvʲirʃˈytʲ
найм	nˈɑjm
доведён	dʌvʲidʲˈɵn
делятся	dʲˈeɭʲʌtsʌ
сортдар	sˈorddʌr
именованных	ɪmʲinˈovʌnnyx
района	rajˈona
мостовой	mʌstʌvˈoj
рудного	rˈudnʌvʌ
ледяного	ɭʲidʲanˈovʌ
котлы	kʌtɭˈy
дор	dˈor
водоносы	vʌdʌnˈosy
ходоки	xʌdʌkʲˈɪ
ар-драк	ˈɑrdrˈɑk
хагрут	xaɡrˈut
пород	pʌrˈot
адаптации	adaptˈɑtsyɪ
выручка	vˈyrutʃʲka
разрез	razrʲˈes
развития	razvʲˈitʲija
инженеры	ɪnʒynʲˈery
лекции	ɭʲˈektsyɪ
улик	uɭʲˈik
модули	mˈoduɭʲɪ
конкурент	kʌnkurʲˈent
придут	prʲidˈut
информатор	ɪnfʌrmˈɑtʌr
надзором	nadzˈorʌm
погасить	pʌɡasʲˈitʲ
чернил	tʃʲirnʲˈiɭ
срывов	srˈyvʌf
сопряжения	sʌprʲaʒˈɛnʲija
видано	vʲˈidʌnʌ
травмы	trˈɑvmy
боковые	bʌkʌvˈyjɪ
подробно	pʌdrˈobnʌ
пробой	prˈobʌj
отмена	ʌtmʲˈena
поч	pˈotʃʲ
дв	dˌɛvˈɛ
грим	ɡrʲˈim
вин	vʲˈin
накрупно	nakrˈupnʌ
пакете	pakʲˈetʲi
ас	ˈɑs
тр	tˌɛˈɛr
грном	ɡrnˈom
гршк	ɡˌɛˌɛrʃˌɑkˈɑ
отобрано	ʌtˈobrʌnʌ
унесло	unʲisɭˈo
сотворено	sʌtvʌrʲinˈo
вернула	vʲirnˈuɭa
казнабаза	kaznˈɑbʌza
техн	tʲˈexn
неизв	nʲˈeisf
активные	aktʲˈivnyjɪ
секция	sʲˈektsyja
обращается	ʌbraɕˈɑjitsʌ
файлов	fˈɑjɭʌf
включается	fkɭʲutʃʲˈɑjitsʌ
двигать	dvʲˈiɡʌtʲ
щупают	ɕˈupʌjut
касанию	kasˈɑnʲiju
новичка	nʌvʲitʃʲkˈɑ
пролога	prʌɭˈoɡa
перелистывание	pʲirʲiɭʲistˈyvʌnʲijɪ
приглушение	prʲiɡɭuʃˈɛnʲijɪ
выключите	vˈykɭʲutʃʲitʲi
упрямый	uprʲˈɑmyj
смешно	smʲiʃnˈo
скоростью	skˈorʌstʲjju
онлайн-голоса	ʌnɭˈɑjŋɡʌɭˈosa
задержкой	zadʲˈerʃkʌj
медленного	mʲˈedɭʲinnʌvʌ
недалеко	nʲidʌɭʲikˈo
краткая	krˈɑtkʌja
распорядителя	rʌspʌrʲadʲˈitʲiɭʲʌ
автоматическая	aftʌmatʲˈitʃʲiskʌja
автоописание	aftʌʌpʲˈisʌnʲijɪ
описаний	ʌpʲisˈɑnʲij
движении	dvʲiʒˈɛnʲiɪ
остановки	ʌstanˈofkʲɪ
минимальные	mʲinʲimˈɑɭʲnyjɪ
важные	vˈɑʒnyjɪ
меняли	mʲinʲˈɑɭʲɪ
съехать	sjjˈexʌtʲ
вкось	fkˈosʲ
настроено	nastrˈojinʌ
сохраняются	sʌxranʲˈɑjutsʌ
авторства	ˈɑftʌrstva
шлемы	ʃɭʲˈemy
выгрузить	vˈyɡruʑitʲ
правители	pravʲˈitʲiɭʲɪ
политике	pʌɭʲˈitʲikʲi
паранойя	pʌranˈojʌ
отложенные	ʌtɭˈoʒynnyjɪ
направлений	nʌpravɭʲˈenʲij
озвучить	ʌzvˈutʃʲitʲ
откликом	ˈotkɭʲikʌm
игроков	ɪɡrʌkˈof
подходят	pʌtxˈodʲʌt
обоим	ʌbˈoim
равны	ravnˈy
размах	razmˈɑx
почём	pʌtʃʲˈɵm
спокойный	spʌkˈojnyj
историей	ɪstˈorʲijij
трогая	trˈoɡʌja
подсказок	pʌtskˈɑzʌk
субтитров	suptʲˈitrʌf
выводят	vyvˈodʲʌt
новому	nˈovʌmu
выбрал	vˈybrʌɭ
кармане	karmˈɑnʲi
уходил	uxʌdʲˈiɭ
закрытие	zakrˈytʲijɪ
кэша	kˈɛʃa
напрямую	nʌprʲamˈuju
важного	vˈɑʒnʌvʌ
задержки	zadʲˈerʃkʲɪ
немая	nʲimˈɑja
любым	ɭʲubˈym
синтезатора	sʲintʲizˈɑtʌra
подсказках	pʌtskˈɑskʌx
пространственное	prʌstrˈɑnstvʲinnʌjɪ
настройкой	nastrˈojkʌj
передаёт	pʲirʲidaˈɵt
замена	zamʲˈena
концом	kʌntsˈom
бесконечно	bʲiskʌnʲˈetʃʲnʌ
свёрнута	svʲˈɵrnuta
режем	rʲˈeʒym
приём	prʲiˈɵm
обрыв	ʌbrˈyf
натуральные	nʌturˈɑɭʲnyjɪ
лёгкая	ɭʲˈɵxkʌja
призвуком	prʲˈizvukʌm
тетивы	tʲitʲivˈy
полёт	pʌɭʲˈɵt
типа	tʲˈipa
хрип	xrʲˈip
грудь	ɡrˈutʲ
плит	pɭʲˈit
пронзительный	prʌnʑˈitʲiɭʲnyj
песка	pʲiskˈɑ
пузыри	puzyrʲˈɪ
жвал	ʒvˈɑɭ
вдох	vdˈox
хищника	xˈiɕnʲika
лягушки	ɭʲaɡˈuʃkʲɪ
ножен	nˈoʒyn
окованный	ʌkˈovʌnnyj
мелочи	mʲˈeɭʌtʃʲɪ
пульс	pˈuɭʲs
лесных	ɭʲisnˈyx
прибой	prʲibˈoj
волчий	vˈoɭtʃʲij
визг	vʲˈisk
прибрежный	prʲibrʲˈeʒnyj
плеск	pɭʲˈesk
трактира	traktʲˈira
кружек	krˈuʒyk
хвостом	xvʌstˈom
оседающий	ʌsʲidˈɑjuɕij
оберега	ʌbʲˈerʲiɡa
осциллятор	ʌstsyɭɭʲˈɑtʌr
лежали	ɭʲiʒˈɑɭʲɪ
отложенный	ʌtɭˈoʒynnyj
голема	ɡʌɭʲˈema
просил	prʌsʲˈiɭ
нарисовать	nʌrʲisʌvˈɑtʲ
залив	zaɭʲˈif
снега	sʲnʲˈeɡa
постройке	pʌstrˈojkʲi
прозвучит	prʌzvutʃʲˈit
фаготом	faɡˈotʌm
гобоя	ɡʌbˈoja
клавишами	kɭˈɑvʲiʃʌmʲɪ
хором	xˈorʌm
орденов	ʌrdʲinˈof
флейтой	fɭʲˈejtʌj
спутник	spˈutʲnʲik
поднялась	pʌdnʲaɭˈɑsʲ
легендарная	ɭʲiɡʲindˈɑrnʌja
загрузка	zaɡrˈuska
храмовая	xrˈɑmʌvʌja
ореол	ʌrʲiˈoɭ
туманные	tumˈɑnnyjɪ
клавесин	kɭʌvʲisʲˈin
склепа	skɭʲˈepa
лютня	ɭʲˈutʲnʲʌ
фанфара	fanfˈɑra
колокольный	kʌɭʌkˈoɭʲnyj
ориентироваться	ʌrʲijintʲˈirʌvʌtsʌ
отличают	ʌtɭʲitʃʲˈɑjut
производственное	prʌizvˈotstvʲinnʌjɪ
влево-вправо	vɭʲˈevʌfprˈɑvʌ
ярусам	ˈjarusʌm
длинная	dɭʲˈinnʌja
дозорная	dʌzˈornʌja
пузырь	puzˈyrɪ
отвары	ʌtvˈɑry
стражника	strˈɑʒnʲika
крестьянин	krʲistʲjˈjanʲin
ориентир	ʌrʲijintʲˈir
лава	ɭˈɑva
взрывы	vzrˈyvy
обрушение	ʌbruʃˈɛnʲijɪ
часовня	tʃʲasˈovnʲʌ
кличи	kɭʲˈitʃʲɪ
папка	pˈɑpka
паук	paˈuk
выстрел	vˈystrʲiɭ
длинных	dɭʲˈinnyx
синтезированные	sʲintʲiʑirˈovʌnnyjɪ
фэнтезийная	fɛntʲiʑˈijnʌja
толща	tˈoɭɕʌ
художественной	xudˈoʒystvʲinnʌj
маяками	mʌjakˈɑmʲɪ
отрыве	ʌtrˈyvʲi
отложенное	ʌtɭˈoʒynnʌjɪ
окажется	ʌkˈɑʒytsʌ
пользуются	pˈoɭʲzujutsʌ
видя	vʲˈidʲʌ
пришедший	prʲiʃˈɛtʃyj
выполнения	vypʌɭnʲˈenʲija
взводит	vzvˈodʲit
ползунка	pʌɭzunkˈɑ
молчало	mʌɭtʃʲˈɑɭʌ
семнадцати	sʲimnˈɑttsʌtʲɪ
органа	ʌrɡˈɑna
точкой	tˈotʃʲkʌj
фокуса	fˈokusa
успевал	uspʲivˈɑɭ
ощупать	ʌɕˈupʌtʲ
уезжал	ujiʒʒˈɑɭ
работал	rabˈotʌɭ
приходилось	prʲixʌdʲˈiɭʌsʲ
озвучивается	ʌzvˈutʃʲivʌjitsʌ
вредит	vrʲidʲˈit
подтягивало	pʌtʲtʲˈɑɡʲivʌɭʌ
попадало	pʌpˈɑdʌɭʌ
убегает	ubʲiɡˈɑjit
действием	dʲˈejstvʲijim
исключение	ɪskɭʲutʃʲˈenʲijɪ
оказался	ʌkazˈɑɭsʲʌ
оннаэкране	ʌnnaˈɛkrʌnʲi
называл	nʌzyvˈɑɭ
пунктом	pˈunktʌm
мыши	mˈyʃy
равен	rˈɑvʲin
получилось	pʌɭutʃʲˈiɭʌsʲ
толку	tˈoɭku
тройное	trʌjnˈojɪ
единая	jɪdʲˈinʌja
активировать	aktʲivʲˈirʌvʌtʲ
наборов	nabˈorʌf
коротким	kʌrˈotkʲim
перебор	pʲirʲibˈor
опции	ˈoptsyɪ
жесту	ʒˈɛstu
выбранная	vˈybrʌnnʌja
собирал	sʌbʲirˈɑɭ
говорила	ɡʌvʌrʲˈiɭa
кнопками	knˈopkʌmʲɪ
экипировать	ɛkʲipʲirʌvˈɑtʲ
течение	tʲitʃʲˈenʲijɪ
успел	uspʲˈeɭ
одиночного	ʌdʲinˈotʃʲnʌvʌ
стучал	stutʃʲˈɑɭ
смещение	smʲiɕˈenʲijɪ
давали	davˈɑɭʲɪ
складывались	skɭˈɑdyvʌɭʲisʲ
заговорить	zʌɡʌvʌrʲˈitʲ
лежащий	ɭʲiʒˈɑɕij
изменение	ɪzmʲinʲˈenʲijɪ
мягче	mʲˈɑktʃʲi
отсчёт	ʌtɕˈɵt
отменить	ʌtmʲinʲˈitʲ
живом	ʒyvˈom
задержка	zadʲˈerʃka
мёртвой	mʲˈɵrtvʌj
важна	vaʒnˈɑ
меряется	mʲˈerʲʌjitsʌ
секунду	sʲikˈundu
запирать	zʌpʲirˈɑtʲ
спускался	spuskˈɑɭsʲʌ
поклёвка	pʌkɭʲˈɵfka
уехал	ujˈexʌɭ
файлу	fˈɑjɭu
показываются	pʌkˈɑzyvʌjutsʌ
человеком	tʃʲiɭʌvʲˈekʌm
небольшой	nʲibʌɭʲʃˈoj
держали	dʲirʒˈɑɭʲɪ
заметят	zamʲˈetʲʌt
богаче	bʌɡˈɑtʃʲi
заходите	zaxˈodʲitʲi
слушайте	sɭˈuʃʌjtʲi
одноразовые	ʌdnʌrˈɑzʌvyjɪ
начинать	nʌtʃʲinˈɑtʲ
пикселя	pʲˈiksʲiɭʲʌ
вынесено	vˈynʲisʲinʌ
связывать	svʲˈɑzyvʌtʲ
переключателей	pʲirʲikɭʲutʃʲˈɑtʲiɭʲij
свайпал	svˈɑjpʌɭ
получается	pʌɭutʃʲˈɑjitsʌ
живому	ʒyvˈomu
названию	nazvˈɑnʲiju
разделами	raʑdʲˈeɭʌmʲɪ
убран	ˈubrʌn
рассказчик	rasskˈɑɕik
закрывать	zʌkryvˈɑtʲ
сделан	ʑdʲˈeɭʌn
собеседник	sʌbʲisʲˈednʲik
наказаний	nʌkazˈɑnʲij
забрать	zabrˈɑtʲ
окликнуть	ʌkɭʲˈiknutʲ
пустить	pusʲtʲˈitʲ
спутника	spˈutʲnʲika
посмотреть	pʌsmʌtrʲˈetʲ
экипировка	ɛkʲipʲirˈofka
скачать	skatʃʲˈɑtʲ
выкл	vˈykɭ
уместны	umʲˈesny
способов	spˈosʌbʌf
гадать	ɡadˈɑtʲ
галочкой	ɡˈɑɭʌtʃʲkʌj
щёлкает	ɕˈɵɭkʌjit
перестанет	pʲirʲistˈɑnʲit
выбранное	vˈybrʌnnʌjɪ
папке	pˈɑpkʲi
повышает	pʌvyʃˈɑjit
добротное	dʌbrˈotnʌjɪ
превосходное	prʲivʌsxˈodnʌjɪ
благословенное	bɭʌɡʌsɭʌvʲˈennʌjɪ
хладной	xɭˈɑdnʌj
кровавых	krʌvˈɑvyx
замки	zˈɑmkʲɪ
кузницы	kˈuʑnʲitsy
постоялых	pʌstʌˈjaɭyx
уникальных	unʲikˈɑɭʲnyx
монстра	mˈonstra
бейте	bʲˈejtʲi
глухим	ɡɭuxˈim
потрескивает	pʌtrʲˈeskʲivʌjit
ближайшие	bɭʲiʒˈɑjʃyjɪ
подают	pʌdaˈjut
перечисление	pʲirʲitʃʲisɭʲˈenʲijɪ
сундуке	sundukʲˈe
патруль	patrˈulʲ
процессия	prʌtsˈɛsʲsʲija
подрядов	pʌdrʲˈɑdʌf
рудничный	rudnʲˈitʃʲnyj
рыбацкий	rybˈɑtskʲij
продайте	prʌdˈɑjtʲi
средняя	srʲˈednʲʌja
наняться	nanʲˈɑtsʌ
пересекает	pʲirʲisʲikˈɑjit
выручку	vˈyrutʃʲku
взойти	vzʌjtʲˈɪ
воюющие	vʌˈjujuɕijɪ
плывёт	pɭyvʲˈɵt
гомоном	ɡˈomʌnʌm
соляного	sʌɭʲanˈovʌ
отпускают	ʌtpuskˈɑjut
торгуются	tʌrɡˈujutsʌ
работорговцы	rʌbʌtʌrɡˈoftsy
воюющих	vʌˈjujuɕix
ватаги	vatˈɑɡʲɪ
резиновый	rʲiʑˈinʌvyj
успели	uspʲˈeɭʲɪ
заброс	zabrˈos
морских	mʌrskʲˈix
политический	pʌɭʲitʲˈitʃʲiskʲij
собственное	sˈopstvʲinnʌjɪ
зарний	zˈɑrnʲij
вывозят	vˈyvʌʑʌt
теплее	tʲipɭʲˈejɪ
большие	bʌɭʲʃˈyjɪ
хлебный	xɭʲˈebnyj
указывает	ukˈɑzyvʌjit
ближнему	bɭʲˈiʒnʲimu
полям	pʌɭʲˈɑm
узлами	uzɭˈɑmʲɪ
союзника	sʌˈjuʑnʲika
гравием	ɡrˈɑvʲijim
пустынная	pustˈynnʌja
базара	bazˈɑra
литейщиков	ɭʲitʲˈejɕikʌf
гармонь	ɡarmˈonʲ
рожок	rʌʒˈok
монетой	mʌnʲˈetʌj
толчок	tʌɭtʃʲˈok
дальним	dˈɑɭʲnʲim
громом	ɡrˈomʌm
ноты	nˈoty
коня	kʌnʲˈɑ
гулу	ɡˈuɭu
подземной	pʌdʲʑˈemnʌj
долина	dʌɭʲˈina
незнакомое	nʲiznakˈomʌjɪ
зев	ʑˈef
холма	xʌɭmˈɑ
свободной	svʌbˈodnʌj
чередуется	tʃʲirʲidˈujitsʌ
мостки	mʌstkʲˈɪ
щебень	ɕˈebʲinʲ
собственных	sˈopstvʲinnyx
приближается	prʲibɭʲiʒˈɑjitsʌ
постоянна	pʌstʌˈjanna
длины	dɭʲˈiny
всём	fsʲˈɵm
башню	bˈɑʃnʲu
плач	pɭˈɑtʃʲ
свистит	svʲisʲtʲˈit
металлу	mʲitˈɑɭɭu
громады	ɡrʌmˈɑdy
ревут	rʲivˈut
защитное	zaɕˈitnʌjɪ
шкафы	ʃkafˈy
гримуары	ɡrʲimˈuʌry
скрижали	skrʲiʒˈɑɭʲɪ
момент	mʌmʲˈent
постоянная	pʌstʌˈjannʌja
прочитал	prʌtʃʲitˈɑɭ
учили	utʃʲˈiɭʲɪ
покупки	pʌkˈupkʲɪ
паре	pˈɑrʲi
суда	sudˈɑ
выведены	vˈyvʲidʲiny
устроено	ustrˈojinʌ
восстанавливает	vʌsstanˈɑvɭʲivʌjit
подсвечник	pʌtsvʲˈetʃʲnʲik
минута	mʲinˈuta
благовония	bɭʌɡʌvˈonʲija
вашему	vˈɑʃymu
подземное	pʌdʲʑˈemnʌjɪ
тьме	tʲmʲˈe
фонтан	fʌntˈɑn
зерном	ʑirnˈom
жажду	ʒˈɑʒdu
рассказывать	rasskˈɑzyvʌtʲ
ящика	ˈjaɕika
поленница	pʌɭʲˈennʲitsa
сайт	sˈɑjt
этими	ˈɛtʲimʲɪ
нежити	nʲˈeʒytʲɪ
размеров	razmʲˈerʌf
никаких	nʲikakʲˈix
левее	ɭʲivʲˈejɪ
направо	naprˈɑvʌ
картину	kartʲˈinu
чистом	tʃʲˈistʌm
потолка	pʌtʌɭkˈɑ
поток	pʌtˈok
разведать	razvʲˈedʌtʲ
рыбачат	rybˈɑtʃʲʌt
горный	ɡˈornyj
скальный	skˈɑɭʲnyj
пеший	pʲˈeʃyj
настроение	nʌstrʌjˈenʲijɪ
укрыться	ukrˈytsʌ
пройдёт	prʌjdʲˈɵt
табуны	tʌbunˈy
перекликаются	pʲirʲikɭʲikˈɑjutsʌ
мотыльницы	mʌtˈyɭʲnʲitsy
вровень	vrˈovʲinʲ
отвесе	ʌtvʲˈesʲi
строят	strˈojat
раненых	rˈɑnʲinyx
деревень	dʲirʲivʲˈenʲ
охотничья	ʌxˈotʲnʲitʃʲjja
обетный	ʌbʲˈetnyj
рыбу	rˈybu
местные	mʲˈesnyjɪ
храмовые	xrˈɑmʌvyjɪ
гробничные	ɡrʌbnʲˈitʃʲnyjɪ
спустились	spusʲtʲˈiɭʲisʲ
реках	rʲˈekʌx
заре	zarʲˈe
островах	ʌstrʌvˈɑx
объехать	ʌbjjˈexʌtʲ
назовут	nʌzʌvˈut
державные	dʲirʒˈɑvnyjɪ
речных	rʲitʃʲnˈyx
грибами	ɡrʲibˈɑmʲɪ
слуху	sɭˈuxu
славе	sɭˈɑvʲi
иные	ɪnˈyjɪ
щитов	ɕitˈof
прилива	prʲiɭʲˈiva
бескрылого	bʲiskrˈyɭʌvʌ
три-четыре	trʲˈɪtʃʲitˈyrʲi
магистра	maɡʲˈistra
паломника	paɭˈomnʲika
достанется	dʌstˈɑnʲitsʌ
зовом	zˈovʌm
тронули	trˈonuɭʲɪ
открылся	ʌtkrˈyɭsʲʌ
колодцем	kʌɭˈottsym
двенадцатью	dvʲinˈɑttsʌtʲjju
россыпью	rˈossypjju
приливный	prʲiɭʲˈivnyj
треснул	trʲˈesnuɭ
владений	vɭadʲˈenʲij
ламаш	ɭˈɑmʌʃ
падальщики	padˈɑɭʲɕikʲɪ
кровники	krˈovnʲikʲɪ
пустотелые	pustʌtʲˈeɭyjɪ
кровавая	krʌvˈɑvʌja
обратные	ʌbrˈɑtnyjɪ
страшнее	straʃnʲˈejɪ
жатва	ʒˈɑtva
клятвой	kɭʲˈɑtvʌj
кровный	krˈovnyj
скакунов	skʌkunˈof
спора	spˈora
чрево	tʃʲrʲˈevʌ
зеркальные	ʑirkˈɑɭʲnyjɪ
древность	drʲˈevnʌstʲ
пограничье	pʌɡranʲˈitʃʲjjɪ
твердыни	tvʲirdˈynʲɪ
серых	sʲˈeryx
латник	ɭˈɑtʲnʲik
посада	pʌsˈɑda
железом	ʒyɭʲˈezʌm
стеречь	sʲtʲirʲˈetʃʲ
вынести	vˈynʲisʲtʲɪ
пересчитать	pʲirʲiɕitˈɑtʲ
восемью	vʌsʲimʲjˈju
крючья	krʲˈutʃʲjja
колесо	kʌɭʲisˈo
помоста	pʌmˈosta
застать	zastˈɑtʲ
помост	pʌmˈost
расколотая	raskˈoɭʌtʌja
полках	pˈoɭkʌx
приказа	prʲikˈɑza
стежок	sʲtʲiʒˈok
апокриф	apˈokrʲif
сотнями	sˈotʲnʲʌmʲɪ
нехватки	nʲixvˈɑtkʲɪ
эпохи	ɛpˈoxɪ
паломников	paɭˈomnʲikʌf
закрыл	zakrˈyɭ
книжников	knʲˈiʒnʲikʌf
негаснущего	nʲiɡasnˈuɕivʌ
венец	vʲinʲˈets
нижние	nʲˈiʒnʲijɪ
потеряны	pʌtʲˈerʲʌny
легендарное	ɭʲiɡʲindˈɑrnʌjɪ
описании	ʌpʲisˈɑnʲiɪ
сильна	sʲiɭʲnˈɑ
грубая	ɡrˈubʌja
сокрушающий	sʌkruʃˈɑjuɕij
выдыхается	vydyxˈɑjitsʌ
стирает	sʲtʲirˈɑjit
рецептом	rʲitsˈɛptʌm
решающий	rʲiʃˈɑjuɕij
разумная	razˈumnʌja
слабых	sɭˈɑbyx
клану	kɭˈɑnu
найденный	nˈɑjdʲinnyj
чарой	tʃʲˈɑrʌj
кольцом	kʌɭʲtsˈom
откроются	ʌtkrˈojutsʌ
отличались	ʌtɭʲitʃʲˈɑɭʲisʲ
котомка	kʌtˈomka
десятого	dʲisʲˈɑtʌvʌ
свойствами	svˈojstvʌmʲɪ
первому	pʲˈervʌmu
наперёд	nʌpʲirʲˈɵt
отшельник	ʌtʃˈɛɭʲnʲik
старатели	starˈɑtʲiɭʲɪ
повадка	pʌvˈɑtka
прежнюю	prʲˈeʒnʲuju
божественной	bʌʒˈɛstvʲinnʌj
трёхслойный	trʲʌxsɭˈojnyj
завершения	zʌvʲirʃˈɛnʲija
перебивают	pʲirʲibʲivˈɑjut
истощение	ɪstʌɕˈenʲijɪ
историческое	ɪstʌrʲˈitʃʲiskʌjɪ
технологию	tʲixnʌɭˈoɡʲiju
запрещённая	zʌprʲiɕˈɵnnʌja
выписываются	vypʲˈisyvʌjutsʌ
откроют	ʌtkrˈojut
половодья	pʌɭʌvˈodʲjja
чередом	tʃʲirʲidˈom
крышами	krˈyʃʌmʲɪ
кварталу	kvartˈɑɭu
цеха	tsˈɛxa
добра	dʌbrˈɑ
ширина	ʃyrʲinˈɑ
еду	jˈedu
нашествие	naʃˈɛstvʲijɪ
объяснение	ʌbjjasʲnʲˈenʲijɪ
перестали	pʲirʲistˈɑɭʲɪ
кризис	krʲˈiʑis
население	nʌsʲiɭʲˈenʲijɪ
налоги	naɭˈoɡʲɪ
внутренние	vnˈutrʲinnʲijɪ
государева	ɡʌsudˈɑrʲiva
следствий	sɭʲˈetstvʲij
сделай	ʑdʲˈeɭʌj
держись	dʲirʒˈysʲ
сданных	zdˈɑnnyx
ученику	utʃʲinʲikˈu
одинаковые	ʌdʲinˈɑkʌvyjɪ
сердцевина	sʲirtsyvʲˈina
древня	drʲˈevnʲʌ
янтарь	jantˈɑrɪ
подбой	pʌdbˈoj
украшения	ukraʃˈɛnʲija
стальная	staɭʲnˈɑja
мифриловый	mʲifrʲiɭˈovyj
отделки	ʌdʲdʲˈeɭkʲɪ
костяных	kʌsʲtʲanˈyx
историй	ɪstˈorʲij
котла	kʌtɭˈɑ
сочетаний	sʌtʃʲitˈɑnʲij
модификатор	mʌdʲifʲikˈɑtʌr
появилось	pʌjavʲˈiɭʌsʲ
подарок	pʌdˈɑrʌk
стойкое	stˈojkʌjɪ
якорное	ˈjakʌrnʌjɪ
считалась	ɕitˈɑɭʌsʲ
ряду	rʲˈɑdu
привезли	prʲivʲizɭʲˈɪ
сравнивают	srˈɑvnʲivʌjut
пограничная	pʌɡranʲˈitʃʲnʌja
дерут	dʲirˈut
выплаты	vˈypɭʌty
выписал	vˈypʲisʌɭ
выученная	vˈyutʃʲinnʌja
сгорает	zɡʌrˈɑjit
несёте	nʲisʲˈɵtʲi
решать	rʲiʃˈɑtʲ
составляющие	sʌstavɭʲˈɑjuɕijɪ
семейство	sʲimʲˈejstvʌ
звуковых	zvukʌvˈyx
тепла	tʲipɭˈɑ
написать	nʌpʲisˈɑtʲ
попадают	pʌpadˈɑjut
судья	sudʲjˈja
выписать	vˈypʲisʌtʲ
перезагрузка	pʲirʲizaɡrˈuska
ковать	kʌvˈɑtʲ
склада	skɭˈɑda
восприятие	vʌsprʲiˈjatʲijɪ
понимаете	pʌnʲimˈɑjitʲi
помещается	pʌmʲiɕˈɑjitsʌ
адрес	ˈɑdrʲis
восстановления	vʌsstʌnʌvɭʲˈenʲija
восприятия	vʌsprʲiˈjatʲija
обнаружения	ʌbnʌruʒˈɛnʲija
выносливости	vynˈosɭʲivʌsʲtʲɪ
некрополь	nʲikrˈopʌlʲ
воздушное	vʌzdˈuʃnʌjɪ
названии	nazvˈɑnʲiɪ
четырём	tʃʲityrʲˈɵm
санкции	sˈɑnktsyɪ
куплены	kˈupɭʲiny
перезагрузке	pʲirʲizaɡrˈuskʲi
закалить	zʌkaɭʲˈitʲ
заготовки	zʌɡʌtˈofkʲɪ
оправы	ʌprˈɑvy
алхимическая	aɭximʲˈitʃʲiskʌja
замке	zˈɑmkʲi
ткацкой	tkˈɑtskʌj
кожевенное	kʌʒˈɛvʲinnʌjɪ
простые	prʌstˈyjɪ
реликтовый	rʲiɭʲˈiktʌvyj
запредельный	zʌprʲidʲˈeɭʲnyj
изнашивается	ɪznˈɑʃyvʌjitsʌ
запредельная	zʌprʲidʲˈeɭʲnʌja
редки	rʲˈetkʲɪ
изначальный	ɪznatʃʲˈɑɭʲnyj
близость	bɭʲˈizʌstʲ
забывается	zʌbyvˈɑjitsʌ
редкой	rʲˈetkʌj
босса	bˈossa
конфликта	kʌnfɭʲˈikta
вживление	vʒyvɭʲˈenʲijɪ
стадий	stˈɑdʲij
знамениям	znˈɑmʲinʲijam
пустотный	pustˈotnyj
мировая	mʲirʌvˈɑja
делах	dʲiɭˈɑx
мировой	mʲirʌvˈoj
знаками	znˈɑkʌmʲɪ
согласиться	sʌɡɭasʲˈitsʌ
удержится	udʲˈerʒytsʌ
вероятность	vʲirʌˈjatnʌstʲ
творящего	tvʌrʲˈɑɕivʌ
клонит	kɭˈonʲit
взаимны	vzaˈimny
родстве	rʌtstvʲˈe
грозой	ɡrʌzˈoj
льдом	ɭʲdˈom
родная	rʌdnˈɑja
путают	pˈutʌjut
ближайшая	bɭʲiʒˈɑjʃʌja
удваивается	udvˈɑivʌjitsʌ
отчего	ʌttʃʲivˈo
накрывает	nʌkryvˈɑjit
силок	sʲiɭˈok
уносит	unˈosʲit
пробивное	prʌbʲivnˈojɪ
воздуху	vˈozduxu
встанет	fstˈɑnʲit
состоянию	sʌstʌˈjanʲiju
именного	ɪmʲinnˈovʌ
пробили	prʌbʲˈiɭʲɪ
ближняя	bɭʲˈiʒnʲʌja
откликов	ˈotkɭʲikʌf
двойника	dvʌjnʲikˈɑ
ушедшего	uʃˈɛtʃyvʌ
метит	mʲˈetʲit
магической	maɡʲˈitʃʲiskʌj
произнесение	prʌiʑnʲisʲˈenʲijɪ
часами	tʃʲasˈɑmʲɪ
случайную	sɭutʃʲˈɑjnuju
знала	znˈɑɭa
просторно	prʌstˈornʌ
комплекса	kˈompɭʲiksa
любых	ɭʲubˈyx
светло	svʲˈetɭʌ
независимые	nʲizavʲˈisʲimyjɪ
делами	dʲiɭˈɑmʲɪ
забываете	zʌbyvˈɑjitʲi
мистицизм	mʲisʲtʲitsˈyzm
старым	stˈɑrym
разойдётся	rʌzʌjdʲˈɵtsʌ
добавляют	dʌbavɭʲˈɑjut
умел	umʲˈeɭ
катится	kˈɑtʲitsʌ
селении	sʲiɭʲˈenʲiɪ
подвоза	pʌdvˈoza
снабжения	snabʒˈɛnʲija
войску	vˈojsku
штабы	ʃtˈɑby
сжечь	ʒʒˈɛtʃʲ
дипломата	dʲipɭʌmˈɑta
лука	ɭˈuka
луком	ɭˈukʌm
эссенцию	ɛsʲsʲˈentsyju
звенят	zvʲinʲˈɑt
кирку	kʲirkˈu
десятом	dʲisʲˈɑtʌm
платформы	pɭatfˈormy
всерьёз	fsʲirɪjˈɵs
поднимало	pʌdnʲimˈɑɭʌ
сомкнуты	sˈomknuty
отряды	ʌtrʲˈɑdy
книгах	knʲˈiɡʌx
держал	dʲirʒˈɑɭ
лишняя	ɭʲˈiʃnʲʌja
случайное	sɭutʃʲˈɑjnʌjɪ
доставки	dʌstˈɑfkʲɪ
заговорят	zʌɡʌvʌrʲˈɑt
драки	drˈɑkʲɪ
раскол	raskˈoɭ
опоры	ʌpˈory
улей	ˈuɭʲij
виру	vʲˈiru
забудется	zabˈudʲitsʌ
зашивают	zʌʃyvˈɑjut
закрытыми	zakrˈytymʲɪ
опт	ˈopt
хранении	xranʲˈenʲiɪ
соседним	sʌsʲˈednʲim
именованном	ɪmʲinˈovʌnnʌm
семидесяти	sʲimʲˈidʲisʲʌtʲɪ
людно	ɭʲˈudnʌ
погоде	pʌɡˈodʲi
обходятся	ʌpxˈodʲʌtsʌ
красоты	krasˈoty
давать	davˈɑtʲ
сдавать	zdavˈɑtʲ
пишется	pʲˈiʃytsʌ
веры	vʲˈery
ране	rˈɑnʲi
ответили	ʌtvʲˈetʲiɭʲɪ
огры	ˈoɡry
меряет	mʲˈerʲʌjit
массиве	masʲsʲˈivʲi
шестьсот	ʃystʲsˈot
кобольды	kˈobʌɭʲdy
кристаллиды	krʲistˈɑɭɭʲidy
кентавры	kʲintˈɑvry
светлорождённые	svʲitɭʌrʌʒdʲˈɵnnyjɪ
гоблины	ɡˈobɭʲiny
нашедшего	naʃˈɛtʃyvʌ
перевалка	pʲirʲivˈɑɭka
тифлинги	tʲifɭʲˈinɡʲɪ
каган	kaɡˈɑn
проводка	prʌvˈotka
отказались	ʌtkazˈɑɭʲisʲ
великаны	vʲiɭʲikˈɑny
энты	ˈɛnty
горны	ɡˈorny
обозов	ʌbˈozʌf
перекрёстка	pʲirʲikrʲˈɵstka
протекторат	prʌtʲiktʌrˈɑt
здешних	ʑdʲˈeʃnʲix
шумят	ʃumʲˈɑt
сырость	sˈyrʌstʲ
селению	sʲiɭʲˈenʲiju
пряный	prʲˈɑnyj
телегу	tʲiɭʲˈeɡu
настила	nasʲtʲˈiɭa
качается	katʃʲˈɑjitsʌ
местами	mʲistˈɑmʲɪ
переправу	pʲirʲiprˈɑvu
роют	rˈojut
дорожной	dʌrˈoʒnʌj
поиска	pˈoiska
бедная	bʲˈednʌja
заслуг	zasɭˈuk
выбирался	vybʲirˈɑɭsʲʌ
существует	suɕistvˈujit
краям	kraˈjam
проверок	prʌvʲˈerʌk
рельефов	rʲiɭjjˈefʌf
прохл	prˈoxɭ
вб	vˌɛbˈɛ
стволы	stvʌɭˈy
толще	tˈoɭɕi
климата	kɭʲˈimʌta
опускает	ʌpuskˈɑjit
спине	spʲinʲˈe
спустится	spˈusʲtʲitsʌ
рубят	rˈubʲʌt
чудовищам	tʃʲudˈovʲiɕʌm
бок	bˈok
развилка	razvʲˈiɭka
купцы	kuptsˈy
политику	pʌɭʲˈitʲiku
союзников	sʌˈjuʑnʲikʌf
наёмники	naˈɵmnʲikʲɪ
ценят	tsˈɛnʲʌt
неделю	nʲidʲˈeɭʲu
мосты	mʌstˈy
артели	artʲˈeɭʲɪ
угодья	uɡˈodʲjja
людям	ɭʲˈudʲʌm
гнездовья	ɡnʲizdˈovjja
старшая	stˈɑrʃʌja
вправе	fprˈɑvʲi
чужак	tʃʲuʒˈɑk
гнев	ɡnʲˈef
теряются	tʲirʲˈɑjutsʌ
стаю	stˈɑju
заказу	zakˈɑzu
стужей	stˈuʒyj
изгнание	ɪzɡnˈɑnʲijɪ
неверно	nʲivʲˈernʌ
звёздный	zvʲˈɵznyj
вступают	fstupˈɑjut
обеим	ʌbʲˈeim
песни	pʲˈesʲnʲɪ
небесные	nʲibʲˈesnyjɪ
пережил	pʲirʲiʒˈyɭ
болезни	bʌɭʲˈeʑnʲɪ
выдох	vˈydʌx
рабочая	rabˈotʃʲʌja
масла	mˈɑsɭa
чьей	tʃʲjjˈej
исход	ɪsxˈot
говорящий	ɡʌvʌrʲˈɑɕij
самую	sˈɑmuju
маги	mˈɑɡʲɪ
накопители	nʌkʌpʲˈitʲiɭʲɪ
поющие	pʌˈjuɕijɪ
разбить	razbʲˈitʲ
свете	svʲˈetʲi
прошлое	prˈoʃɭʌjɪ
топоры	tʌpʌrˈy
попутный	pʌpˈutnyj
летать	ɭʲitˈɑtʲ
пропало	prʌpˈɑɭʌ
отмечено	ʌtmʲˈetʃʲinʌ
костями	kʌsʲtʲˈɑmʲɪ
вмешательство	vmʲiʃˈɑtʲiɭʲstvʌ
сошли	sʌʃɭʲˈɪ
проклятия	prʌkɭʲˈɑtʲija
позвал	pʌzvˈɑɭ
кузнецов	kuʑnʲitsˈof
целыми	tsˈɛɭymʲɪ
охотников	ʌxˈotʲnʲikʌf
стоимость	stˈoimʌstʲ
пришлых	prʲˈiʃɭyx
вычитает	vytʃʲitˈɑjit
переждать	pʲirʲiʒdˈɑtʲ
скупают	skupˈɑjut
положения	pʌɭʌʒˈɛnʲija
счёте	ɕˈɵtʲi
опознан	ʌpˈoznʌn
доносят	dʌnˈosʲʌt
поправка	pʌprˈɑfka
ровной	rˈovnʌj
выходил	vyxˈodʲiɭ
знающему	znˈɑjuɕimu
самим	samʲˈim
торгуется	tʌrɡˈujitsʌ
избыток	ɪzbˈytʌk
запретных	zaprʲˈetnyx
вороний	vʌrˈonʲij
дурманник	durmannʲˈik
светляки	svʲitɭʲakʲˈɪ
запретно	zaprʲˈetnʌ
запретный	zaprʲˈetnyj
существовало	suɕistvʌvˈɑɭʌ
производственных	prʌizvˈotstvʲinnyx
городам	ɡʌrʌdˈɑm
полем	pˈoɭʲim
сырья	syrɪjˈja
нужде	nuʒdʲˈe
преступный	prʲistˈupnyj
опускают	ʌpuskˈɑjut
оставалась	ʌstavˈɑɭʌsʲ
даст	dˈɑst
помочь	pʌmˈotʃʲ
верхом	vʲˈerxʌm
мытаря	mˈytʌrʲʌ
бережёт	bʲirʲiʒˈot
сдвигается	zdvʲiɡˈɑjitsʌ
годами	ɡʌdˈɑmʲɪ
относительно	ʌtnʌsʲˈitʲiɭʲnʌ
дорожка	dʌrˈoʃka
всюду	fsʲˈudu
отказа	ʌtkˈɑza
обозник	ʌbˈoʑnʲik
вдоволь	vdˈovʌlʲ
продажу	prʌdˈɑʒu
рейсов	rʲˈejsʌf
снастей	snasʲtʲˈej
исполнено	ɪspˈoɭnʲinʌ
виолончель	vʲiʌɭʌntʃʲˈelʲ
фагот	faɡˈot
ярмарка	ˈjarmʌrka
клановые	kɭˈɑnʌvyjɪ
осадный	ʌsˈɑdnyj
авторство	ˈɑftʌrstvʌ
тетива	tʲitʲivˈɑ
выпито	vˈypʲitʌ
шепчет	ʃˈɛptʃʲit
поставлены	pʌstˈɑvɭʲiny
герою	ɡʲirˈoju
занялся	zˈɑnʲʌɭsʲʌ
вариативности	vʌrʲiˈɑtʲivnʌsʲtʲɪ
разброс	razbrˈos
общих	ˈopɕix
помещения	pʌmʲiɕˈenʲija
слышнее	sɭyʃnʲˈejɪ
отзвука	ˈodzvuka
отверженных	ʌtvʲˈerʒynnyx
отклики	ˈotkɭʲikʲɪ
посередине	pʌsʲirʲidʲˈinʲi
камнепад	kʌmnʲipˈɑt
четвёртая	tʃʲitvʲˈɵrtʌja
каждому	kˈɑʒdʌmu
хлюп	xɭʲˈup
крошится	krˈoʃytsʌ
снегу	sʲnʲˈeɡu
дверца	dvʲˈertsa
сталагмит	stʌɭaɡmʲˈit
шестерни	ʃysʲtʲirnʲˈɪ
выброс	vˈybrʌs
лопнула	ɭˈopnuɭa
вынут	vˈynut
ножны	nˈoʒny
долга	dˈoɭɡa
ядовитая	jadʌvʲˈitʌja
плитам	pɭʲˈitʌm
рунного	rˈunnʌvʌ
кричат	krʲitʃʲˈɑt
вплотную	fpɭʌtnˈuju
обнаружение	ʌbnʌruʒˈɛnʲijɪ
постройками	pʌstrˈojkʌmʲɪ
ищется	ˈɪɕitsʌ
изредка	ˈɪzrʲitka
рейс	rʲˈejs
розницы	rˈoʑnʲitsy
наравне	nʌravnʲˈe
крепкая	krʲˈepkʌja
войдёт	vʌjdʲˈɵt
родичем	rˈodʲitʃʲim
просыпается	prʌsypˈɑjitsʌ
аномалий	anʌmˈɑɭʲij
судном	sˈudnʌm
курсу	kˈursu
встают	fstaˈjut
жабры	ʒˈɑbry
пиратский	pʲirˈɑtskʲij
дыма	dˈyma
застав	zastˈɑf
письмена	pʲisʲmʲinˈɑ
давит	dˈɑvʲit
ударило	udˈɑrʲiɭʌ
сошёл	sʌʃˈoɭ
поддался	pʌddˈɑɭsʲʌ
моё	mʌˈɵ
охотятся	ʌxˈotʲʌtsʌ
крыльями	krˈyɭjjamʲɪ
гарпий	ɡˈɑrpʲij
отражённый	ʌtraʒˈonnyj
спустился	spusʲtʲˈiɭsʲʌ
значки	znatʃʲkʲˈɪ
адамант	adamˈɑnt
кварц	kvˈɑrts
ножа	nʌʒˈɑ
морозная	mʌrˈoznʌja
звериная	zvʲirʲˈinʌja
могли	mʌɡɭʲˌɪ
продавать	prʌdavˈɑtʲ
кожей	kˈoʒyj
хрустит	xrusʲtʲˈit
катализаторы	kʌtʌɭʲizˈɑtʌry
холода	xʌɭˈoda
срезать	srʲizˈɑtʲ
верхушку	vʲirxˈuʃku
ведьмин	vʲˈedʲmʲin
выкопать	vˈykʌpʌtʲ
солью	sˈoɭjju
сновидицы	snʌvʲˈidʲitsy
жилам	ʒˈyɭʌm
лишних	ɭʲˈiʃnʲix
ночного	nʌtʃʲnˈovʌ
приняло	prʲˈinʲʌɭʌ
сварено	svˈɑrʲinʌ
выдохлось	vˈydʌxɭʌsʲ
ядом	ˈjadʌm
кровные	krˈovnyjɪ
уговоры	uɡʌvˈory
годы	ɡˈody
залоги	zaɭˈoɡʲɪ
союзов	sʌˈjuzʌf
делить	dʲiɭʲˈitʲ
знакомого	znakˈomʌvʌ
обратной	ʌbrˈɑtnʌj
утопших	utˈopʃyx
шёпота	ʃˈopʌta
донос	dʌnˈos
перелом	pʲirʲiɭˈom
доверяют	dʌvʲirʲˈɑjut
записанные	zapʲˈisʌnnyjɪ
нитью	nʲˈitʲjju
меряют	mʲˈerʲʌjut
основания	ʌsnʌvˈɑnʲija
ордену	ˈordʲinu
могла	mʌɡɭˌa
тур	tˈur
обстановкой	ʌpstanˈofkʌj
бродячий	brʌdʲˈɑtʃʲij
сырое	syrˈojɪ
жилья	ʒyɭjˈja
положили	pʌɭʌʒˈyɭʲɪ
рак	rˈɑk
вала	vˈɑɭa
плавник	pɭavnʲˈik
полынья	pʌɭynjˈja
корка	kˈorka
глина	ɡɭʲˈina
натёчный	natʲˈɵtʃʲnyj
таком	takˈom
найдёшь	najdʲˈɵʃ
отдельное	ʌdʲdʲˈeɭʲnʌjɪ
опасный	ʌpˈɑsnyj
базоваядоля	bʌzʌvˈɑjadʌɭʲʌ
закате	zakˈɑtʲi
жир	ʒˈyr
лучшийудел	ɭutʃʲʃyjˈudʲiɭ
бои	bʌˈɪ
открылись	ʌtkrˈyɭʲisʲ
норме	nˈormʲi
грузчик	ɡrˈuɕik
глубинах	ɡɭubʲˈinʌx
поглотитель	pʌɡɭʌtʲˈitʲilʲ
сменил	smʲinʲˈiɭ
влияния	vɭʲiˈjanʲija
жителю	ʒˈytʲiɭʲu
разносит	raznˈosʲit
нравится	nrˈɑvʲitsʌ
уверен	uvʲˈerʲin
осел	ʌsʲˈeɭ
многое	mnˈoɡʌjɪ
таким	takʲˈim
переписать	pʲirʲipʲisˈɑtʲ
межу	mʲiʒˈu
надолго	nadˈoɭɡʌ
возр	vˈozr
маг	mˈɑk
корвакса	kʌrvˈɑksa
голодные	ɡʌɭˈodnyjɪ
изольды	ɪzˈoɭʲdy
рассказал	rʌsskazˈɑɭ
спас	spˈɑs
обещал	ʌbʲiɕˈɑɭ
услугу	usɭˈuɡu
шантажировать	ʃʌntaʒˈyrʌvʌtʲ
напомнить	napˈomnʲitʲ
уверенность	uvʲˈerʲinnʌstʲ
души	dˈuʃy
общину	ʌpɕˈinu
женился	ʒynʲˈiɭsʲʌ
пошло	pˈoʃɭʌ
сотню	sˈotʲnʲu
жителем	ʒˈytʲiɭʲim
постоянные	pʌstʌˈjannyjɪ
гости	ɡˈosʲtʲɪ
ложная	ɭˈoʒnʌja
одолел	ʌdʌɭʲˈeɭ
шагнул	ʃaɡnˈuɭ
манип	manʲˈip
ложный	ɭˈoʒnyj
сломана	sɭˈomʌna
боятся	bʌˈjatsʌ
цифра	tsˈyfra
богах	bʌɡˈɑx
просьба	prˈoʑba
вере	vʲˈerʲi
чув	tʃʲˈuf
довер	dˈovʲir
сроков	srˈokʌf
сдвинется	zdvʲˈinʲitsʌ
понижает	pʌnʲiʒˈɑjit
деньгами	dʲinʲɡˈɑmʲɪ
врагом	vraɡˈom
сил-соп	sʲˈiɭsˈop
седмица	sʲidmʲˈitsa
святой	svʲatˈoj
учения	utʃʲˈenʲija
спешит	spʲiʃˈyt
проповедует	prʌpʌvʲˈedujit
благословения	bɭʌɡʌsɭʌvʲˈenʲija
боге	bˈoɡʲi
распорядок	rʌspʌrʲˈɑdʌk
отдыхает	ʌddyxˈɑjit
сбивается	zbʲivˈɑjitsʌ
важен	vˈɑʒyn
записывает	zapʲˈisyvʌjit
неудача	nʲiudˈɑtʃʲʌ
соц	sˈots
ищи	ɪɕˈɪ
событиям	sʌbˈytʲijam
куда-то	kudˈɑtˈo
падать	pˈɑdʌtʲ
отошли	ʌtʌʃɭʲˈɪ
считаю	ɕitˈɑju
выгорает	vyɡʌrˈɑjit
узнает	uznajˈet
разделить	rʌʑdʲiɭʲˈitʲ
рассказали	rʌsskazˈɑɭʲɪ
мортаны	mʌrtˈɑny
наши	nˈɑʃy
ударили	udˈɑrʲiɭʲɪ
болт	bˈoɭt
ждали	ʒdˈɑɭʲɪ
закрыты	zakrˈyty
пойти	pʌjtʲˈɪ
оброненный	ʌbrˈonʲinnyj
вели	vʲiɭʲˈɪ
указ	ukˈɑs
сойти	sʌjtʲˈɪ
вслед	fsɭʲˈet
камнями	kamnʲˈɑmʲɪ
подняли	pˈodnʲʌɭʲɪ
отдаётся	ʌddaˈɵtsʌ
полдня	pˈoɭdnʲʌ
узнавать	uznavˈɑtʲ
белым	bʲˈeɭym
посидели	pʌsʲidʲˈeɭʲɪ
запомнила	zapˈomnʲiɭa
выследить	vˈysɭʲidʲitʲ
плавки	pɭˈɑfkʲɪ
короны	kʌrˈony
встала	fstˈɑɭa
резчики	rʲˈeɕikʲɪ
здешние	ʑdʲˈeʃnʲijɪ
вернёшься	vʲirnʲˈɵʃsʲʌ
развилки	razvʲˈiɭkʲɪ
выйдут	vˈyjdut
кража	krˈɑʒa
совпадает	sʌfpadˈɑjit
снимать	sʲnʲimˈɑtʲ
смотрите	smʌtrʲˈitʲi
станком	stankˈom
примету	prʲimʲˈetu
золе	zʌɭʲˈe
ветки	vʲˈetkʲɪ
иди	ɪdʲˈɪ
особое	ʌsˈobʌjɪ
пергамент	pʲirɡˈɑmʲint
странице	stranʲˈitsy
безликой	bʲizɭʲˈikʌj
свидетель	svʲidʲˈetʲilʲ
погасший	pʌɡˈɑʃʃyj
поговорка	pʌɡʌvˈorka
оглядкой	ʌɡɭʲˈɑtkʌj
сложилось	sɭʌʒˈyɭʌsʲ
ставки	stˈɑfkʲɪ
выиграл	vˈyiɡrʌɭ
раненый	rˈɑnʲinyj
строже	strˈoʒy
помогает	pʌmʌɡˈɑjit
хозяином	xʌʑˈɑinʌm
пережило	pʲirʲiʒˈyɭʌ
починка	pʌtʃʲˈinka
искали	ɪskˈɑɭʲɪ
промежуток	prʌmʲiʒˈutʌk
лоцман	ɭˈotsmʌn
наземный	naʑˈemnyj
низкая	nʲˈiskʌja
споре	spˈorʲi
уровню	ˈurʌvnʲu
ставил	stˈɑvʲiɭ
усталости	ustˈɑɭʌsʲtʲɪ
запрещённый	zʌprʲiɕˈɵnnyj
прочитанного	prʌtʃʲˈitʌnnʌvʌ
прочёл	prʌtʃʲˈɵɭ
нулём	nuɭʲˈɵm
восстановлена	vʌsstanˈovɭʲina
снял	sʲnʲˈɑɭ
почерк	pˈotʃʲirk
портится	pˈortʲitsʌ
годятся	ɡʌdʲˈɑtsʌ
видимя	vʲidʲˈimʲʌ
возможностью	vʌzmˈoʒnʌstʲjju
знакомо	znakˈomʌ
сработает	srabˈotʌjit
уроков	urˈokʌf
проседают	prʌsʲidˈɑjut
демонологии	dʲimʌnʌɭˈoɡʲiɪ
половицей	pʌɭʌvʲˈitsyj
потолком	pʌtʌɭkˈom
укромные	ukrˈomnyjɪ
найденная	nˈɑjdʲinnʌja
древним	drʲˈevnʲim
заблокировано	zʌbɭʌkʲˈirʌvʌnʌ
даррода	darrˈoda
крюках	krʲukˈɑx
верный	vʲˈernyj
фляга	fɭʲˈɑɡa
кромка	krˈomka
холст	xˈoɭst
мон	mˈon
штуки	ʃtˈukʲɪ
гриба	ɡrʲibˈɑ
цепочках	tsypˈotʃʲkʌx
тиски	tʲiskʲˈɪ
оправе	ʌprˈɑvʲi
минут	mʲinˈut
сидеть	sʲidʲˈetʲ
целой	tsˈɛɭʌj
погреба	pʌɡrʲˈeba
статую	stˈɑtuju
узор	uzˈor
весом	vʲˈesʌm
дан	dˈɑn
выбито	vˈybʲitʌ
маяком	mʌjakˈom
звере	zvʲˈerʲi
результат	rʲizuɭʲtˈɑt
нечётный	nʲitʃʲˈɵtnyj
сухие	suxˈijɪ
язычок	jazytʃʲˈok
наверняка	nʌvʲirnʲakˈɑ
тайнике	tʌjnʲikʲˈe
ищейка	ɪɕˈejka
лаборатории	ɭʌbʌratˈorʲiɪ
взломать	vzɭʌmˈɑtʲ
свое	svʌjˈe
стойке	stˈojkʲi
дереве	dʲˈerʲivʲi
меток	mʲˈetʌk
выработанные	vˈyrʌbʌtʌnnyjɪ
починить	pʌtʃʲinʲˈitʲ
соседнем	sʌsʲˈednʲim
погребальный	pʌɡrʲibˈɑɭʲnyj
руной	rˈunʌj
былок	byɭˈok
отмычка	ʌtmˈytʃʲka
отперта	ˈotpʲirta
огн	ˈoɡn
ветка	vʲˈetka
поступают	pʌstupˈɑjut
объекте	ʌbjjˈektʲi
возможно	vʌzmˈoʒnʌ
челюсть	tʃʲˈeɭʲustʲ
состава	sʌstˈɑva
искажает	ɪskaʒˈɑjit
сводят	svˈodʲʌt
прошедшая	prʌʃˈɛtʃʌja
отпуск	ˈotpusk
мат	mˈɑt
прибавить	prʲibˈɑvʲitʲ
взятых	vʑˈɑtyx
заживает	zʌʒyvˈɑjit
ноши	nˈoʃy
едок	jɪdˈok
отпустите	ʌtpˈusʲtʲitʲi
накормить	nʌkʌrmʲˈitʲ
переучить	pʲirʲiutʃʲˈitʲ
вспомнить	fspˈomnʲitʲ
сущности	sˈuɕnʌsʲtʲɪ
изгонят	ɪzɡˈonʲʌt
утру	utrˈu
незваный	nʲizvˈɑnyj
договариваться	dʌɡʌvˈɑrʲivʌtsʌ
применяется	prʲimʲinʲˈɑjitsʌ
забвение	zabvʲˈenʲijɪ
ожидание	ʌʒydˈɑnʲijɪ
равных	rˈɑvnyx
снятый	sʲnʲˈɑtyj
убитые	ubʲˈityjɪ
штуками	ʃtˈukʌmʲɪ
рыночная	rˈynʌtʃʲnʌja
прибавки	prʲibˈɑfkʲɪ
читались	tʃʲitˈɑɭʲisʲ
атрибутов	atrʲibˈutʌf
рычаги	rytʃʲaɡʲˈɪ
практик	prˈɑktʲik
шара	ʃˈɑra
усвоение	usvʌjˈenʲijɪ
формирование	fʌrmʲirʌvˈɑnʲijɪ
плетений	pɭʲitʲˈenʲij
добрая	dˈobrʌja
спящие	spʲˈɑɕijɪ
среда	srʲidˈɑ
несовместимо	nʲisʌvmʲisʲtʲˈimʌ
зеркала	ʑirkˈɑɭa
серебряный	sʲirʲˈebrʲʌnyj
сохранений	sʌxranʲˈenʲij
сплава	spɭˈɑva
родподз	rˈotpʌds
булав	buɭˈɑf
убрано	ˈubrʌnʌ
стеклодувный	sʲtʲikɭʌdˈuvnyj
лекарей	ɭʲˈekʌrʲij
тюремный	tʲurʲˈemnyj
горновой	ɡˈornʌvʌj
смысла	smˈysɭa
гарнизонный	ɡʌrnʲizˈonnyj
брошенный	brˈoʃynnyj
рыл	rˈyɭ
жрецов	ʒrʲitsˈof
поющей	pʌˈjuɕij
пепельных	pʲˈepʲiɭʲnyx
генератор	ɡʲinʲirˈɑtʌr
рулетка	ruɭʲˈetka
дд	dˌɛdˈɛ
переписчики	pʲirʲipʲˈiɕikʲɪ
брошенные	brˈoʃynnyjɪ
достижимо	dʌsʲtʲiʒˈymʌ
вкольце	fkˈoɭʲtsy
отрезало	ʌtrʲˈezʌɭʌ
слепой	sɭʲipˈoj
домах	dʌmˈɑx
шаманов	ʃamˈɑnʌf
державный	dʲirʒˈɑvnyj
усилен	usʲˈiɭʲin
дес	dʲˈes
донная	dˈonnʌja
солёная	sʌɭʲˈɵnʌja
лавина	ɭavʲˈina
греет	ɡrʲˈejit
одержал	ʌdʲirʒˈɑɭ
гривна	ɡrʲˈivna
собрана	sˈobrʌna
сочетание	sʌtʃʲitˈɑnʲijɪ
нестабильность	nʲistabʲˈiɭʲnʌstʲ
дерётся	dʲirʲˈɵtsʌ
стат	stˈɑt
зачаровано	zʌtʃʲarˈovʌnʌ
поднимитесь	pʌdnʲimʲˈitʲisʲ
орд	ˈort
мёртв	mʲˈɵrtf
марша	mˈɑrʃa
служб	sɭˈuʃp
гол	ɡˈoɭ
выдано	vˈydʌnʌ
похлёбка	pʌxɭʲˈɵpka
ларец	ɭarʲˈets
будит	bˈudʲit
раскрыть	raskrˈytʲ
множителем	mnˈoʒytʲiɭʲim
поверхностей	pʌvʲˈerxnʌsʲtʲij
случаев	sɭˈutʃʲʌjif
вд	vˌɛdˈɛ
крылом	kryɭˈom
высот	vysˈot
песках	pʲiskˈɑx
высь	vˈysʲ
червь	tʃʲˈerfʲ
заданного	zˈɑdʌnnʌvʌ
стражпал	strˈɑʃpʌɭ
вьюк	vjˈjuk
найдите	najdʲˈitʲi
довода	dˈovʌda
сумы	sumˈy
базой	bˈɑzʌj
бор	bˈor
караванной	kʌravˈɑnnʌj
осаду	ʌsˈɑdu
тёмным	tʲˈɵmnym
империям	ɪmʲpʲˈerʲijam
незваного	nʲizvˈɑnʌvʌ
болотных	bʌɭˈotnyx
обратных	ʌbrˈɑtnyx
звезды	zvʲˈezdy
ртов	rtˈof
глазниц	ɡɭaʑnʲˈits
белом	bʲˈeɭʌm
совиного	sʌvʲˈinʌvʌ
свеч	svʲˈetʃʲ
красная	krˈɑsnʌja
обожжёнными	ʌbʌʒʒˈonnymʲɪ
омут	ˈomut
плащах	pɭaɕˈɑx
венок	vʲinˈok
плоты	pɭʌtˈy
местный	mʲˈesnyj
веллар	vʲˈeɭɭʌr
аль-зерр	ˈɑɭʲʑˈerr
спасает	spasˈɑjit
пространственной	prʌstrˈɑnstvʲinnʌj
открылась	ʌtkrˈyɭʌsʲ
пустот	pustˈot
разведчика	razvʲˈettʃʲika
волей	vˈoɭʲij
станции	stˈɑntsyɪ
морфозвери	mʌrfˈozvʲirʲɪ
выбранную	vˈybrʌnnuju
книжника	knʲˈiʒnʲika
уроки	urˈokʲɪ
сплавы	spɭˈɑvy
общежитие	ʌpɕiʒˈytʲijɪ
кафедры	kˈɑfʲidry
происшествий	prʌiʃʃˈɛstvʲij
заговор	zˈɑɡʌvʌr
безопасный	bʲizʌpˈɑsnyj
морфозверя	mʌrfˈozvʲirʲʌ
синдикату	sʲindʲikˈɑtu
проф	prˈof
видение	vʲidʲˈenʲijɪ
ускорено	uskˈorʲinʌ
задержано	zadʲˈerʒʌnʌ
сорвано	sˈorvʌnʌ
шахтёрские	ʃaxtʲˈɵrskʲijɪ
укрупнённо	ukrupnʲˈɵnnʌ
ожидает	ʌʒydˈɑjit
предпочтение	prʲitpʌtʃʲtʲˈenʲijɪ
оружейник	ʌruʒˈɛjnʲik
рогожей	rʌɡˈoʒyj
отгероя	ʌdɡʲˈerʌja
отвещи	ʌtvʲˈeɕɪ
выписано	vˈypʲisʌnʌ
наместе	namʲˈesʲtʲi
матрицы	mˈɑtrʲitsy
создание	sʌzdˈɑnʲijɪ
сбылся	zbˈyɭsʲʌ
списания	spʲisˈɑnʲija
остриём	ʌstrʲiˈɵm
поремеслу	pʌrʲˈemʲisɭu
стопки	stˈopkʲɪ
помолитесь	pʌmʌɭʲˈitʲisʲ
родслово	rʌtsɭˈovʌ
рын	rˈyn
недоступное	nʲidʌstˈupnʌjɪ
освящён	ʌsvʲaɕˈɵn
квестовый	kvʲistˈovyj
проклят	prˈokɭʲʌt
посл	pˈosɭ
идеология	ɪdʲiʌɭˈoɡʲija
жалованье	ʒˈɑɭʌvʌnjjɪ
ополчение	ʌpʌɭtʃʲˈenʲijɪ
фокусов	fˈokusʌf
рд	ˌɛrdˈɛ
шло	ʃɭˈo
сжителями	ʒʒytʲˈeɭʲʌmʲɪ
сбоссом	zbˈossʌm
заполнена	zapˈoɭnʲina
сохранена	sʌxrʌnʲinˈɑ
прогрев	prʌɡrʲˈef
внешний	vnʲˈeʃnʲij
запрещает	zʌprʲiɕˈɑjit
файлом	fˈɑjɭʌm
несуществующий	nʲisuɕistvˈujuɕij
определению	ʌprʲidʲiɭʲˈenʲiju
хостинге	xˈosʲtʲinɡʲi
бегунок	bʲiɡunˈok
зная	znˈɑja
листают	ɭʲistˈɑjut
хроника	xrˈonʲika
игровой	ɪɡrʌvˈoj
считался	ɕitˈɑɭsʲʌ
активным	aktʲˈivnym
уходили	uxʌdʲˈiɭʲɪ
телефона	tʲiɭʲifˈona
подложкой	pʌdɭˈoʃkʌj
эмбиент	ɛmʲbʲijˈent
русском	rˈusskʌm
шуток	ʃˈutʌk
напоминает	nʌpʌmʲinˈɑjit
действиями	dʲˈejstvʲijamʲɪ
русский	rˈusskʲij
темпа	tʲˈempa
андроидных	andrʌˈidnyx
задан	zˈɑdʌn
подробности	pʌdrˈobnʌsʲtʲɪ
автоматически	aftʌmatʲˈitʃʲiskʲɪ
сообщения	sʌʌpɕˈenʲija
пробел	prʌbʲˈeɭ
прерывать	prʲiryvˈɑtʲ
озвучивать	ʌzvˈutʃʲivʌtʲ
полные	pˈoɭnyjɪ
навигация	nʌvʲiɡˈɑtsyja
дыханием	dyxˈɑnʲijim
проходится	prʌxˈodʲitsʌ
назначаются	nʌznatʃʲˈɑjutsʌ
распознаётся	rʌspʌznaˈɵtsʌ
семисот	sʲimʲisˈot
квестовые	kvʲistˈovyjɪ
арки	ˈɑrkʲɪ
рангов	rˈɑnɡʌf
свёрткой	svʲˈɵrtkʌj
каналам	kanˈɑɭʌm
умолчанием	umʌɭtʃʲˈɑnʲijim
рабочий	rabˈotʃʲij
впятеро	fpʲˈɑtʲirʌ
трогают	trˈoɡʌjut
съедают	sjjidˈɑjut
событию	sʌbˈytʲiju
зашиты	zaʃˈyty
разная	rˈɑznʌja
стукает	stˈukʌjit
расстояниям	rʌsstʌˈjanʲijam
скоростям	skʌrʌsʲtʲˈɑm
взвода	vzvˈoda
особенно	ʌsˈobʲinnʌ
суровый	surˈovyj
старыми	stˈɑrymʲɪ
режиме	rʲiʒˈymʲi
играл	ɪɡrˈɑɭ
былосырое	byɭʌsˈyrʌjɪ
привычки	prʲivˈytʃʲkʲɪ
закроется	zakrˈojitsʌ
решит	rʲiʃˈyt
поправить	pʌprˈɑvʲitʲ
руководстве	rukʌvˈotstvʲi
звонок	zvʌnˈok
свёрнутая	svʲˈɵrnutʌja
продолжают	prʌdʌɭʒˈɑjut
вкладки	fkɭˈɑtkʲɪ
забирают	zʌbʲirˈɑjut
поколения	pʌkʌɭʲˈenʲija
полсекунды	pʌɭsʲikˈundy
онлайновые	ʌnɭajnˈovyjɪ
поставьте	pʌstˈɑftʲi
отдаём	ʌddaˈɵm
адаптер	adˈɑptʲir
говорим	ɡʌvʌrʲˈim
резать	rʲˈezʌtʲ
мусор	mˈusʌr
пуск	pˈusk
пали	pˈɑɭʲɪ
выучен	vˈyutʃʲin
например	nʌprʲimʲˈer
ошибкой	ʌʃˈypkʌj
текста	tʲˈeksta
вечно	vʲˈetʃʲnʌ
умолк	umˈoɭk
потеряла	pʌtʲirʲˈɑɭa
доступности	dʌstˈupnʌsʲtʲɪ
реальные	rʲiˈɑɭʲnyjɪ
шину	ʃˈynu
реалистичные	rʲiʌɭʲisʲtʲˈitʃʲnyjɪ
вихрь	vʲˈixrɪ
натяжение	nʌtʲaʒˈɛnʲijɪ
скрежет	skrʲˈeʒyt
каменных	kˈɑmʲinnyx
отличает	ʌtɭʲitʃʲˈɑjit
медвежий	mʲidvʲˈeʒyj
волн	vˈoɭn
паука	pʌukˈɑ
змеи	zmʲˈeɪ
синтезированный	sʲintʲiʑˈirʌvʌnnyj
лошадь	ɭˈoʃʌtʲ
коновязи	kʌnʌvʲˈɑʑɪ
псы	psˈy
крысы	krˈysy
сшибкой	ʃʃˈypkʌj
паника	pˈɑnʲika
толпе	tʌɭpʲˈe
ползёт	pʌɭʑˈɵt
вдалеке	vdʌɭʲikʲˈe
ноту	nˈotu
выпускает	vypuskˈɑjit
пение	pʲˈenʲijɪ
порывы	pʌrˈyvy
сверчки	svʲirtʃʲkʲˈɪ
взмахи	vzmˈɑxɪ
гоблин-налётчик	ɡˈobɭʲinnaɭʲˈɵttʃʲik
тролля	trˈoɭɭʲʌ
огр-громила	ˈoɡrɡrʌmʲˈiɭa
стенающая	sʲtʲinˈɑjuɕʌja
червь-исполин	tʃʲˈerfʲɪspʌɭʲˈin
разгневанный	razɡnʲˈevʌnnyj
паук-тенетник	paˈuktʲinʲitʲnʲˈik
горячий	ɡʌrʲˈɑtʃʲij
снегопад	sʲnʲiɡʌpˈɑt
снегом	sʲnʲˈeɡʌm
совы	sˈovy
резкое	rʲˈeskʌjɪ
чайка	tʃʲˈɑjka
учёный	utʃʲˈɵnyj
неподалёку	nʲipʌdaɭʲˈɵku
топора	tʌpʌrˈɑ
долгим	dˈoɭɡʲim
трещинах	trʲˈeɕinʌx
осциллятором	ʌstsyɭɭʲˈɑtʌrʌm
передан	pʲˈerʲidʌn
сцену	stsˈɛnu
полусотни	pʌɭusˈotʲnʲɪ
оставались	ʌstavˈɑɭʲisʲ
фыркает	fˈyrkʌjit
переступает	pʲirʲistupˈɑjit
зовущий	zʌvˈuɕij
остановлены	ʌstanˈovɭʲiny
завершён	zʌvʲirʃˈon
полуслове	pʌɭusɭˈovʲi
запуска	zˈɑpuska
натуральная	nʌturˈɑɭʲnʌja
различались	rʌzɭʲitʃʲˈɑɭʲisʲ
сработал	srabˈotʌɭ
смута	smˈuta
вариантом	vʌrʲiˈɑntʌm
окраины	ʌkrˈɑiny
песков	pʲiskˈof
валторной	vaɭtˈornʌj
низах	nʲˈizʌx
темой	tʲˈemʌj
светлым	svʲˈetɭym
куполом	kˈupʌɭʌm
недр	nʲˈedr
роста	rˈosta
произошло	prʌizʌʃɭˈo
цепочку	tsypˈotʃʲku
совпал	sʌfpˈɑɭ
большое	bʌɭʲʃˈojɪ
запрещено	zʌprʲiɕinˈo
эпическое	ɛpʲˈitʃʲiskʌjɪ
спокойная	spʌkˈojnʌja
эпическая	ɛpʲˈitʃʲiskʌja
завершение	zʌvʲirʃˈɛnʲijɪ
литавры	ɭʲitˈɑvry
кото	kˈotʌ
тёплые	tʲˈɵpɭyjɪ
светлые	svʲˈetɭyjɪ
бас	bˈɑs
сигнатуры	sʲiɡnatˈury
восходящий	vʌsxʌdʲˈɑɕij
деревянной	dʲirʲivʲˈɑnnʌj
отзвуком	ˈodzvukʌm
металлическим	mʲitaɭɭʲˈitʃʲiskʲim
одинокий	ʌdʲinˈokʲij
створки	stvˈorkʲɪ
длинным	dɭʲˈinnym
оружейной	ʌruʒˈɛjnʌj
тронный	trˈonnyj
пещеру	pʲiɕˈeru
далёкое	daɭʲˈɵkʌjɪ
вблизи	vbɭʲiʑˈɪ
постоялый	pʌstʌˈjaɭyj
странствующий	strˈɑnstvujuɕij
снятая	sʲnʲˈɑtʌja
нутро	nutrˈo
хруст	xrˈust
сгущение	zɡuɕˈenʲijɪ
резец	rʲiʑˈets
навесы	navʲˈesy
перевязка	pʲirʲivʲˈɑska
обращение	ʌbraɕˈenʲijɪ
послушника	pʌsɭˈuʃnʲika
запертый	zˈɑpʲirtyj
тронного	trˈonnʌvʌ
касса	kˈɑssa
фанфары	fanfˈɑry
предвестия	prʲidvʲˈesʲtʲija
сведены	svʲidʲinˈy
хлопки	xɭˈopkʲɪ
орочья	ʌrˈotʃʲjja
раскрыт	raskrˈyt
семьсот	sʲimʲsˈot
людские	ɭʲutskʲˈijɪ
назначению	nʌznatʃʲˈenʲiju
начертание	nʌtʃʲirtˈɑnʲijɪ
свисток	svʲistˈok
нотой	nˈotʌj
шрифта	ʃrʲˈifta
сводами	svˈodʌmʲɪ
синтезированными	sʲintʲiʑirˈovʌnnymʲɪ
задержавшийся	zʌdʲirʒˈɑfʃyjsʲʌ
закрывал	zʌkryvˈɑɭ
поднят	pˈodnʲʌt
немедленно	nʲimʲˈedɭʲinnʌ
мелкое	mʲˈeɭkʌjɪ
пояснение	pʌjasʲnʲˈenʲijɪ
курсора	kursˈora
намеренно	namʲˈerʲinnʌ
элементом	ɛɭʲimʲˈentʌm
расходились	rʌsxʌdʲˈiɭʲisʲ
открылось	ʌtkrˈyɭʌsʲ
перестроиться	pʲirʲistrˈoitsʌ
следующем	sɭʲˈedujuɕim
штамп	ʃtˈɑmp
выбрало	vˈybrʌɭʌ
метку	mʲˈetku
элементов	ɛɭʲimʲˈentʌf
фокусом	fˈokusʌm
уходило	uxʌdʲˈiɭʌ
адреса	adrʲˈesa
переключателя	pʲirʲikɭʲutʃʲˈɑtʲiɭʲʌ
тексте	tʲˈeksʲtʲi
готовы	ɡʌtˈovy
перелистыванием	pʲirʲiɭʲistyvˈɑnʲijim
проходил	prʌxʌdʲˈiɭ
оглавления	ʌɡɭavɭʲˈenʲija
делало	dʲˈeɭʌɭʌ
прямое	prʲamˈojɪ
приходил	prʲixʌdʲˈiɭ
возвращать	vʌzvraɕˈɑtʲ
диспетчер	dʲispʲˈettʃʲir
клавиатуры	kɭʌvʲiatˈury
объектом	ʌbjjˈektʌm
вшита	fʃˈyta
экранного	ɛkrˈɑnnʌvʌ
значимых	znˈɑtʃʲimyx
тронуты	trˈonuty
байт	bˈɑjt
разницы	rˈɑʑnʲitsy
вмешивается	vmʲˈeʃyvʌjitsʌ
удержания	udʲirʒˈɑnʲija
словаре	sɭʌvarʲˈe
включены	fkɭʲutʃʲinˈy
назначен	naznˈɑtʃʲin
фигуре	fʲiɡˈurʲi
выглядел	vˈyɡɭʲʌdʲiɭ
переназначено	pʲirʲinaznˈɑtʃʲinʌ
закрывались	zʌkryvˈɑɭʲisʲ
отдан	ˈoddʌn
эхо-сканом	ˈɛxʌskˈɑnʌm
направлением	nʌpravɭʲˈenʲijim
узле	uzɭʲˈe
подногами	pʌdnˈoɡʌmʲɪ
кнопкам	knˈopkʌm
незаметно	nʲizamʲˈetnʌ
падения	padʲˈenʲija
общему	ˈopɕimu
прерывает	prʲiryvˈɑjit
активирует	aktʲivʲˈirujit
срабатывал	srabˈɑtyvʌɭ
уехать	ujˈexʌtʲ
координатам	kʌʌrdʲinˈɑtʌm
спорило	spˈorʲiɭʌ
подержать	pʌdʲirʒˈɑtʲ
стукнуть	stˈuknutʲ
полноценный	pʌɭnʌtsˈɛnnyj
элемента	ɛɭʲimʲˈenta
предыдущую	prʲidydˈuɕuju
пересечении	pʲirʲisʲitʃʲˈenʲiɪ
тапа	tˈɑpa
разведены	rʌzvʲidʲinˈy
короткого	kʌrˈotkʌvʌ
порогом	pʌrˈoɡʌm
счётчиком	ɕˈɵttʃʲikʌm
закройте	zakrˈojtʲi
настраивается	nastrˈɑivʌjitsʌ
выбором	vˈybʌrʌm
распространение	rʌsprʌstranʲˈenʲijɪ
позиционные	pʌʑitsyˈonnyjɪ
жизнью	ʒˈyʑnjju
гасить	ɡasʲˈitʲ
продолжал	prʌdʌɭʒˈɑɭ
одинаков	ʌdʲinˈɑkʌf
копать	kʌpˈɑtʲ
ремесленник	rʲimʲˈesɭʲinnʲik
избранным	ˈɪzbrʌnnym
запирается	zʌpʲirˈɑjitsʌ
создания	sʌzdˈɑnʲija
детства	dʲˈetstva
покупайте	pʌkupˈɑjtʲi
научились	nʌutʃʲˈiɭʲisʲ
счётные	ɕˈɵtnyjɪ
шнур	ʃnˈur
смелее	smʲiɭʲˈejɪ
машет	mˈɑʃyt
мелких	mʲˈeɭkʲix
крупных	krˈupnyx
сдвинутым	zdvʲˈinutym
заголовком	zʌɡʌɭˈofkʌm
следующим	sɭʲˈedujuɕim
подписи	pˈotpʲisʲɪ
уводило	uvʌdʲˈiɭʌ
надписи	nˈɑtpʲisʲɪ
лентой	ɭʲˈentʌj
бесконечной	bʲiskʌnʲˈetʃʲnʌj
закрытый	zakrˈytyj
шапке	ʃˈɑpkʲi
разбито	razbʲˈitʌ
свайпает	svʌjpajˈet
ближним	bɭʲˈiʒnʲim
способами	spˈosʌbʌmʲɪ
указанные	ukˈɑzʌnnyjɪ
шагнуть	ʃaɡnˈutʲ
образцы	ʌbrastsˈy
изгонять	ɪzɡʌnʲˈɑtʲ
боевых	bʌjivˈyx
расхождение	rʌsxʌʒdʲˈenʲijɪ
рез	rʲˈes
ведите	vʲidʲˈitʲi
десятком	dʲisʲˈɑtkʌm
найденным	nˈɑjdʲinnym
переехал	pʲirʲijˈexʌɭ
перечислит	pʲirʲitʃʲˈisɭʲit
минуту	mʲinˈutu
отсеяны	ʌtʲsʲˈejany
убирает	ubʲirˈɑjit
правке	prˈɑfkʲi
ответила	ʌtvʲˈetʲiɭa
ролям	rʌɭʲˈɑm
подгружаются	pʌdɡruʒˈɑjutsʌ
надобности	nˈɑdʌbnʌsʲtʲɪ
попадания	pʌpadˈɑnʲija
отдельные	ʌdʲdʲˈeɭʲnyjɪ
трактирщика	traktʲˈirɕika
целительницы	tsyɭʲˈitʲiɭʲnʲitsy
получаете	pʌɭutʃʲˈɑjitʲi
бог-покровитель	bˈokpʌkrʌvʲˈitʲilʲ
халифат	xʌɭʲifˈɑt
каганат	kʌɡanˈɑt
отдохнуть	ʌddʌxnˈutʲ
населяют	nʌsʲiɭʲˈɑjut
выньте	vˈynʲtʲi
ближайшей	bɭʲiʒˈɑjʃyj
убитая	ubʲˈitʌja
мертва	mʲirtvˈɑ
объёмные	ʌbjˈɵmnyjɪ
сделайте	ʑdʲˈeɭʌjtʲi
устроены	ustrˈojiny
проще	prˈoɕi
коридоры	kʌrʲidˈory
ориентирование	ʌrʲijintʲˈirʌvʌnʲijɪ
найдя	najdʲˈɑ
опытнее	ˈopytʲnʲijɪ
отрезает	ʌtrʲizˈɑjit
вернётесь	vʲirnʲˈɵtʲisʲ
найденную	nˈɑjdʲinnuju
воины	vˈoiny
укреплений	ukrʲipɭʲˈenʲij
погребальная	pʌɡrʲibˈɑɭʲnʌja
находятся	naxˈodʲʌtsʌ
можете	mˌoʒytʲi
обозников	ʌbˈoʑnʲikʌf
прибытии	prʲibˈytʲiɪ
причалами	prʲitʃʲˈɑɭʌmʲɪ
городским	ɡʌrʌtskʲˈim
проезд	prʌjˈest
судов	sudˈof
коч	kˈotʃʲ
быстрые	bˈystryjɪ
капитана	kʌpʲitˈɑna
снастях	snasʲtʲˈɑx
скрипом	skrʲˈipʌm
швартовка	ʃvartˈofka
пристани	prʲˈistʌnʲɪ
сирена	sʲirʲˈena
штормовой	ʃtʌrmʌvˈoj
корсары	kʌrsˈɑry
призрачная	prʲˈizrʌtʃʲnʌja
эскадра	ɛskˈɑdra
парусах	pʌrusˈɑx
пиратов	pʲirˈɑtʌf
складов	skɭˈɑdʌf
доставить	dʌstˈɑvʲitʲ
клюёт	kɭʲuˈɵt
подаст	pʌdˈɑst
подсекайте	pʌtʲsʲˈekʌjtʲi
рыб	rˈyp
родные	rʌdnˈyjɪ
громовержец	ɡrʌmʌvʲˈerʒyts
предки	prʲˈetkʲɪ
щедрый	ɕˈedryj
ввозят	vvˈoʑʌt
репутацию	rʲiputˈɑtsyju
накатом	nakˈɑtʌm
протоптан	prʌtˈoptʌn
открытыми	ʌtkrˈytymʲɪ
воюющими	vʌˈjujuɕimʲɪ
обстановку	ʌpstanˈofku
ровного	rˈovnʌvʌ
птицами	ptʲˈitsʌmʲɪ
пересекая	pʲirʲisʲikˈɑja
волынки	vʌɭˈynkʲɪ
зурна	zurnˈɑ
деревенская	dʲirʲivʲˈenskʌja
дудка	dˈutka
банджо	bˈɑnʒʌ
полминуты	pʌɭmʲinˈuty
идя	ɪdʲˈɑ
ступает	stupˈɑjit
падением	padʲˈenʲijim
железе	ʒyɭʲˈeʑi
конём	kʌnʲˈɵm
звездопад	zvʲizdʌpˈɑt
благословением	bɭʌɡʌsɭʌvʲˈenʲijim
искрами	ˈɪskrʌmʲɪ
окраин	ʌkrˈɑin
отшельника	ʌtʃˈɛɭʲnʲika
кельтская	kʲˈeɭʲtskʌja
простор	prʌstˈor
вернулась	vʲirnˈuɭʌsʲ
указанием	ukazˈɑnʲijim
песком	pʲiskˈom
обратную	ʌbrˈɑtnuju
фоном	fˈonʌm
маршем	mˈɑrʃym
замирение	zʌmʲirʲˈenʲijɪ
толпой	tʌɭpˈoj
вестью	vʲˈestʲjju
договаривают	dʌɡʌvarʲˈivʌjut
напевом	napʲˈevʌm
древними	drʲˈevnʲimʲɪ
призраки	prʲˈizrʌkʲɪ
толщей	tˈoɭɕij
захода	zaxˈoda
перебирает	pʲirʲibʲirˈɑjit
блеск	bɭʲˈesk
мычит	mytʃʲˈit
ночных	nʌtʃʲnˈyx
пергаменты	pʲirɡˈɑmʲinty
изучите	ɪzˈutʃʲitʲi
расширяет	rʌʃʃyrʲˈɑjit
ускоряет	uskʌrʲˈɑjit
написанное	napʲˈisʌnnʌjɪ
стерёг	sʲtʲirʲˈɵk
забытый	zabˈytyj
свечей	svʲitʃʲˈej
гобелен	ɡʌbʲiɭʲˈen
дрова	drʌvˈɑ
щитами	ɕitˈɑmʲɪ
написал	nʌpʲisˈɑɭ
сделаны	ʑdʲˈeɭʌny
самими	samʲˈimʲɪ
змея	zmʲˈeja
вышине	vyʃynʲˈe
остальной	ʌstaɭʲnˈoj
поимённо	pʌimʲˈɵnnʌ
последними	pʌsɭʲˈednʲimʲɪ
калитки	kaɭʲˈitkʲɪ
гм	ɡˌɛˈɛm
смазывают	smˈɑzyvʌjut
переключение	pʲirʲikɭʲutʃʲˈenʲijɪ
пространстве	prʌstrˈɑnstvʲi
слушаете	sɭˈuʃʌjitʲi
подземелью	pʌdʲʑimʲˈeɭjju
гулкое	ɡˈuɭkʌjɪ
отражений	ʌtraʒˈɛnʲij
акустики	akˈusʲtʲikʲɪ
лестничный	ɭʲˈesnʲitʃʲnyj
драконы-прародители	drakˈonyprʌrʌdʲˈitʲiɭʲɪ
подъёма	pʌdjˈɵma
малой	mˈɑɭʌj
облачный	ˈobɭʌtʃʲnyj
сильный	sʲˈiɭʲnyj
сносит	snˈosʲit
предупреждает	prʲiduprʲiʒdˈɑjit
держа	dʲirʒˈɑ
берегом	bʲˈerʲiɡʌm
журавлиный	ʒuravɭʲˈinyj
стервятники	sʲtʲirvʲˈɑtʲnʲikʲɪ
туча	tˈutʃʲʌ
нетопырей	nʲitʌpyrʲˈej
ощущение	ʌɕuɕˈenʲijɪ
опуститься	ʌpusʲtʲˈitsʌ
найдёте	najdʲˈɵtʲi
сойдя	sʌjdʲˈɑ
высоких	vysˈokʲix
углежогов	uɡɭʲiʒˈoɡʌf
часовщика	tʃʲʌsʌfɕikˈɑ
рыбацкой	rybˈɑtskʌj
крепостные	krʲipʌsnˈyjɪ
гнилые	ɡnʲiɭˈyjɪ
казематы	kʌʑimˈɑty
пиках	pʲˈikʌx
ледниковая	ɭʲidnʲikˈovʌja
роспись	rˈospʲisʲ
кулака	kuɭakˈɑ
ягодами	ˈjaɡʌdʌmʲɪ
наполняется	nʌpʌɭnʲˈɑjitsʌ
углежоги	uɡɭʲiʒˈoɡʲɪ
рудничная	rudnʲˈitʃʲnʌja
будете	bˌudʲitʲi
кузню	kˈuʑnʲu
занимают	zʌnʲimˈɑjut
храмом	xrˈɑmʌm
именным	ɪmʲinnˈym
статуей	stˈɑtujij
троном	trˈonʌm
бочкой	bˈotʃʲkʌj
собранная	sˈobrʌnnʌja
галерея	ɡʌɭʲirʲˈeja
пёс	pʲˈɵs
стеклянная	sʲtʲikɭʲˈɑnnʌja
пещерных	pʲiɕˈernyx
зевов	ʑˈevʌf
утробная	utrˈobnʌja
пустотелый	pustʌtʲˈeɭyj
низших	nʲˈiʃʃyx
божественных	bʌʒˈɛstvʲinnyx
грибожоры	ɡrʲibˈoʒʌry
кожаны	kʌʒˈɑny
костянки	kʌsʲtʲˈɑnkʲɪ
шепчущие	ʃˈɛptʃʲuɕijɪ
зеркальцы	ʑirkˈɑɭʲtsy
сновидцы	snʌvʲˈittsy
трона	trˈona
костницы	kʌsnʲˈitsy
стирается	sʲtʲirˈɑjitsʌ
облик	ˈobɭʲik
посольства	pʌsˈoɭʲstva
побеждённый	pʌbʲiʒdʲˈɵnnyj
землями	ʑˈemɭʲʌmʲɪ
данью	dˈɑnjju
интрига	ɪntrʲˈiɡa
населено	nʌsʲiɭʲinˈo
летающих	ɭʲitˈɑjuɕix
утопление	utʌpɭʲˈenʲijɪ
кончались	kʌntʃʲˈɑɭʲisʲ
горизонты	ɡʌrʲizˈonty
оползень	ˈopʌɭʑinʲ
примите	prʲimʲˈitʲi
убитый	ubʲˈityj
превосходный	prʲivʌsxˈodnyj
слитка	sɭʲˈitka
встаёте	fstaˈɵtʲi
покинули	pʌkʲˈinuɭʲɪ
плаха	pɭˈɑxa
посады	pʌsˈɑdy
спросит	sprˈosʲit
трёх-четырёх	trʲˈɵxtʃʲityrʲˈɵx
вешают	vʲˈeʃʌjut
списывать	spʲˈisyvʌtʲ
ушедших	uʃˈɛtʃyx
прячутся	prʲˈɑtʃʲutʲsʲʌ
глашатая	ɡɭaʃˈɑtʌja
засветло	zˈɑsvʲitɭʌ
испытания	ɪspytˈɑnʲija
купель	kupʲˈelʲ
постоянны	pʌstʌˈjanny
поставил	pʌstˈɑvʲiɭ
корневое	kʌrnʲivˈojɪ
уложение	uɭʌʒˈɛnʲijɪ
громовая	ɡrʌmʌvˈɑja
поверка	pʌvʲˈerka
шовный	ʃˈovnyj
сумеречная	sˈumʲirʲitʃʲnʌja
часовая	tʃʲʌsʌvˈɑja
жилая	ʒyɭˈɑja
сумерек	sˈumʲirʲik
поверочный	pʌvʲˈerʌtʃʲnyj
писем	pʲˈisʲim
башенная	bˈɑʃynnʌja
несуществующая	nʲisuɕistvˈujuɕʌja
трактаты	traktˈɑty
зависела	zavʲˈisʲiɭa
урожайный	urʌʒˈɑjnyj
лов	ɭˈof
низовий	nʲizˈovʲij
впрок	fprˈok
прохожий	prʌxˈoʒyj
постоянному	pʌstʌˈjannʌmu
покупателю	pʌkupˈɑtʲiɭʲu
рудокопы	rudʌkˈopy
изгнанники	ɪzɡnˈɑnnʲikʲɪ
осадное	ʌsˈɑdnʌjɪ
алхимиков	aɭxˈimʲikʌf
бездонный	bʲizdˈonnyj
догорел	dʌɡʌrʲˈeɭ
выдавали	vydavˈɑɭʲɪ
описываются	ʌpʲˈisyvʌjutsʌ
воинское	vˈoinskʌjɪ
стихийное	sʲtʲixˈijnʌjɪ
духовное	duxˈovnʌjɪ
характеристик	xʌrʌktʲirʲˈisʲtʲik
улучшенный	uɭˈutʃynnyj
мифическая	mʲifʲˈitʃʲiskʌja
нестабильную	nʲistabʲˈiɭʲnuju
трюму	trʲˈumu
вычитается	vytʃʲitˈɑjitsʌ
дорогая	dʌrʌɡˈɑja
объясняется	ʌbjjasʲnʲˈɑjitsʌ
сложилась	sɭʌʒˈyɭʌsʲ
нестабильные	nʲistabʲˈiɭʲnyjɪ
разумные	razˈumnyjɪ
проклятая	prʌkɭʲˈɑtʌja
нестабильная	nʲistabʲˈiɭʲnʌja
хозяине	xʌʑˈɑinʲi
поступков	pʌstˈupkʌf
прибавку	prʲibˈɑfku
редкую	rʲˈetkuju
нужной	nˈuʒnʌj
принадлежность	prʲinadɭʲˈeʒnʌstʲ
выполнены	vˈypʌɭnʲiny
броню	brʌnʲˈu
сырые	syrˈyjɪ
густая	ɡustˈɑja
камера	kˈɑmʲira
густо	ɡˈustʌ
получится	pʌɭˈutʃʲitsʌ
остальными	ʌstaɭʲnˈymʲɪ
стоустого	stʌˈustʌvʌ
поймёшь	pʌjmʲˈɵʃ
приписанная	prʲipʲˈisʌnnʌja
назначаемых	nʌznatʃʲˈɑjimyx
пропавшая	prʌpˈɑfʃʌja
пленники	pɭʲˈennʲikʲɪ
культисты	kuɭʲtʲˈisty
певчие	pʲˈeftʃʲijɪ
картографы	kartˈoɡrʌfy
населён	nʌsʲiɭʲˈɵn
кольце	kʌɭʲtsˈɛ
самоцвета	sʌmʌtsvʲˈeta
сырости	sˈyrʌsʲtʲɪ
архонт	arxˈont
перебоя	pʲirʲibˈoja
сотворение	sʌtvʌrʲˈenʲijɪ
правка	prˈɑfka
рукопись	rˈukʌpʲisʲ
манускрипт	mʌnuskrʲˈipt
восстания	vʌsstˈɑnʲija
зарево	zˈɑrʲivʌ
домам	dʌmˈɑm
переменился	pʲirʲimʲinʲˈiɭsʲʌ
группы	ɡrˈuppy
тяжелейшее	tʲʌʒyɭʲˈejʃyjɪ
десятина	dʲisʲatʲˈina
заплатил	zʌpɭatʲˈiɭ
научили	nʌutʃʲˈiɭʲɪ
человеческая	tʃʲiɭʌvʲˈetʃʲiskʌja
метеоритный	mʲitʲiʌrʲˈitnyj
ящера	ˈjaɕira
ясень	ˈjasʲinʲ
слоту	sɭˈotu
редкостью	rʲˈetkʌstʲjju
цеховой	tsyxʌvˈoj
повести	pʌvʲˈesʲtʲɪ
утяжелённое	utʲʌʒyɭʲˈɵnnʌjɪ
облегчённое	ʌbɭʲixtʃʲˈɵnnʌjɪ
закалённое	zʌkaɭʲˈɵnnʌjɪ
щербатое	ɕirbˈɑtʌjɪ
причине	prʲitʃʲˈinʲi
сломалось	sɭʌmˈɑɭʌsʲ
десяткам	dʲisʲˈɑtkʌm
разбитые	razbʲˈityjɪ
деревенский	dʲirʲivʲˈenskʲij
привозное	prʲivˈoznʌjɪ
столичный	stʌɭʲˈitʃʲnyj
дорогое	dʌrʌɡˈojɪ
выплате	vˈypɭʌtʲi
объяснении	ʌbjjasʲnʲˈenʲiɪ
седьмого	sʲidʲmˈovʌ
стоянку	stʌˈjanku
весами	vʲisˈɑmʲɪ
походной	pʌxˈodnʌj
рынках	rˈynkʌx
дружбы	drˈuʒby
рубахой	rubˈɑxʌj
производству	prʌizvˈotstvu
местам	mʲistˈɑm
значилось	znˈɑtʃʲiɭʌsʲ
энергетика	ɛnɛrɡʲˈetʲika
биомантия	bʲiʌmˈɑntʲija
небесный	nʲibʲˈesnyj
инженерия	ɪnʒynʲˈerʲija
закрепляет	zʌkrʲipɭʲˈɑjit
специализаций	spʲitsyʌɭʲizˈɑtsyj
условиями	usɭˈovʲijamʲɪ
негодные	nʲiɡˈodnyjɪ
отсеивает	ʌtʲsʲˈeivʌjit
четвёрки	tʃʲitvʲˈɵrkʲɪ
выписанное	vˈypʲisʌnnʌjɪ
номером	nˈomʲirʌm
описывает	ʌpʲˈisyvʌjit
ассортимент	assʌrtʲimʲˈent
контрабандисты	kʌntrʌbandʲˈisty
производственные	prʌizvˈotstvʲinnyjɪ
плохой	pɭʌxˈoj
ткацкую	tkˈɑtskuju
эфирную	ɛfʲˈirnuju
дефиците	dʲifʲitsˈytʲi
запрещают	zʌprʲiɕˈɑjut
синхронизация	sʲinxrʌnʲizˈɑtsyja
передышки	pʲirʲidˈyʃkʲɪ
критический	krʲitʲˈitʃʲiskʲij
эффективность	ɛffʲiktʲˈivnʌstʲ
декорация	dʲikʌrˈɑtsyja
производной	prʌizvˈodnʌj
считал	ɕitˈɑɭ
уронить	urʌnʲˈitʲ
возьмёшь	vʌʑmʲˈɵʃ
решала	rʲiʃˈɑɭa
ушедшая	uʃˈɛtʃʌja
одними	ʌdnʲˈimʲɪ
планировка	pɭʌnʲirˈofka
гробнице	ɡrʌbnʲˈitsy
порождения	pʌrʌʒdʲˈenʲija
состояний	sʌstʌˈjanʲij
нейтралитета	nʲijtrʌɭʲitʲˈeta
односторонняя	ʌdnʌstʌrˈonnʲʌja
шпионаж	ʃpʲiʌnˈɑʃ
вассал	vassˈɑɭ
сюзерена	sʲuʑirʲˈena
воюющий	vʌˈjujuɕij
ограниченное	ʌɡranʲˈitʃʲinnʌjɪ
злые	zɭˈyjɪ
дюжины	dʲˈuʒyny
политические	pʌɭʲitʲˈitʃʲiskʲijɪ
одиннадцати	ʌdʲˈinnʌttsʌtʲɪ
кузнице	kˈuʑnʲitsy
ковки	kˈofkʲɪ
полосы	pʌɭˈosy
печью	pʲˈetʃʲjju
промыслу	prˈomysɭu
плавильни	pɭavʲˈiɭʲnʲɪ
кожевенной	kʌʒˈɛvʲinnʌj
мастерскую	masʲtʲˈerskuju
седьмое	sʲidʲmˈojɪ
попадалась	pʌpadˈɑɭʌsʲ
новичку	nʌvʲitʃʲkˈu
выпасть	vˈypʌstʲ
родах	rˈodʌx
адамантовый	adamˈɑntʌvyj
выговариваются	vyɡʌvˈɑrʲivʌjutsʌ
пустотного	pustˈotnʌvʌ
осколком	ʌskˈoɭkʌm
грозы	ɡrˈozy
вырван	vˈyrvʌn
вразнобой	vrʌznʌbˈoj
слияние	sɭʲiˈjanʲijɪ
беду	bʲidˈu
аномалию	anʌmˈɑɭʲiju
выдумано	vˈydumʌnʌ
свойствам	svˈojstvʌm
пропадают	prʌpadˈɑjut
согласия	sʌɡɭˈɑsʲija
ладу	ɭˈɑdu
остаточные	ʌstˈɑtʌtʃʲnyjɪ
верное	vʲˈernʌjɪ
бессмысленное	bʲissmˈysɭʲinnʌjɪ
широкой	ʃyrˈokʌj
отдельных	ʌdʲdʲˈeɭʲnyx
размера	razmʲˈera
семейства	sʲimʲˈejstva
простым	prʌstˈym
сброс	zbrˈos
слабостей	sɭˈɑbʌsʲtʲij
сторожить	stʌrʌʒˈytʲ
натиск	nˈɑtʲisk
слабости	sɭˈɑbʌsʲtʲɪ
дозорного	dʌzˈornʌvʌ
отзовётся	ʌdzʌvʲˈɵtsʌ
глоток	ɡɭʌtˈok
тлена	tɭʲˈena
сложен	sɭˈoʒyn
брался	brˈɑɭsʲʌ
богатства	bʌɡˈɑtstva
святилищ	svʲatʲˈiɭʲiɕ
машинный	maʃˈynnyj
нору	nʌrˈu
убитых	ubʲˈityx
краснеет	krasʲnʲˈejit
углам	uɡɭˈɑm
изведанная	ɪzvʲˈedʌnnʌja
уязвимости	ujazvʲˈimʌsʲtʲɪ
закрытого	zakrˈytʌvʌ
назавтра	nazˈɑftra
верхней	vʲˈerxnʲij
верой	vʲˈerʌj
крышу	krˈyʃu
грохот	ɡrˈoxʌt
группа	ɡrˈuppa
отдельным	ʌdʲdʲˈeɭʲnym
вражеский	vrˈɑʒyskʲij
упряжь	ˈuprʲʌʃ
командир	kʌmandʲˈir
сильнейший	sʲiɭʲnʲˈejʃyj
боевое	bʌjivˈojɪ
выживательная	vyʒyvˈɑtʲiɭʲnʌja
исследовательская	ɪssɭʲˈedʌvʌtʲiɭʲskʌja
социальная	sʌtsyˈɑɭʲnʌja
жажды	ʒˈɑʒdy
рвать	rvˈɑtʲ
удешевляет	udʲiʃˈɛvɭʲʌjit
умением	umʲˈenʲijim
связанное	svʲˈɑzʌnnʌjɪ
заработанной	zʌrabˈotʌnnʌj
превратилось	prʲivratʲˈiɭʌsʲ
паспорте	pˈɑspʌrtʲi
мокрому	mˈokrʌmu
штрека	ʃtrʲˈeka
воротов	vˈorʌtʌf
нехорошо	nʲixʌrʌʃˈo
крепях	krʲˈepʲʌx
боковой	bʌkʌvˈoj
передовой	pʲirʲidʌvˈoj
переходчик	pʲirʲixˈottʃʲik
переходам	pʲirʲixˈodʌm
зачтёт	zatʃʲtʲˈɵt
заплачу	zapɭˈɑtʃʲu
услышав	usɭˈyʃʌf
спешить	spʲiʃˈytʲ
заплатят	zapɭˈɑtʲʌt
низа	nʲˈiza
червоточный	tʃʲirvʌtˈotʃʲnyj
литейный	ɭʲitʲˈejnyj
нужнее	nuʒnʲˈejɪ
раненому	rˈɑnʲinʌmu
лечили	ɭʲitʃʲˈiɭʲɪ
преступление	prʲistupɭʲˈenʲijɪ
висело	vʲisʲˈeɭʌ
горстке	ɡˈorstkʲi
горьким	ɡˈorɪkʲim
здоровому	zdʌrˈovʌmu
возня	vʌʑnʲˈɑ
складе	skɭˈɑdʲi
воз	vˈos
скидкой	skʲˈitkʌj
трактиры	traktʲˈiry
постройкой	pʌstrˈojkʌj
спешке	spʲˈeʃkʲi
вора	vˈora
льёт	ɭjˈɵt
пролить	prʌɭʲˈitʲ
дорожит	dʌrʌʒˈyt
эльфа	ˈɛɭʲfa
текстом	tʲˈekstʌm
пообещать	pʌʌbʲiɕˈɑtʲ
получили	pʌɭutʃʲˈiɭʲɪ
советы	sʌvʲˈety
явный	ˈjavnyj
минотавры	mʲinˈotʌvry
король	kʌrˈolʲ
речная	rʲitʃʲnˈɑja
тролли	trˈoɭɭʲɪ
сходы	sxˈody
теневая	tʲinʲivˈɑja
удержать	udʲirʒˈɑtʲ
пытались	pytˈɑɭʲisʲ
халиф	xaɭʲˈif
духами	duxˈɑmʲɪ
оазисов	ʌˈɑʑisʌf
северная	sʲˈevʲirnʌja
левиафаны	ɭʲivʲiafˈɑny
вирмам	vʲˈirmʌm
отделились	ʌdʲdʲiɭʲˈiɭʲisʲ
вождей	vʌʒdʲˈej
сатиры	satʲˈiry
принимается	prʲinʲimˈɑjitsʌ
возражать	vʌzraʒˈɑtʲ
доле	dˈoɭʲi
подсчёт	pʌtɕˈɵt
отвесы	ʌtvʲˈesy
календари	kʌɭʲindarʲˈɪ
приливов	prʲiɭʲˈivʌf
державам	dʲirʒˈɑvʌm
хроносцы	xrʌnˈostsy
долгие	dˈoɭɡʲijɪ
вулкана	vuɭkˈɑna
голосами	ɡʌɭʌsˈɑmʲɪ
кроны	krˈony
рельефа	rʲiɭjjˈefa
съезды	sjjˈezdy
указателем	ukazˈɑtʲiɭʲim
обращения	ʌbraɕˈenʲija
какому	kakˈomu
жмётся	ʒmʲˈɵtsʌ
востока	vʌstˈoka
плиту	pɭʲitˈu
склону	skɭˈonu
сбили	zbʲˈiɭʲɪ
пробивают	prʌbʲivˈɑjut
обходят	ʌpxˈodʲʌt
вброд	vbrˈot
хребта	xrʲiptˈɑ
среднем	srʲˈednʲim
перевалов	pʲirʲivˈɑɭʌf
эхо-скана	ˈɛxʌskˈɑna
столиц	stʌɭʲˈits
косой	kʌsˈoj
спящий	spʲˈɑɕij
скидказаслуг	skʲitkazˈɑsɭuk
эк	ˈɛk
сойдите	sʌjdʲˈitʲi
простора	prʌstˈora
величины	vʲiɭʲˈitʃʲiny
убывает	ubyvˈɑjit
редколесье	rʲitkʌɭʲˈesʲjjɪ
среза	srʲˈeza
угла	uɡɭˈɑ
крупные	krˈupnyjɪ
холоднее	xʌɭʌdnʲˈejɪ
внутреннее	vnˈutrʲinnʲijɪ
озёра	ʌʑˈɵra
архипелаг	arxipʲiɭˈɑk
остановиться	ʌstʌnʌvʲˈitsʌ
куст	kˈust
сушь	sˈuʃ
ушах	uʃˈɑx
твёрдо	tvʲˈɵrdʌ
барханы	barxˈɑny
волнами	vʌɭnˈɑmʲɪ
пустошь	pˈustʌʃ
отвесно	ʌtvʲˈesnʌ
гребень	ɡrʲˈebʲinʲ
чавкает	tʃʲˈɑfkʌjit
осока	ʌsˈoka
подземья	pʌdʲʑˈemʲjja
известняк	ɪzvʲisnʲˈɑk
грузы	ɡrˈuzy
чинится	tʃʲinʲˈitsʌ
умолкает	umʌɭkˈɑjit
середину	sʲirʲidʲˈinu
ручьи	rutʃʲjˈɪ
выходили	vyxˈodʲiɭʲɪ
тоннеля	tʌnnʲˈeɭʲʌ
треснула	trʲˈesnuɭa
нарушить	narˈuʃytʲ
кузнецы	kuʑnʲitsˈy
завтрашний	zˈɑftrʌʃnʲij
расколотое	raskˈoɭʌtʌjɪ
получают	pʌɭutʃʲˈɑjut
спираль	spʲirˈɑlʲ
смертных	smʲˈertnyx
яму	ˈjamu
приняли	prʲˈinʲʌɭʲɪ
хранить	xranʲˈitʲ
удаётся	udaˈɵtsʌ
будущем	bˈuduɕim
переносятся	pʲirʲinˈosʲʌtsʌ
прошла	prʌʃɭˈɑ
торговлю	tʌrɡˈovɭʲu
наследуют	nasɭʲˈedujut
индекс	ˈɪndɛks
знамя	znˈɑmʲʌ
купцов	kuptsˈof
древесина	drʲivʲisʲˈina
доспехи	dʌspʲˈexɪ
осаждают	ʌsaʒdˈɑjut
вождь	vˈoʃtʲ
караванных	kʌravˈɑnnyx
перемирия	pʲirʲimʲˈirʲija
имели	ɪmʲˈeɭʲɪ
официально	ʌfʲitsyˈɑɭʲnʌ
весу	vʲˈesu
дерутся	dʲirˈutʲsʲʌ
вожак	vʌʒˈɑk
искр	ˈɪskr
пастушья	pastˈuʃjja
следопыты	sɭʲidʌpˈyty
стычки	stˈytʃʲkʲɪ
чуют	tʃʲˈujut
лоцманы	ɭˈotsmʌny
сокровищниц	sʌkrˈovʲiɕnʲits
юга	ˈjuɡa
пророс	prʌrˈos
равнине	ravnʲˈinʲi
появилась	pʌjavʲˈiɭʌsʲ
дорогие	dʌrʌɡʲˈijɪ
значится	znˈɑtʃʲitsʌ
проснулись	prʌsnˈuɭʲisʲ
кораллы	kʌrˈɑɭɭy
затонувших	zʌtʌnˈufʃyx
выходить	vyxʌdʲˈitʲ
столетие	stʌɭʲˈetʲijɪ
зим	ʑˈim
наземные	naʑˈemnyjɪ
подковы	pʌtkˈovy
любят	ɭʲˈubʲʌt
болотные	bʌɭˈotnyjɪ
яды	ˈjady
оскорблением	ʌskʌrbɭʲˈenʲijim
сравнение	sravnʲˈenʲijɪ
ссуды	ssˈudy
умброй	ˈumbrʌj
последнюю	pʌsɭʲˈednʲuju
отовсюду	ʌtʌfsʲˈudu
долговые	dʌɭɡʌvˈyjɪ
горячего	ɡʌrʲˈɑtʃʲivʌ
парусов	pʌrusˈof
песчаные	pʲiɕˈɑnyjɪ
выдохнул	vˈydʌxnuɭ
братства	brˈɑtstva
вырезал	vˈyrʲizʌɭ
человеке	tʃʲiɭʌvʲˈekʲi
верхнего	vʲˈerxnʲivʌ
сопровождение	sʌprʌvʌʒdʲˈenʲijɪ
течения	tʲitʃʲˈenʲija
пища	pʲˈiɕʌ
лапы	ɭˈɑpy
вреда	vrʲidˈɑ
долголетия	dʌɭɡʌɭʲˈetʲija
записал	zʌpʲisˈɑɭ
хоронить	xʌrʌnʲˈitʲ
забыть	zabˈytʲ
драконидов	drʌkʌnʲˈidʌf
гарнизоны	ɡʌrnʲizˈony
постоянных	pʌstʌˈjannyx
вынесли	vˈynʲisɭʲɪ
великан	vʲiɭʲikˈɑn
клыки	kɭykʲˈɪ
меха	mʲˈexa
обучения	ʌbutʃʲˈenʲija
запел	zapʲˈeɭ
оставлять	ʌstavɭʲˈɑtʲ
началась	nʌtʃʲaɭˈɑsʲ
даются	daˈjutsʌ
мечи	mʲitʃʲˈɪ
вмешиваются	vmʲˈeʃyvʌjutsʌ
присутствие	prʲisˈutstvʲijɪ
научилась	nʌutʃʲˈiɭʌsʲ
признают	prʲiznaˈjut
остановились	ʌstʌnʌvʲˈiɭʲisʲ
рубка	rˈupka
целые	tsˈɛɭyjɪ
свернул	svʲirnˈuɭ
громкий	ɡrˈomkʲij
выпустил	vˈypusʲtʲiɭ
ударе	udˈɑrʲi
чья-то	tʃʲjˈjatˈo
жизней	ʒˈyʑnʲij
обереги	ʌbʲˈerʲiɡʲɪ
левиафан	ɭʲivʲiafˈɑn
левиафана	ɭʲivʲiafˈɑna
договорились	dʌɡʌvʌrʲˈiɭʲisʲ
висеть	vʲisʲˈetʲ
титаны	tʲitˈɑny
землетрясение	ʑimɭʲitrʲasʲˈenʲijɪ
вечность	vʲˈetʃʲnʌstʲ
чешую	tʃʲiʃuˈju
прародителя	prʌrʌdʲˈitʲiɭʲʌ
контракты	kʌntrˈɑkty
военное	vʌjˈennʌjɪ
вырастет	vˈyrʌsʲtʲit
купеческая	kupʲˈetʃʲiskʌja
экспедиций	ɛkspʲidʲˈitsyj
посла	pʌsɭˈɑ
зараз	zarˈɑs
узнал	uznˈɑɭ
походе	pʌxˈodʲi
небезопасны	nʲibʲizʌpˈɑsny
младшая	mɭˈɑtʃʌja
объявили	ʌbjjavʲˈiɭʲɪ
воюющая	vʌˈjujuɕʌja
односторонние	ʌdnʌstʌrˈonnʲijɪ
товару	tʌvˈɑru
товаре	tʌvˈɑrʲi
покупать	pʌkupˈɑtʲ
разойдутся	rʌzʌjdˈutʲsʲʌ
паломники	paɭˈomnʲikʲɪ
спрашивал	sprˈɑʃyvʌɭ
зерна	ʑˈerna
локального	ɭʌkˈɑɭʲnʌvʌ
выплата	vˈypɭʌta
весна	vʲisnˈɑ
менялась	mʲinʲˈɑɭʌsʲ
выигрывает	vyˈiɡryvʌjit
скидки	skʲˈitkʲɪ
перестанут	pʲirʲistˈɑnut
рады	rˈɑdy
теряла	tʲirʲˈɑɭa
объяснить	ʌbjjasʲnʲˈitʲ
недостатке	nʲidʌstˈɑtkʲi
спрашивали	sprˈɑʃyvʌɭʲɪ
подкуп	pˈotkup
опасная	ʌpˈɑsnʌja
редок	rʲˈedʌk
непогода	nʲipʌɡˈoda
видела	vʲˈidʲiɭa
сделку	ʑdʲˈeɭku
городского	ɡʌrʌtskˈovʌ
чистого	tʃʲˈistʌvʌ
выгода	vˈyɡʌda
лучшие	ɭˈutʃʲʃyjɪ
утром	ˈutrʌm
гонец	ɡʌnʲˈets
военном	vʌjˈennʌm
встречу	fstrʲˈetʃʲu
расчёта	raɕˈɵta
сводке	svˈotkʲi
деревней	dʲirʲˈevnʲij
свежим	svʲˈeʒym
маленький	mˈɑɭʲinʲkʲij
сито	sʲˈitʌ
обозу	ʌbˈozu
сопровождаете	sʌprʌvˈoʒdʌjitʲi
приведёт	prʲivʲidʲˈɵt
портов	pʌrtˈof
продолжает	prʌdʌɭʒˈɑjit
функция	fˈunktsyja
стенами	sʲtʲˈenʌmʲɪ
валторна	vaɭtˈorna
туба	tˈuba
предвестие	prʲidvʲˈesʲtʲijɪ
дурное	durnˈojɪ
звено	zvʲinˈo
сорвался	sʌrvˈɑɭsʲʌ
шипы	ʃypˈy
каменным	kˈɑmʲinnym
ступеням	stupʲˈenʲʌm
гоблин	ɡˈobɭʲin
колдует	kʌɭdˈujit
баллиста	baɭɭʲˈista
камнемёт	kʌmnʲimʲˈɵt
таран	tarˈɑn
загрузки	zaɡrˈuskʲɪ
низкие	nʲˈiskʲijɪ
просторнее	prʌstˈornʲijɪ
размещения	rʌzmʲiɕˈenʲija
уха	ˈuxa
плоским	pɭˈoskʲim
доходят	dʌxˈodʲʌt
расчёт	raɕˈɵt
гоблинов	ɡˈobɭʲinʌf
болотная	bʌɭˈotnʌja
летучие	ɭʲitˈutʃʲijɪ
гнус	ɡnˈus
ручка	rˈutʃʲka
собака	sʌbˈɑka
скотина	skʌtʲˈina
залп	zˈɑɭp
доскам	dˈoskʌm
дымок	dymˈok
огонёк	ʌɡʌnʲˈɵk
титрах	tʲˈitrʌx
упор	upˈor
кандалы	kʌndaɭˈy
кипит	kʲipʲˈit
вырвался	vˈyrvʌɭsʲʌ
скалы	skˈɑɭy
вошло	vʌʃɭˈo
противовес	prʌtʲivʌvʲˈes
световая	svʲitʌvˈɑja
рискованный	rʲiskˈovʌnnyj
отпустили	ʌtpusʲtʲˈiɭʲɪ
закрылся	zakrˈyɭsʲʌ
мертвец	mʲirtvʲˈets
отвечали	ʌtvʲitʃʲˈɑɭʲɪ
обвалом	ʌbvˈɑɭʌm
остывшее	ʌstˈyfʃyjɪ
гремят	ɡrʲimʲˈɑt
плавание	pɭˈɑvʌnʲijɪ
загляните	zʌɡɭʲanʲˈitʲi
грузовые	ɡruzʌvˈyjɪ
дн	dˌɛˈɛn
капитанов	kʌpʲitˈɑnʌf
хранятся	xranʲˈɑtsʌ
подсечка	pʌtʲsʲˈetʃʲka
прибывает	prʲibyvˈɑjit
складывает	skɭˈɑdyvʌjit
поклажу	pʌkɭˈɑʒu
флагом	fɭˈɑɡʌm
выброшенное	vˈybrʌʃynnʌjɪ
старшим	stˈɑrʃym
бросают	brʌsˈɑjut
драться	drˈɑtsʌ
подводный	pʌdvˈodnyj
тумане	tumˈɑnʲi
торчат	tʌrtʃʲˈɑt
пристали	prʲistˈɑɭʲɪ
рёбра	rʲˈɵbra
выдохе	vˈydʌxi
нырять	nyrʲˈɑtʲ
пласт	pɭˈɑst
щепки	ɕˈepkʲɪ
палубе	pˈɑɭubʲi
прибытие	prʲibˈytʲijɪ
проморе	prʌmˈorʲi
эффекта	ɛffʲˈekta
весёлый	vʲisʲˈɵɭyj
свобода	svʌbˈoda
недовольны	nʲidʌvˈoɭʲny
безопасно	bʲizʌpˈɑsnʌ
роднёй	rʌdnʲˈɵj
плетёт	pɭʲitʲˈɵt
ловят	ɭˈovʲʌt
драконов	drakˈonʌf
некоторые	nʲˈekʌtʌryjɪ
поняли	pˈonʲʌɭʲɪ
отблеск	ˈodbɭʲisk
кругам	kruɡˈɑm
красный	krˈɑsnyj
изба	ɪzbˈɑ
гостиный	ɡʌsʲtʲˈinyj
училище	utʃʲˈiɭʲiɕi
рассыплется	rassˈypɭʲitsʌ
зачтётся	zatʃʲtʲˈɵtsʌ
светящиеся	svʲitʲˈɑɕijisʲʌ
породе	pʌrˈodʲi
крупица	krupʲˈitsa
серой	sʲˈerʌj
острее	ʌstrʲˈejɪ
цвета	tsvʲˈeta
сок	sˈok
еды	jɪdˈy
голый	ɡˈoɭyj
тянуть	tʲanˈutʲ
раскрывается	rʌskryvˈɑjitsʌ
лесные	ɭʲisnˈyjɪ
вяжет	vʲˈɑʒyt
сушняк	suʃnʲˈɑk
решал	rʲiʃˈɑɭ
рельефе	rʲiɭjjˈefʲi
наконец	nʌkʌnʲˈets
стоишь	stˈoiʃ
ловит	ɭˈovʲit
высотные	vysˈotnyjɪ
растение	rasʲtʲˈenʲijɪ
корня	kˈornʲʌ
растущий	rastˈuɕij
кормчего	kˈormtʃʲivʌ
хребтовый	xrʲiptˈovyj
хора	xˈora
затягивает	zatʲˈɑɡʲivʌjit
близкое	bɭʲˈiskʌjɪ
магического	maɡʲˈitʃʲiskʌvʌ
частое	tʃʲˈɑstʌjɪ
годно	ɡˈodnʌ
объявлены	ʌbjˈjavɭʲiny
ничьи	nʲitʃʲjˈɪ
пропуска	prˈopuska
отданный	ˈoddʌnnyj
доконца	dʌkˈontsa
ходил	xʌdʲˈiɭ
гарнизоном	ɡʌrnʲizˈonʌm
соляных	sʌɭʲˈɑnyx
назначенного	naznˈɑtʃʲinnʌvʌ
рва	rvˈɑ
знамён	znamʲˈɵn
кривого	krʲivˈovʌ
червеход	tʃʲirvʲixˈot
некроса	nʲikrˈosa
тление	tɭʲˈenʲijɪ
горячей	ɡʌrʲˈɑtʃʲij
жёстче	ʒˈosttʃʲi
связан	svʲˈɑzʌn
выйдите	vˈyjdʲitʲi
выходите	vyxˈodʲitʲi
глазу	ɡɭˈɑzu
столбик	stˈoɭbʲik
единственной	jɪdʲˈinstvʲinnʌj
истина	ˈɪsʲtʲina
разобрана	razˈobrʌna
сказитель	skaʑˈitʲilʲ
жгли	ʒɡɭʲˈɪ
головни	ɡʌɭʌvnʲˈɪ
сложили	sɭʌʒˈyɭʲɪ
соты	sˈoty
хозяину	xʌʑˈɑinu
мельницы	mʲˈeɭʲnʲitsy
целых	tsˈɛɭyx
муравейник	muravʲˈejnʲik
куча	kˈutʃʲʌ
ветку	vʲˈetku
пойдут	pʌjdˈut
шляпки	ʃɭʲˈɑpkʲɪ
стёрт	sʲtʲˈɵrt
трогали	trˈoɡʌɭʲɪ
фумарола	fumˈɑrʌɭa
солончак	sʌɭʌntʃʲˈɑk
рту	rtˈu
отбили	ʌdbʲˈiɭʲɪ
находкой	naxˈotkʌj
водопой	vʌdʌpˈoj
перестала	pʲirʲistˈɑɭa
повадки	pʌvˈɑtkʲɪ
налётчик	naɭʲˈɵttʃʲik
совпадают	sʌfpadˈɑjut
упёрся	upʲˈɵrsʲʌ
упадёт	upadʲˈɵt
сводки	svˈotkʲɪ
темнотой	tʲimnʌtˈoj
пограничного	pʌɡranʲˈitʃʲnʌvʌ
системе	sʲisʲtʲˈemʲi
этапа	ɛtˈɑpa
помечается	pʌmʲitʃʲˈɑjitsʌ
умершего	ˈumʲirʃyvʌ
вывести	vˈyvʲisʲtʲɪ
жадный	ʒˈɑdnyj
реформатор	rʲifʌrmˈɑtʌr
горного	ɡˈornʌvʌ
выкуплен	vˈykupɭʲin
долговой	dʌɭɡʌvˈoj
трудом	trudˈom
сходе	sxˈodʲi
терпит	tʲˈerpʲit
признаёт	prʲiznaˈɵt
отводит	ʌtvˈodʲit
ненавидит	nʲinavʲˈidʲit
старую	stˈɑruju
лавку	ɭˈɑfku
чарах	tʃʲˈɑrʌx
червеходы	tʃʲirvʲˈexʌdy
многорукие	mnʌɡʌrˈukʲijɪ
слепцы	sɭʲiptsˈy
никсора	nʲiksˈora
сумеречники	sˈumʲirʲitʃʲnʲikʲɪ
вестники	vʲˈesnʲikʲɪ
наврали	navrˈɑɭʲɪ
взялся	vʑˈɑɭsʲʌ
вытащил	vˈytʌɕiɭ
преступ	prʲistˈup
детей	dʲitʲˈej
ребёнка	rʲibʲˈɵnka
нажил	nˈɑʒyɭ
разорился	rʌzʌrʲˈiɭsʲʌ
расписание	rʌspʲisˈɑnʲijɪ
деньконца	dʲinʲkˈontsa
ктосейчас	ktʌsʲˈejtʃʲʌs
лично	ɭʲˈitʃʲnʌ
вмешался	vmʲiʃˈɑɭsʲʌ
рубеже	rubʲiʒˈɛ
правдивый	pravdʲˈivyj
правдивая	pravdʲˈivʌja
ценит	tsˈɛnʲit
преступном	prʲistˈupnʌm
думают	dˈumʌjut
убедить	ubʲidʲˈitʲ
слухах	sɭˈuxʌx
обряде	ʌbrʲˈɑdʲi
разговором	rʌzɡʌvˈorʌm
личное	ɭʲˈitʃʲnʌjɪ
пробуждённый	prʌbuʒdʲˈɵnnyj
злой	zɭˈoj
пожимает	pʌʒymˈɑjit
плечами	pɭʲitʃʲˈɑmʲɪ
обещать	ʌbʲiɕˈɑtʲ
проигран	prʌˈiɡrʌn
поправляет	pʌpravɭʲˈɑjit
читайте	tʃʲitˈɑjtʲi
слове	sɭˈovʲi
терять	tʲirʲˈɑtʲ
проверяются	prʌvʲirʲˈɑjutsʌ
фикс	fʲˈiks
проповедников	prʌpʌvʲˈednʲikʌf
сроке	srˈokʲi
ссора	ssˈora
служитель	sɭuʒˈytʲilʲ
оглядывается	ʌɡɭʲˈɑdyvʌjitsʌ
коленях	kʌɭʲˈenʲʌx
выслушать	vˈysɭuʃʌtʲ
храмах	xrˈɑmʌx
службе	sɭˈuʒbʲi
сбитый	zbʲˈityj
выносит	vynˈosʲit
спящего	spʲˈɑɕivʌ
будят	bˈudʲʌt
друзья	druʑjˈja
записанное	zapʲˈisʌnnʌjɪ
косо	kˈosʌ
чуда	tʃʲˈuda
спустись	spusʲtʲˈisʲ
найди	najdʲˈɪ
очисти	ʌtʃʲˈisʲtʲɪ
логовом	ɭˈoɡʌvʌm
богам	bʌɡˈɑm
случалось	sɭutʃʲˈɑɭʌsʲ
переправе	pʲirʲiprˈɑvʲi
пошлине	pˈoʃɭʲinʲi
кристалле	krʲistˈɑɭɭʲi
доволен	dʌvˈoɭʲin
купца	kuptsˈɑ
старики	stʌrʲikʲˈɪ
хоронят	xʌrˈonʲʌt
разбитый	razbʲˈityj
одобряет	ʌdʌbrʲˈɑjit
ответом	ʌtvʲˈetʌm
тропой	trʌpˈoj
солнцу	sˈoɭntsu
верстовой	vʲirstʌvˈoj
путников	pˈutʲnʲikʌf
колонну	kʌɭˈonnu
резьба	rʲiʑbˈɑ
резьбу	rʲiʑbˈu
нашлись	naʃɭʲˈisʲ
лишние	ɭʲˈiʃnʲijɪ
ровными	rˈovnymʲɪ
настроены	nastrˈojiny
осыпается	ʌsypˈɑjitsʌ
горячим	ɡʌrʲˈɑtʃʲim
случаю	sɭˈutʃʲʌju
ставку	stˈɑfku
крикнуть	krʲˈiknutʲ
цепочке	tsypˈotʃʲkʲi
свободен	svʌbˈodʲin
выпало	vˈypʌɭʌ
капюшон	kʌpʲuʃˈon
подтянули	pʌtʲtʲanˈuɭʲɪ
матрос	matrˈos
прочли	prʌtʃʲɭʲˈɪ
обеты	ʌbʲˈety
обета	ʌbʲˈeta
уверены	uvʲˈerʲiny
судя	sˈudʲʌ
разный	rˈɑznyj
открыла	ʌtkrˈyɭa
большая	bʌɭʲʃˈɑja
плавка	pɭˈɑfka
линзу	ɭʲˈinzu
корм	kˈorm
мешке	mʲiʃkʲˈe
пойдёшь	pʌjdʲˈɵʃ
обещали	ʌbʲiɕˈɑɭʲɪ
щупает	ɕˈupʌjit
занял	zˈɑnʲʌɭ
сыты	sˈyty
поймут	pʌjmˈut
шее	ʃˈɛjɪ
разбой	razbˈoj
греется	ɡrʲˈejitsʌ
должника	dʌɭʒnʲikˈɑ
дышат	dˈyʃʌt
дню	dnʲˈu
сочтут	sʌtʃʲtˈut
добру	dʌbrˈu
моют	mˈojut
фракционные	frʌktsyˈonnyjɪ
исследования	ɪssɭʲˈedʌvʌnʲija
иной	ɪnˈoj
наше	nˈɑʃy
межевых	mʲiʒyvˈyx
тайниках	tʌjnʲikˈɑx
мб	ˌɛmbˈɛ
держ	dʲˈerʃ
выполнена	vˈypʌɭnʲina
монстр	mˈonstr
хочу	xʌtʃʲˈu
текстов	tʲˈekstʌf
пылью	pˈyɭjju
гвоздями	ɡvʌʑdʲˈɑmʲɪ
ларь	ɭˈɑrɪ
умбре	ˈumbrʲi
набирают	nʌbʲirˈɑjut
тебе	tʲibʲˈe
успевают	uspʲivˈɑjut
ошибиться	ʌʃybʲˈitsʌ
соблюдают	sʌbɭʲudˈɑjut
подхода	pʌtxˈoda
спискам	spʲˈiskʌm
хроник	xrˈonʲik
дара	dˈɑra
знамени	znˈɑmʲinʲɪ
песнях	pʲˈesʲnʲʌx
городу	ɡˈorʌdu
купеческие	kupʲˈetʃʲiskʲijɪ
проверкой	prʌvʲˈerkʌj
бесполезно	bʲispʌɭʲˈeznʌ
объявил	ʌbjjavʲˈiɭ
нижняя	nʲˈiʒnʲʌja
молодняк	mʌɭʌdnʲˈɑk
вдвоём	vdvʌˈɵm
клановых	kɭˈɑnʌvyx
враньё	vranjˈɵ
оценщики	ʌtsˈɛnɕikʲɪ
признаку	prʲˈiznʌku
жалко	ʒˈɑɭkʌ
поодиночке	pʌʌdʲinˈotʃʲkʲi
врут	vrˈut
честнее	tʃʲisnʲˈejɪ
ночевать	nʌtʃʲivˈɑtʲ
соседом	sʌsʲˈedʌm
охраняют	ʌxranʲˈɑjut
иных	ɪnˈyx
шёпотом	ʃˈopʌtʌm
горело	ɡʌrʲˈeɭʌ
кладбище	kɭˈɑdbʲiɕi
вывеска	vˈyvʲiska
гонцы	ɡʌntsˈy
новость	nˈovʌstʲ
сваях	svˈɑjax
сбоку	zbˈoku
сквозняка	skvʌʑnʲakˈɑ
факела	fˈɑkʲiɭa
капитаны	kʌpʲitˈɑny
лоцмана	ɭˈotsmʌna
запреты	zaprʲˈety
преподают	prʲipʌdaˈjut
сигналом	sʲiɡnˈɑɭʌm
копит	kˈopʲit
раскладка	raskɭˈɑtka
рецептурник	rʲitsyptˈurnʲik
людях	ɭʲˈudʲʌx
мгновение	mɡnʌvʲˈenʲijɪ
гора	ɡʌrˈɑ
отозвалась	ʌtʌzvaɭˈɑsʲ
хватило	xvatʲˈiɭʌ
известной	ɪzvʲˈesnʌj
безымянное	bʲizymʲˈɑnnʌjɪ
спустя	spusʲtʲˈɑ
словоредкости	sɭʌvʌrʲˈetkʌsʲtʲɪ
летописец	ɭʲitʌpʲˈisʲits
первыйпункт	pʲirvyjpˈunkt
горну	ɡˈornu
плавят	pɭˈɑvʲʌt
действиях	dʲˈejstvʲijax
подошла	pʌdʌʃɭˈɑ
учились	utʃʲˈiɭʲisʲ
дымоходе	dymʌxˈodʲi
удачный	udˈɑtʃʲnyj
искал	ɪskˈɑɭ
ровные	rˈovnyjɪ
ответил	ʌtvʲˈetʲiɭ
блестит	bɭʲisʲtʲˈit
натянута	natʲˈɑnuta
острия	ʌstrʲiˈja
взяться	vʑˈɑtsʌ
недостающие	nʲidʌstaˈjuɕijɪ
пространственную	prʌstrˈɑnstvʲinnuju
тягу	tʲˈɑɡu
зк	zˌɛkˈɑ
оглядели	ʌɡɭʲadʲˈeɭʲɪ
рвануло	rvanˈuɭʌ
демонолога	dʲimʌnˈoɭʌɡa
языкам	jazykˈɑm
условием	usɭˈovʲijim
проясняется	prʌjasʲnʲˈɑjitsʌ
выведена	vˈyvʲidʲina
раскрытая	raskrˈytʌja
ярлык	jarɭˈyk
шерсть	ʃˈɛrstʲ
штука	ʃtˈuka
ладонями	ɭadˈonʲʌmʲɪ
кованых	kˈovʌnyx
прутьев	prˈutʲjjif
труха	truxˈɑ
коромысло	kʌrʌmˈysɭʌ
бойницы	bʌjnʲˈitsy
скамьи	skamʲjˈɪ
кухонный	kˈuxʌnnyj
кухарка	kuxˈɑrka
ломать	ɭʌmˈɑtʲ
бегом	bʲˈeɡʌm
уксусом	ˈuksusʌm
вставал	fstavˈɑɭ
поверхностью	pʌvʲˈerxnʌstʲjju
пишет	pʲˈiʃyt
пепельной	pʲˈepʲiɭʲnʌj
корневого	kʌrnʲivˈovʌ
стоящий	stʌˈjaɕij
стоустом	stʌˈustʌm
случайная	sɭutʃʲˈɑjnʌja
выдаётся	vydaˈɵtsʌ
простукивание	prʌstˈukʲivʌnʲijɪ
вынесена	vˈynʲisʲina
координатами	kʌʌrdʲinˈɑtʌmʲɪ
землемер	ʑimɭʲimʲˈer
проводник	prʌvʌdnʲˈik
звонарь	zvʌnˈɑrɪ
неразгаданных	nʲirazɡˈɑdʌnnyx
ближнее	bɭʲˈiʒnʲijɪ
единое	jɪdʲˈinʌjɪ
сундуку	sundukˈu
дерев	dʲirʲˈef
подойдёт	pʌdʌjdʲˈɵt
спецификация	spʲitsyfʲikˈɑtsyja
провернулся	prʌvʲirnˈuɭsʲʌ
крошкой	krˈoʃkʌj
новом	nˈovʌm
промолчать	prʌmʌɭtʃʲˈɑtʲ
пошарить	pʌʃˈɑrʲitʲ
ветхая	vʲˈetxʌja
свёрток	svʲˈɵrtʌk
припасом	prʲipˈɑsʌm
чертежом	tʃʲirtʲiʒˈom
отпереть	ʌtpʲirʲˈetʲ
створкой	stvˈorkʌj
артефактора	artʲifˈɑktʌra
поискать	pʌiskˈɑtʲ
ауру	ˈɑuru
рунное	rˈunnʌjɪ
рунического	runʲˈitʃʲiskʌvʌ
незваным	nʲizvˈɑnym
былор	bˈyɭʌr
выработан	vˈyrʌbʌtʌn
исполнитель	ɪspʌɭnʲˈitʲilʲ
запереть	zʌpʲirʲˈetʲ
попробуйте	pʌprˈobujtʲi
склянки	skɭʲˈɑnkʲɪ
отдыхают	ʌddyxˈɑjut
зажжён	zaʒʒˈon
установить	ustʌnʌvʲˈitʲ
непонятно	nʲipʌnʲˈɑtnʌ
камнерезное	kʌmnʲirʲˈeznʌjɪ
смешать	smʲiʃˈɑtʲ
тонкие	tˈonkʲijɪ
смешивать	smʲˈeʃyvʌtʲ
жёсткой	ʒˈostkʌj
точиле	tʌtʃʲˈiɭʲi
отвал	ʌtvˈɑɭ
выверенная	vˈyvʲirʲinnʌja
клинья	kɭʲˈinjja
разобранная	razˈobrʌnnʌja
плавить	pɭˈɑvʲitʲ
ножом	nʌʒˈom
замедление	zʌmʲidɭʲˈenʲijɪ
ускорение	uskʌrʲˈenʲijɪ
тяжёл	tʲaʒˈoɭ
автономных	aftʌnˈomnyx
ставить	stˈɑvʲitʲ
преметки	prʲimʲˈetkʲɪ
претайники	prʲitˈɑjnʲikʲɪ
положены	pʌɭˈoʒyny
завод	zavˈot
повязка	pʌvʲˈɑska
жару	ʒˈɑru
кормлен	kˈormɭʲin
основу	ʌsnˈovu
плеча	pɭʲitʃʲˈɑ
отпущен	ʌtpˈuɕin
соберите	sʌbʲirʲˈitʲi
горчит	ɡʌrtʃʲˈit
сохнет	sˈoxnʲit
разрывает	rʌzryvˈɑjit
досрочно	dʌsrˈotʃʲnʌ
кадильницы	kadʲˈiɭʲnʲitsy
обещанное	ʌbʲˈeɕʌnnʌjɪ
разорван	razˈorvʌn
стёрты	sʲtʲˈɵrty
платой	pɭˈɑtʌj
исследован	ɪssɭʲˈedʌvʌn
начерчена	natʃʲˈertʃʲina
заключён	zʌkɭʲutʃʲˈɵn
исследовано	ɪssɭʲidˈovʌnʌ
правится	prˈɑvʲitsʌ
тяжёлую	tʲaʒˈoɭuju
читаете	tʃʲitˈɑjitʲi
наяву	nʌjavˈu
падальщиков	pʌdaɭʲɕˈikʌf
падаль	pˈɑdʌlʲ
залог	zaɭˈok
остывшего	ʌstˈyfʃyvʌ
лету	ɭʲˈetu
упадут	upadˈut
сделанных	ʑdʲˈeɭʌnnyx
отпертые	ˈotpʲirtyjɪ
рецепта	rʲitsˈɛpta
прибавлено	prʲibˈɑvɭʲinʌ
сверке	svʲˈerkʲi
атрибуты	atrʲibˈuty
основных	ʌsnʌvnˈyx
духа	dˈuxa
прибавок	prʲibˈɑvʌk
вещам	vʲiɕˈɑm
опозданием	ʌpʌzdˈɑnʲijim
побед	pʌbʲˈet
нагрузку	naɡrˈusku
нестабильное	nʲistabʲˈiɭʲnʌjɪ
эволюционировавшее	ɛvʌɭʲutsyʌnʲˈirʌvʌfʃyjɪ
сотворённые	sʌtvʌrʲˈɵnnyjɪ
алтарей	aɭtarʲˈej
гомункулами	ɡʌmˈunkuɭʌmʲɪ
прилавках	prʲiɭˈɑfkʌx
топором	tʌpʌrˈom
пищи	pʲˈiɕɪ
прочитанные	prʌtʃʲˈitʌnnyjɪ
наложение	nʌɭʌʒˈɛnʲijɪ
изготовление	ɪzɡʌtʌvɭʲˈenʲijɪ
арбалет	arbaɭʲˈet
булава	buɭavˈɑ
укус	ukˈus
идеальное	ɪdʲiˈɑɭʲnʌjɪ
остыли	ʌstˈyɭʲɪ
черт	tʃʲˈert
астральные	astrˈɑɭʲnyjɪ
иллюзий	ɪɭɭʲˈuʑij
находке	naxˈotkʲi
целостности	tsˈɛɭʌsnʌsʲtʲɪ
учёт	utʃʲˈɵt
запасов	zapˈɑsʌf
процедурный	prʌtsydˈurnyj
лут	ɭˈut
безымянного	bʲizymʲˈɑnnʌvʌ
забыто	zabˈytʌ
родп	rˈotp
экипировки	ɛkʲipʲirˈofkʲɪ
секир	sʲikʲˈir
алебард	aɭʲibˈɑrt
кольчуг	kʌɭʲtʃʲˈuk
панцир	pˈɑntsyr
свит	svʲˈit
словаря	sɭʌvarʲˈɑ
пустому	pustˈomu
строения	strʌjˈenʲija
лестницам	ɭʲˈesnʲitsʌm
глухо	ɡɭˈuxʌ
множественном	mnˈoʒystvʲinnʌm
назывались	nʌzyvˈɑɭʲisʲ
молотовый	mʌɭʌtˈovyj
копейный	kʌpʲˈejnyj
сторожевой	stʌrʌʒyvˈoj
стеклодувы	sʲtʲikɭʌdˈuvy
самых	sˈɑmyx
скрипят	skrʲipʲˈɑt
стелется	sʲtʲˈeɭʲitsʌ
нутра	nutrˈɑ
крыша	krˈyʃa
склянок	skɭʲˈɑnʌk
выглядит	vˈyɡɭʲʌdʲit
наледи	nˈɑɭʲidʲɪ
гнилой	ɡnʲiɭˈoj
рудокопов	rudʌkˈopʌf
изгнанников	ɪzɡnˈɑnnʲikʌf
довели	dʌvʲiɭʲˈɪ
подземного	pʌdʲʑˈemnʌvʌ
удалась	udaɭˈɑsʲ
ковали	kʌvˈɑɭʲɪ
куётся	kuˈɵtsʌ
хоронили	xʌrʌnʲˈiɭʲɪ
жильных	ʒˈyɭʲnyx
заперты	zˈɑpʲirty
нишах	nʲˈiʃʌx
обхвата	ʌpxvˈɑta
прямые	prʲamˈyjɪ
кольцевой	kʌɭʲtsyvˈoj
главные	ɡɭˈɑvnyjɪ
найдётся	najdʲˈɵtsʌ
коридора	kʌrʲidˈora
комнату	kˈomnʌtu
запирают	zʌpʲirˈɑjut
глухие	ɡɭuxˈijɪ
внутре	vnˈutrʲi
спалатой	spaɭˈɑtʌj
рассказать	rʌsskazˈɑtʲ
применяли	prʲimʲinʲˈɑɭʲɪ
купишь	kˈupʲiʃ
расспрашивайте	rassprˈɑʃyvʌjtʲi
запишется	zapʲˈiʃytsʌ
повсюду	pʌfsʲˈudu
слушающий	sɭˈuʃʌjuɕij
брат	brˈɑt
волчья	vˈoɭtʃʲjja
идущий	ɪdˈuɕij
зуб	zˈup
помните	pʌmnʲˈitʲi
пятидесятый	pʲʌtʲidʲisʲˈɑtyj
трещин	trʲˈeɕin
геометрию	ɡʲiʌmʲˈetrʲiju
мини-босса	mʲˈinʲɪbˈossa
выкупа	vˈykupa
вручную	vrutʃʲnˈuju
стражперехода	strʌʃpʲirʲˈexʌda
родподземелья	rʌtpʌdʲʑˈemʲiɭjja
шестой	ʃystˈoj
отвесная	ʌtvʲˈesnʌja
отзыв	ˈodzyf
физика	fʲˈiʑika
бегства	bʲˈekstva
спокойны	spʌkˈojny
бездонного	bʲizdˈonnʌvʌ
свойственно	svˈojstvʲinnʌ
осадок	ʌsˈɑdʌk
печатка	pʲitʃʲˈɑtka
сделала	ʑdʲˈeɭʌɭa
летуча	ɭʲitˈutʃʲʌ
росток	rʌstˈok
тиши	tʲiʃˈy
мстит	msʲtʲˈit
потёртая	pʌtʲˈɵrtʌja
изношенная	ɪznˈoʃynnʌja
учителя	utʃʲˈitʲiɭʲʌ
сочет	sʌtʃʲˈet
рама	rˈɑma
рассыпалась	rʌssypˈɑɭʌsʲ
оказывался	ʌkˈɑzyvʌɭsʲʌ
останутся	ʌstˈɑnutʲsʲʌ
лестницей	ɭʲˈesnʲitsyj
школьные	ʃkˈoɭʲnyjɪ
движения	dvʲiʒˈɛnʲija
завершите	zʌvʲirʃˈytʲi
спуститесь	spusʲtʲˈitʲisʲ
бродят	brˈodʲʌt
нам	nˈɑm
откликами	ˈotkɭʲikʌmʲɪ
клеткам	kɭʲˈetkʌm
били	bʲˈiɭʲɪ
дл	dˌɛˈɛɭ
бродячего	brʌdʲˈɑtʃʲivʌ
мёртвое	mʲˈɵrtvʌjɪ
тюрьмы	tʲˈurɪmy
тюрьме	tʲurɪmʲˈe
поднести	pʌdnʲisʲtʲˈɪ
носили	nʌsʲˈiɭʲɪ
скрипучая	skrʲipˈutʃʲʌja
формула	fˈormuɭa
пула	pˈuɭa
богата	bʌɡˈɑta
дквид	tkvʲˈit
пквид	pkvʲˈit
добавлены	dʌbˈɑvɭʲiny
потолке	pʌtʌɭkʲˈe
задевает	zʌdʲivˈɑjit
волю	vˈoɭʲu
достигнута	dʌsʲtʲˈiɡnuta
просили	prʌsʲˈiɭʲɪ
платите	pɭatʲˈitʲi
забивает	zʌbʲivˈɑjit
схватка	sxvˈɑtka
побега	pʌbʲˈeɡa
разбег	razbʲˈek
лек	ɭʲˈek
стихией	sʲtʲixˈijij
стуж	stˈuʃ
тьм	tˌɛmʲˌjaxkʲɪjznˌɑkˈɛm
стёрся	sʲtʲˈɵrsʲʌ
кх	kˌɑxˈɑ
ку	kˈu
называло	nʌzyvˈɑɭʌ
зелёное	ʑiɭʲˈɵnʌjɪ
двоеточие	dvʌjitˈotʃʲijɪ
последнему	pʌsɭʲˈednʲimu
возвращена	vʌzvrʌɕinˈɑ
значения	znatʃʲˈenʲija
нажимает	nʌʒymˈɑjit
областей	ʌbɭasʲtʲˈej
командный	kʌmˈɑndnyj
серый	sʲˈeryj
лечебный	ɭʲitʃʲˈebnyj
фонарей	fʌnarʲˈej
архивов	arxˈivʌf
сервисный	sʲˈervʲisnyj
собранного	sˈobrʌnnʌvʌ
белых	bʲˈeɭyx
ока	ˈoka
сушат	sˈuʃʌt
кор	kˈor
ничья	nʲitʃʲjˈja
осадить	ʌsadʲˈitʲ
защитить	zʌɕitʲˈitʲ
гербовый	ɡʲˈerbʌvyj
данными	dˈɑnnymʲɪ
областям	ʌbɭasʲtʲˈɑm
горнового	ɡˈornʌvʌvʌ
чешуйчатый	tʃʲiʃˈujtʃʲʌtyj
речные	rʲitʃʲnˈyjɪ
ясеневый	ˈjasʲinʲivyj
роще	rˈoɕi
серебряного	sʲirʲˈebrʲʌnʌvʌ
красной	krˈɑsnʌj
грибные	ɡrʲibnˈyjɪ
стеклянной	sʲtʲikɭʲˈɑnnʌj
домом	dˈomʌm
ловец	ɭʌvʲˈets
солёного	sʌɭʲˈɵnʌvʌ
секстант	sʲikstˈɑnt
дружины	druʒˈyny
лазурного	ɭazˈurnʌvʌ
мха	mxˈɑ
ловчий	ɭˈoftʃʲij
тлеет	tɭʲˈejit
котлов	kʌtɭˈof
служите	sɭuʒˈytʲi
родпоимени	rʌtpʌˈimʲinʲɪ
рудознатцы	rudʌznˈɑttsy
братья	brˈɑtʲjja
хранители	xranʲˈitʲiɭʲɪ
обвешивать	ʌbvʲˈeʃyvʌtʲ
мостовщики	mʌstʌfɕikʲˈɪ
горные	ɡˈornyjɪ
летописцы	ɭʲitʌpʲˈistsy
стило	sʲtʲiɭˈo
мёртвые	mʲˈɵrtvyjɪ
зольные	zˈoɭʲnyjɪ
держатели	dʲirʒˈɑtʲiɭʲɪ
немые	nʲimˈyjɪ
молились	mʌɭʲˈiɭʲisʲ
святого	svʲatˈovʌ
вернись	vʲirnʲˈisʲ
племянник	pɭʲimʲˈɑnnʲik
ольгрим	ˈoɭʲɡrʲim
веррей	vʲˈerrʲij
трактовая	trˈɑktʌvʌja
ковыле	kʌvyɭʲˈe
курганы	kurɡˈɑny
масок	mˈɑsʌk
говор	ɡˈovʌr
годна	ɡʌdnˈɑ
сотую	sˈotuju
ветвью	vʲˈetvjju
отпечатков	ʌtpʲitʃʲˈɑtkʌf
ядром	jadrˈom
ковчег	kʌftʃʲˈek
эссенций	ɛsʲsʲˈentsyj
рывок	ryvˈok
вратам	vratˈɑm
разворачивает	rʌzvʌrˈɑtʃʲivʌjit
склонность	skɭˈonnʌstʲ
объявить	ʌbjjavʲˈitʲ
прочитанном	prʌtʃʲˈitʌnnʌm
вязь	vʲˈɑsʲ
мокрые	mˈokryjɪ
передача	pʲirʲidˈɑtʃʲʌ
отдел	ʌdʲdʲˈeɭ
лаб	ɭˈɑp
библ	bʲˈibɭ
приёмная	prʲiˈɵmnʌja
комиссия	kʌmʲˈisʲsʲija
декан	dʲikˈɑn
поступить	pʌstupʲˈitʲ
курсы	kˈursy
скрытая	skrˈytʌja
вор	vˈor
постоялом	pʌstʌˈjaɭʌm
хворь	xvˈorɪ
улику	uɭʲˈiku
раскрыто	raskrˈytʌ
инф	ˈɪnf
переворот	pʲirʲivʌrˈot
внутреннем	vnˈutrʲinnʲim
нарушений	nʌruʃˈɛnʲij
разрешена	rʌzrʲiʃynˈɑ
генеалогия	ɡʲinʲiaɭˈoɡʲija
предателей	prʲidˈɑtʲiɭʲij
шахтёры	ʃaxtʲˈɵry
запечатать	zʌpʲitʃʲˈɑtʌtʲ
запечатан	zʌpʲitʃʲˈɑtʌn
оживает	ʌʒyvˈɑjit
морфозверь	mʌrfˈozvʲirɪ
изучен	ɪzˈutʃʲin
ошейник	ʌʃˈɛjnʲik
домой	dʌmˈoj
технологии	tʲixnʌɭˈoɡʲiɪ
сложится	sɭˈoʒytsʌ
пробуждены	prʌbuʒdʲinˈy
паттерн	pˈɑtʲtʲirn
бежит	bʲiʒˈyt
мутация	mutˈɑtsyja
загрязнение	zʌɡrʲaʑnʲˈenʲijɪ
удержит	udʲˈerʒyt
худ	xˈut
изучать	ɪzutʃʲˈɑtʲ
разума	rˈɑzuma
пробуждения	prʌbuʒdʲˈenʲija
мёртвая	mʲˈɵrtvʌja
родится	rʌdʲˈitsʌ
аномальных	anʌmˈɑɭʲnyx
певец	pʲivʲˈets
стресс	strʲˈess
двигается	dvʲˈiɡʌjitsʌ
женат	ʒynˈɑt
судеб	sudʲˈep
звукпрофиль	zvukprˈofʲilʲ
паспорта	paspˈorta
ползуны	pʌɭzunˈy
семейств	sʲimʲˈejstf
эхокристалл	ɛxʌkrʲˈistʌɭɭ
горячая	ɡʌrʲˈɑtʃʲʌja
звеньев	zvʲˈenjjif
кровля	krˈovɭʲʌ
осторожно	ʌstʌrˈoʒnʌ
миску	mʲˈisku
точат	tˈotʃʲʌt
срытые	srˈytyjɪ
получено	pʌɭˈutʃʲinʌ
столпы	stʌɭpˈy
спрашивайте	sprˈɑʃyvʌjtʲi
оговорка	ʌɡʌvˈorka
астрала	astrˈɑɭa
морока	mʌrˈoka
мрак	mrˈɑk
предчувствие	prʲittʃʲˈustvʲijɪ
откровение	ʌtkrʌvʲˈenʲijɪ
спуталось	spˈutʌɭʌsʲ
бонд	bˈont
потратит	pʌtrˈɑtʲit
связанных	svʲˈɑzʌnnyx
пакета	pakʲˈeta
сновидения	snʌvʲidʲˈenʲija
заклинателю	zʌkɭʲinˈɑtʲiɭʲu
вшк	vˌɛʃˌɑkˈɑ
школаимя	ʃkʌɭˈɑimʲʌ
ступеньрим	stupʲˈenʲrʲim
надоур	nadˈour
грсп	ɡˌɛˌɛrˌɛspˈɛ
гршапка	ɡrʃˈɑpka
влшапка	vɭʃˈɑpka
моиш	mˈoiʃ
вздор	vzdˈor
сдвинулись	zdvʲˈinuɭʲisʲ
пройдут	prʌjdˈut
школсосвоими	ʃkʌɭsʌsvˈoimʲɪ
любимый	ɭʲubʲˈimyj
понимать	pʌnʲimˈɑtʲ
пройдите	prʌjdʲˈitʲi
судьбу	sudʲbˈu
сравнения	sravnʲˈenʲija
завершена	zʌvʲirʃynˈɑ
точечное	tˈotʃʲitʃʲnʌjɪ
локальное	ɭʌkˈɑɭʲnʌjɪ
личн	ɭʲˈitʃʲn
пд	pˌɛdˈɛ
зан	zˈɑn
откр	ˈotkr
клеймят	kɭʲijmʲˈɑt
перегоняют	pʲirʲiɡʌnʲˈɑjut
очищено	ʌtʃʲˈiɕinʌ
компонентов	kʌmpʌnʲˈentʌf
оместе	ʌmʲˈesʲtʲi
неизвестных	nʲiizvʲˈesnyx
вассалы	vassˈɑɭy
тайного	tˈɑjnʌvʌ
подат	pʌdˈɑt
оценка	ʌtsˈɛnka
снимок	sʲnʲˈimʌk
синдикатов	sʲindʲikˈɑtʌf
всуме	fsˈumʲi
перекос	pʲirʲikˈos
планировки	pɭʌnʲirˈofkʲɪ
дёш	dʲˈɵʃ
шаб	ʃˈɑp
городрядом	ɡʌrʌdrʲˈɑdʌm
лёдтёплый	ɭʲˈɵtʲtʲˈɵpɭyj
счётгородов	ɕˈɵdɡʌrʌdʌf
городавсе	ɡʌrˈodʌfsʲi
отказов	ʌtkˈɑzʌf
кол	kˈoɭ
полн	pˈoɭn
остановлена	ʌstanˈovɭʲina
килобайт	kʲiɭʌbˈɑjt
выгрузите	vˈyɡruʑitʲi
извне	ɪzvnʲˈe
битая	bʲˈitʌja
некоторых	nʲˈekʌtʌryx
ссылки	ssˈyɭkʲɪ
автономного	aftʌnˈomnʌvʌ
разметке	razmʲˈetkʲi
вроде	vrˈodʲi
динамичный	dʲinamʲˈitʃʲnyj
положенный	pʌɭˈoʒynnyj
читая	tʃʲitˈɑja
прокрутку	prʌkrˈutku
жестами	ʒˈɛstʌmʲɪ
параметры	parˈɑmʲitry
перескакивать	pʲirʲiskˈɑkʲivʌtʲ
местностей	mʲˈesnʌsʲtʲij
пространственный	prʌstrˈɑnstvʲinnyj
стерео-маяки	sʲtʲˈerʲiʌmʌjakʲˈɪ
откликается	ʌtkɭʲikˈɑjitsʌ
пугает	puɡˈɑjit
смешит	smʲiʃˈyt
развязку	razvʲˈɑsku
установленный	ustanˈovɭʲinnyj
живее	ʒyvʲˈejɪ
отсеиваются	ʌtʲsʲˈeivʌjutsʌ
темпом	tʲˈempʌm
доступа	dˈostupa
тест	tʲˈɛst
минимальная	mʲinʲimˈɑɭʲnʌja
стандартная	standˈɑrtnʌja
произносится	prʌiznˈosʲitsʌ
дубли	dˈubɭʲɪ
описывать	ʌpʲˈisyvʌtʲ
шорохи	ʃˈorʌxɪ
дублируются	dubɭʲˈirujutsʌ
расположении	rʌspʌɭʌʒˈɛnʲiɪ
озвучивания	ʌzvˈutʃʲivʌnʲija
тактильный	taktʲˈiɭʲnyj
описанием	ʌpʲisˈɑnʲijim
вибрацией	vʲibrˈɑtsyjij
переназначить	pʲirʲinaznˈɑtʃʲitʲ
значимое	znˈɑtʃʲimʌjɪ
повесить	pʌvʲˈesʲitʲ
дрожащей	drʌʒˈɑɕij
спеша	spʲiʃˈɑ
засчитано	zaɕˈitʌnʌ
проверку	prʌvʲˈerku
занимал	zʌnʲimˈɑɭ
ссылкой	ssˈyɭkʌj
файлах	fˈɑjɭʌx
перенести	pʲirʲinʲisʲtʲˈɪ
караваном	kʌravˈɑnʌm
божественного	bʌʒˈɛstvʲinnʌvʌ
доказательства	dʌkazˈɑtʲiɭʲstva
образцу	ʌbrastsˈu
озвученная	ʌzvˈutʃʲinnʌja
центре	tsˈɛntrʲi
приватный	prʲivˈɑtnyj
приложение	prʲiɭʌʒˈɛnʲijɪ
продолжала	prʌdʌɭʒˈɑɭa
сохраняя	sʌxranʲˈɑja
довольно	dʌvˈoɭʲnʌ
ползунков	pʌɭzunkˈof
эффектами	ɛffʲˈektʌmʲɪ
диктора	dʲˈiktʌra
надоесть	nʌdʌjˈestʲ
отсев	ʌtʲsʲˈef
русские	rˈusskʲijɪ
включает	fkɭʲutʃʲˈɑjit
жёсткие	ʒˈostkʲijɪ
цен	tsˈɛn
намертво	nˈɑmʲirtvʌ
задуман	zadˈumʌn
жаднее	ʒadnʲˈejɪ
модулей	mˈoduɭʲij
служебный	sɭuʒˈɛbnyj
дойдёт	dʌjdʲˈɵt
обновления	ʌbnʌvɭʲˈenʲija
осознанно	ʌsˈoznʌnnʌ
ткнёт	tknʲˈɵt
сломалась	sɭʌmˈɑɭʌsʲ
пересказывать	pʲirʲiskˈɑzyvʌtʲ
обновилась	ʌbnʌvʲˈiɭʌsʲ
переключаются	pʲirʲikɭʲutʃʲˈɑjutsʌ
получалось	pʌɭutʃʲˈɑɭʌsʲ
шуметь	ʃumʲˈetʲ
договаривала	dʌɡʌvˈɑrʲivʌɭa
замолкал	zʌmʌɭkˈɑɭ
убиваются	ubʲivˈɑjutsʌ
будим	bˈudʲim
петлю	pʲˈetɭʲu
фраз	frˈɑs
оборванная	ʌbˈorvʌnnʌja
годности	ɡˈodnʌsʲtʲɪ
помечен	pʌmʲˈetʃʲin
браузерный	brˈɑuʑirnyj
родной	rʌdnˈoj
сетевые	sʲitʲivˈyjɪ
онлайн	ʌnɭˈɑjn
сервер	sʲˈervʲir
движок	dvʲiʒˈok
ключе	kɭʲutʃʲˈe
клавишей	kɭˈɑvʲiʃyj
браузеров	brˈɑuʑirʌf
куском	kuskˈom
попалось	pʌpˈɑɭʌsʲ
желанию	ʒyɭˈɑnʲiju
осечке	ʌsʲˈetʃʲkʲi
квота	kvˈota
проигрывается	prʌˈiɡryvʌjitsʌ
высказывание	vyskˈɑzyvʌnʲijɪ
миллисекунд	mʲiɭɭʲisʲikˈunt
куске	kuskʲˈe
ждём	ʒdʲˈɵm
погиб	pʌɡʲˈip
цепляется	tsypɭʲˈɑjitsʌ
вокне	vˈoknʲi
длинного	dɭʲˈinnʌvʌ
глохнет	ɡɭˈoxnʲit
перечня	pʲˈerʲitʃʲnʲʌ
перезапуска	pʲirʲizˈɑpuska
снимаем	sʲnʲimˈɑjim
навыка	nˈɑvyka
очков	ʌtʃʲkˈof
приглушает	prʲiɡɭuʃˈɑjit
сэмплы	sˈɛmpɭy
холодного	xʌɭˈodnʌvʌ
мягкое	mʲˈɑxkʌjɪ
рыка	rˈyka
случайность	sɭutʃʲˈɑjnʌstʲ
лёгкого	ɭʲˈɵxkʌvʌ
физическая	fʲiʑˈitʃʲiskʌja
щелчка	ɕiɭtʃʲkˈɑ
звучания	zvutʃʲˈɑnʲija
атаки	atˈɑkʲɪ
добавлен	dʌbˈɑvɭʲin
руническая	runʲˈitʃʲiskʌja
активации	aktʲivˈɑtsyɪ
акцент	aktsˈɛnt
частый	tʃʲˈɑstyj
подвыванием	pʌdvyvˈɑnʲijim
сотрясение	sʌtrʲasʲˈenʲijɪ
чешуе	tʃʲiʃujˈe
стрёкот	strʲˈɵkʌt
выкрик	vˈykrʲik
рычание	rytʃʲˈɑnʲijɪ
рёвом	rʲˈɵvʌm
текстуры	tʲikstˈury
лай	ɭˈɑj
козы	kˈozy
изгороди	ˈɪzɡʌrʌdʲɪ
куры	kˈury
копошатся	kʌpʌʃˈɑtʲsʲʌ
кваканье	kvˈɑkʌnjjɪ
ужаса	ˈuʒʌsa
стой	stˈoj
древка	drʲˈefka
врассыпную	vrʌssypnˈuju
скрипучем	skrʲipˈutʃʲim
стволе	stvʌɭʲˈe
кричал	krʲitʃʲˈɑɭ
пена	pʲˈena
трескается	trʲˈeskʌjitsʌ
мерцает	mʲirtsˈɑjit
стрекот	strʲˈekʌt
гравию	ɡrˈɑvʲiju
реальная	rʲiˈɑɭʲnʌja
угрожающий	uɡrʌʒˈɑjuɕij
огромного	ʌɡrˈomnʌvʌ
сочный	sˈotʃʲnyj
профессий	prʌfʲˈesʲsʲij
нот	nˈot
приветствия	prʲivʲˈetstvʲija
неторопливый	nʲitʌrʌpɭʲˈivyj
хозяйства	xʌʑˈɑjstva
властный	vɭˈɑsnyj
особые	ʌsˈobyjɪ
подворья	pʌdvˈorɪjja
резонирующий	rʲizʌnʲˈirujuɕij
звяканье	zvʲˈɑkʌnjjɪ
низким	nʲˈiskʲim
рисовала	rʲisʌvˈɑɭa
прибор	prʲibˈor
неправильно	nʲiprˈɑvʲiɭʲnʌ
рисованный	rʲisˈovʌnnyj
осциллятора	ʌstsyɭɭʲˈɑtʌra
узнавание	uznavˈɑnʲijɪ
увидят	uvʲˈidʲʌt
собеседника	sʌbʲisʲˈednʲika
рисовались	rʲisʌvˈɑɭʲisʲ
таймеру	tˈɑjmʲiru
заводился	zʌvʌdʲˈiɭsʲʌ
переведены	pʲirʲivʲidʲinˈy
умирающего	umʲirˈɑjuɕivʌ
останавливался	ʌstanˈɑvɭʲivʌɭsʲʌ
сигнала	sʲiɡnˈɑɭa
обязательны	ʌbʲazˈɑtʲiɭʲny
сцена	stsˈɛna
одиночный	ʌdʲinˈotʃʲnyj
канале	kanˈɑɭʲi
трогаем	trˈoɡʌjim
мгновения	mɡnʌvʲˈenʲija
синтезированного	sʲintʲiʑˈirʌvʌnnʌvʌ
писка	pʲˈiska
отнять	ʌtʲnʲˈɑtʲ
заглавие	zaɡɭˈɑvʲijɪ
сильным	sʲˈiɭʲnym
развели	rʌzvʲiɭʲˈɪ
голосам	ɡʌɭʌsˈɑm
усадьба	usˈɑdʲba
написан	napʲˈisʌn
различалась	rʌzɭʲitʃʲˈɑɭʌsʲ
играла	ɪɡrˈɑɭa
находила	nʌxʌdʲˈiɭa
плачем	pɭˈɑtʃʲim
туманными	tumˈɑnnymʲɪ
дурного	durnˈovʌ
сменой	smʲˈenʌj
разным	rˈɑznym
вибрафоном	vʲibrafˈonʌm
дождевой	dʌʒdʲivˈoj
морозными	mʌrˈoznymʲɪ
добавлять	dʌbavɭʲˈɑtʲ
примкнул	prʲimknˈuɭ
сильнейшим	sʲiɭʲnʲˈejʃym
успешная	uspʲˈeʃnʌja
неожиданная	nʲiʌʒˈydʌnnʌja
ценная	tsˈɛnnʌja
сюжетная	sʲuʒˈɛtnʌja
сыгранные	sˈyɡrʌnnyjɪ
волынка	vʌɭˈynka
трудное	trˈudnʌjɪ
победная	pʌbʲˈednʌja
утреннего	ˈutrʲinnʲivʌ
опечатка	ʌpʲitʃʲˈɑtka
включил	fkɭʲutʃʲˈiɭ
пэды	pˈɛdy
хоровой	xʌrʌvˈoj
монетный	mʌnʲˈetnyj
глухих	ɡɭuxˈix
отличие	ʌtɭʲˈitʃʲijɪ
хрустального	xrustˈɑɭʲnʌvʌ
звона	zvˈona
пера	pʲirˈɑ
низкое	nʲˈiskʌjɪ
мычание	mytʃʲˈɑnʲijɪ
лёгким	ɭʲˈɵxkʲim
нервная	nʲˈervnʌja
полотна	pʌɭˈotna
засова	zasˈova
нисходящие	nʲisxʌdʲˈɑɕijɪ
восходящие	vʌsxʌdʲˈɑɕijɪ
крышки	krˈyʃkʲɪ
аккорд	akkˈort
ровное	rˈovnʌjɪ
гулко	ɡˈuɭkʌ
жилого	ʒyɭˈovʌ
одинокая	ʌdʲinˈokʌja
негромкий	nʲiɡrˈomkʲij
хлопок	xɭʌpˈok
колёс	kʌɭʲˈɵs
бубенцы	bubʲintsˈy
животных	ʒyvˈotnyx
реальности	rʲiˈɑɭʲnʌsʲtʲɪ
получился	pʌɭutʃʲˈiɭsʲʌ
развести	rʌzvʲisʲtʲˈɪ
панораму	pʌnʌrˈɑmu
небольшое	nʲibʌɭʲʃˈojɪ
строение	strʌjˈenʲijɪ
неподъёмный	nʲipʌdjˈɵmnyj
удивляются	udʲivɭʲˈɑjutsʌ
оптовый	ʌptˈovyj
зазыв	zazˈyf
целитель	tsyɭʲˈitʲilʲ
снадобьем	snˈɑdʌbjjim
ведущие	vʲidˈuɕijɪ
настенный	nasʲtʲˈennyj
колёса	kʌɭʲˈɵsa
касты	kˈɑsty
зазывалы	zʌzyvˈɑɭy
кусты	kustˈy
взвод	vzvˈot
изученная	ɪzˈutʃʲinnʌja
проходимым	prʌxʌdʲˈimym
набором	nabˈorʌm
глотка	ɡɭˈotka
выбранного	vˈybrʌnnʌvʌ
обещала	ʌbʲiɕˈɑɭa
интернета	ɪntɛrnˈɛta
изданного	ˈɪzdʌnnʌvʌ
проектом	prʌˈɛktʌm
раздельного	raʑdʲˈeɭʲnʌvʌ
кгц	kˌɑɡˌɛtsˈɛ
выгон	vˈyɡʌn
мифических	mʲifʲˈitʃʲiskʲix
тварях	tvˈɑrʲʌx
используется	ɪspˈoɭʲzujitsʌ
исходных	ɪsxˈodnyx
остановлено	ʌstanˈovɭʲinʌ
воспроизводится	vʌsprʌizvˈodʲitsʌ
пап	pˈɑp
элементе	ɛɭʲimʲˈentʲi
называние	nʌzyvˈɑnʲijɪ
найденного	nˈɑjdʲinnʌvʌ
означал	ʌznatʃʲˈɑɭ
предыдущего	prʲidydˈuɕivʌ
пунктах	pˈunktʌx
приклеиваем	prʲikɭʲˈeivʌjim
куску	kuskˈu
читался	tʃʲitˈɑɭsʲʌ
срабатывала	srabˈɑtyvʌɭa
итоге	ɪtˈoɡʲi
ползунки	pʌɭzunkʲˈɪ
обрывал	ʌbryvˈɑɭ
активировало	aktʲivʲˈirʌvʌɭʌ
заглавное	zaɡɭˈɑvnʌjɪ
любому	ɭʲubˈomu
окну	ʌknˈu
управления	upravɭʲˈenʲija
снятую	sʲnʲˈɑtuju
молчалив	mʌɭtʃʲaɭʲˈif
перебивая	pʲirʲibʲivˈɑja
множество	mnˈoʒystvʌ
текстовое	tʲˈekstʌvʌjɪ
прежнем	prʲˈeʒnʲim
оказывалась	ʌkˈɑzyvʌɭʌsʲ
флажок	fɭaʒˈok
закрывало	zʌkryvˈɑɭʌ
переключить	pʲirʲikɭʲutʃʲˈitʲ
перескакивал	pʲirʲiskˈɑkʲivʌɭ
нащупать	naɕˈupʌtʲ
оглавлении	ʌɡɭavɭʲˈenʲiɪ
нажатия	naʒˈɑtʲija
мельче	mʲˈeɭʲtʃʲi
дошли	dʌʃɭʲˈɪ
ввода	vvˈoda
попросил	pʌprʌsʲˈiɭ
дослушать	dʌsɭˈuʃʌtʲ
такому	takˈomu
клика	kɭʲˈika
перехватчик	pʲirʲixvˈɑttʃʲik
наш	nˈɑʃ
возвращал	vʌzvraɕˈɑɭ
реального	rʲiˈɑɭʲnʌvʌ
защищает	zʌɕiɕˈɑjit
призрачного	prʲˈizrʌtʃʲnʌvʌ
своёместо	svʌˈɵmʲistʌ
дубликат	dubɭʲikˈɑt
сбивал	zbʲivˈɑɭ
перекрывало	pʲirʲikryvˈɑɭʌ
чёткий	tʃʲˈɵtkʲij
повторов	pʌftˈorʌf
логика	ɭˈoɡʲika
кликов	kɭʲˈikʌf
осмотре	ʌsmˈotrʲi
переназначение	pʲirʲinʌznatʃʲˈenʲijɪ
значимые	znˈɑtʃʲimyjɪ
привычка	prʲivˈytʃʲka
неудобно	nʲiudˈobnʌ
присланный	prʲˈisɭʌnnyj
словарь	sɭʌvˈɑrɪ
фигурой	fʲiɡˈurʌj
появился	pʌjavʲˈiɭsʲʌ
частым	tʃʲˈɑstym
провёл	prʌvʲˈɵɭ
назначены	naznˈɑtʃʲiny
замолчать	zʌmʌɭtʃʲˈɑtʲ
нынешняя	nˈynʲiʃnʲʌja
назначенное	naznˈɑtʃʲinnʌjɪ
молчим	mʌɭtʃʲˈim
назначена	naznˈɑtʃʲina
спорил	spˈorʲiɭ
привыкший	prʲivˈykʃyj
подтверждать	pʌdtvʲirʒdˈɑtʲ
соляным	sʌɭʲanˈym
незавершённых	nʲizʌvʲirʃˈonnyx
звал	zvˈɑɭ
движением	dvʲiʒˈɛnʲijim
собирало	sʌbʲirˈɑɭʌ
переставало	pʲirʲistavˈɑɭʌ
появлялся	pʌjavɭʲˈɑɭsʲʌ
вооружает	vʌʌruʒˈɑjit
экипированное	ɛkʲipʲirˈovʌnnʌjɪ
доступное	dʌstˈupnʌjɪ
конкретный	kʌnkrʲˈetnyj
слоте	sɭˈotʲi
маной	mˈɑnʌj
вязкими	vʲˈɑskʲimʲɪ
коснулись	kʌsnˈuɭʲisʲ
правилом	pravʲˈiɭʌm
прилипает	prʲiɭʲipˈɑjit
отсчитывается	ʌtɕˈityvʌjitsʌ
дрожащая	drʌʒˈɑɕʌja
задерживается	zadʲˈerʒyvʌjitsʌ
съедал	sjjidˈɑɭ
прилипшую	prʲiɭʲˈipʃuju
отнимало	ʌtʲnʲimˈɑɭʌ
доходил	dʌxʌdʲˈiɭ
нарочное	narˈotʃʲnʌjɪ
отличить	ʌtɭʲitʃʲˈitʲ
ожидания	ʌʒydˈɑnʲija
успевало	uspʲivˈɑɭʌ
училась	utʃʲˈiɭʌsʲ
ритмам	rʲˈitmʌm
взаимодействует	vzʌimʌdʲˈejstvujit
многопальцевые	mnʌɡʌpˈɑɭʲtsyvyjɪ
помечал	pʌmʲitʃʲˈɑɭ
останавливает	ʌstanˈɑvɭʲivʌjit
гасим	ɡˈɑsʲim
совпадать	sʌfpadˈɑtʲ
взводится	vzvˈodʲitsʌ
отменяется	ʌtmʲinʲˈɑjitsʌ
начался	nʌtʃʲaɭsʲˈɑ
свайпе	svˈɑjpʲi
работало	rabˈotʌɭʌ
отрыва	ʌtrˈyva
запоминаем	zʌpʌmʲinˈɑjim
порогсдвига	pʌrˈoɡzdvʲiɡa
названиями	nazvˈɑnʲijamʲɪ
сбивало	zbʲivˈɑɭʌ
доживает	dʌʒyvˈɑjit
скользит	skʌɭʲʑˈit
проверяем	prʌvʲirʲˈɑjim
отрыв	ʌtrˈyf
вдобавок	vdʌbˈɑvʌk
обнуляется	ʌbnuɭʲˈɑjitsʌ
подсекает	pʌtʲsʲikˈɑjit
аккуратно	akkurˈɑtnʌ
съехавшее	sjjˈexʌfʃyjɪ
взвело	vzvʲiɭˈo
переставляло	pʲirʲistˈɑvɭʲʌɭʌ
взводило	vzvʌdʲˈiɭʌ
следующее	sɭʲˈedujuɕijɪ
распознан	raspˈoznʌn
чётче	tʃʲˈɵttʃʲi
досылает	dʌsyɭˈɑjit
протяжении	prʌtʲaʒˈɛnʲiɪ
жал	ʒˈɑɭ
неправдой	nʲiprˈɑvdʌj
одинаковый	ʌdʲinˈɑkʌvyj
исследователь	ɪssɭʲˈedʌvʌtʲilʲ
продавайте	prʌdavˈɑjtʲi
чернильница	tʃʲirnʲˈiɭʲnʲitsa
тянуло	tʲanˈuɭʌ
знаку	znˈɑku
начат	nˈɑtʃʲʌt
начали	nˈɑtʃʲʌɭʲɪ
переигрывают	pʲirʲiiɡrˈyvʌjut
подбирались	pʌdbʲirˈɑɭʲisʲ
длительностям	dɭʲˈitʲiɭʲnʌsʲtʲʌm
твёрдой	tvʲˈɵrdʌj
движений	dvʲiʒˈɛnʲij
дрожи	drˈoʒy
сдвинул	zdvʲˈinuɭ
дробное	drˈobnʌjɪ
списков	spʲˈiskʌf
необязательно	nʲiʌbʲazˈɑtʲiɭʲnʌ
артельном	artʲˈeɭʲnʌm
заправляет	zʌpravɭʲˈɑjit
владыке	vɭadˈykʲi
щупом	ɕˈupʌm
найденное	nˈɑjdʲinnʌjɪ
составить	sʌstˈɑvʲitʲ
глушь	ɡɭˈuʃ
издали	ɪzdˈɑɭʲɪ
перебора	pʲirʲibˈora
сбежать	zbʲiʒˈɑtʲ
считала	ɕitˈɑɭa
траты	trˈɑty
обойдётся	ʌbʌjdʲˈɵtsʌ
тронет	trˈonʲit
созвучие	sʌzvˈutʃʲijɪ
слотами	sɭʌtˈɑmʲɪ
пожаловать	pʌʒˈɑɭʌvʌtʲ
размером	razmʲˈerʌm
миллиарда	mʲiɭɭʲiˈɑrda
вспоминается	fspʌmʲinˈɑjitsʌ
попали	pʌpˈɑɭʲɪ
подошло	pʌdʌʃɭˈo
предлагал	prʲidɭaɡˈɑɭ
оставят	ʌstˈɑvʲʌt
касаться	kasˈɑtsʌ
повороте	pʌvʌrˈotʲi
забивать	zʌbʲivˈɑtʲ
помогают	pʌmʌɡˈɑjut
девается	dʲivˈɑjitsʌ
объектами	ʌbjjˈektʌmʲɪ
трубами	trˈubʌmʲɪ
кружкой	krˈuʃkʌj
подобрать	pʌdʌbrˈɑtʲ
сетевой	sʲitʲivˈoj
звукам	zvˈukʌm
врать	vrˈɑtʲ
фермера	fʲˈermʲira
драконьего	drakˈonjjivʌ
друидический	druidʲˈitʃʲiskʲij
неровная	nʲirˈovnʌja
кланхоллы	kɭanxˈoɭɭy
войдите	vʌjdʲˈitʲi
рас	rˈɑs
перекрывает	pʲirʲikryvˈɑjit
противнике	prʌtʲˈivnʲikʲi
столицу	stʌɭʲˈitsu
окончательно	ʌkʌntʃʲˈɑtʲiɭʲnʌ
взмахнуть	vzmaxnˈutʲ
поднимется	pʌdnʲˈimʲitsʌ
оставляла	ʌstavɭʲˈɑɭa
нередко	nʲirʲˈetkʌ
противники	prʌtʲˈivnʲikʲɪ
нисходящими	nʲisxʌdʲˈɑɕimʲɪ
восходящими	vʌsxʌdʲˈɑɕimʲɪ
монетами	mʌnʲˈetʌmʲɪ
храмовым	xrˈɑmʌvym
вылетает	vyɭʲitˈɑjit
забытые	zabˈytyjɪ
что-либо	ʃtoɭʲˈibʌ
возложить	vʌzɭʌʒˈytʲ
советники	sʌvʲˈetʲnʲikʲɪ
блокада	bɭʌkˈɑda
осквернённый	ʌskvʲirnʲˈɵnnyj
лазутчики	ɭazˈuttʃʲikʲɪ
вариантами	vʌrʲiˈɑntʌmʲɪ
выберете	vˈybʲirʲitʲi
нехваткой	nʲixvˈɑtkʌj
пошлиной	pˈoʃɭʲinʌj
засаде	zasˈɑdʲi
потеряете	pʌtʲirʲˈɑjitʲi
трактирщики	traktʲˈirɕikʲɪ
доставку	dʌstˈɑfku
перечислены	pʲirʲitʃʲˈisɭʲiny
галера	ɡaɭʲˈera
барка	bˈɑrka
крадёт	kradʲˈɵt
встречный	fstrʲˈetʃʲnyj
дадут	dadˈut
рогом	rˈoɡʌm
акул	akˈuɭ
жгучих	ʒɡˈutʃʲix
медуз	mʲidˈus
рыба-остров	rˈybaˈostrʌf
красные	krˈɑsnyjɪ
барханного	barxˈɑnnʌvʌ
нанимается	nʌnʲimˈɑjitsʌ
встрече	fstrʲˈetʃʲi
пиратами	pʲirˈɑtʌmʲɪ
корму	kˈormu
водах	vˈodʌx
грузами	ɡrˈuzʌmʲɪ
партиями	pˈɑrtʲijamʲɪ
пустят	pˈusʲtʲʌt
опоздали	ʌpʌzdˈɑɭʲɪ
подряда	pʌdrʲˈɑda
палубного	pˈɑɭubnʌvʌ
клюнет	kɭʲˈunʲit
привлекает	prʲivɭʲikˈɑjit
рудники	rudnʲikʲˈɪ
отбирают	ʌdbʲirˈɑjut
роде	rˈodʲi
ликоносная	ɭʲikʌnˈosnʌja
вулканы	vuɭkˈɑny
последователям	pʌsɭʲˈedʌvʌtʲiɭʲʌm
дешёвые	dʲiʃˈovyjɪ
благосклонностью	bɭʌɡʌskɭˈonnʌstʲjju
нейтралитетом	nʲijtrʌɭʲitʲˈetʌm
идущая	ɪdˈuɕʌja
находитесь	nʌxʌdʲˈitʲisʲ
жителям	ʒˈytʲiɭʲʌm
поднимаете	pʌdnʲimˈɑjitʲi
озвучивает	ʌzvˈutʃʲivʌjit
шелестом	ʃˈɛɭʲistʌm
медный	mʲˈednyj
шлях	ʃɭʲˈɑx
блуждая	bɭuʒdˈɑja
указатели	ukazˈɑtʲiɭʲɪ
побывав	pʌbyvˈɑf
встанете	fstˈɑnʲitʲi
отправления	ʌtpravɭʲˈenʲija
пустит	pˈusʲtʲit
бульканьем	bˈuɭʲkʌnjjim
зноем	znˈojim
сменилась	smʲinʲˈiɭʌsʲ
придворный	prʲidvˈornyj
лязгает	ɭʲˈɑzɡʌjit
торговыми	tʌrɡˈovymʲɪ
караульный	kʌraˈuɭʲnyj
кличем	kɭʲˈitʃʲim
постукивает	pʌstˈukʲivʌjit
верстаками	vʲirstakˈɑmʲɪ
бойцов	bʌjtsˈof
трубой	trubˈoj
покажется	pʌkˈɑʒytsʌ
нечисти	nʲˈetʃʲisʲtʲɪ
тетивой	tʲitʲivˈoj
окликом	ˈokɭʲikʌm
колокольчиком	kʌɭʌkˈoɭʲtʃʲikʌm
фанфарами	fanfˈɑrʌmʲɪ
подвале	pʌdvˈɑɭʲi
глухота	ɡɭuxʌtˈɑ
южный	ˈjuʒnyj
снегов	sʲnʲiɡˈof
недоброго	nʲidˈobrʌvʌ
написаны	napʲˈisʌny
авторов	ˈɑftʌrʌf
создателях	sʌzdˈɑtʲiɭʲʌx
грязью	ɡrʲˈɑʑjju
подвала	pʌdvˈɑɭa
начнётся	natʃʲnʲˈɵtsʌ
какую	kakˈuju
площадки	pɭʌɕˈɑtkʲɪ
ловушкой	ɭʌvˈuʃkʌj
лестницу	ɭʲˈesnʲitsu
шумовым	ʃumʌvˈym
осадным	ʌsˈɑdnym
органом	ʌrɡˈɑnʌm
обо	ˈobʌ
голубиную	ɡʌɭubʲˈinuju
безвестного	bʲizvʲˈesnʌvʌ
герольда	ɡʲirˈoɭʲda
враждебный	vraʒdʲˈebnyj
противником	prʌtʲˈivnʲikʌm
арфой	ˈɑrfʌj
рубит	rˈubʲit
клинков	kɭʲinkˈof
рычат	rytʃʲˈɑt
визжат	vʲiʒʒˈɑt
шипят	ʃypʲˈɑt
нечеловеческим	nʲitʃʲiɭʌvʲˈetʃʲiskʲim
каст	kˈɑst
чертит	tʃʲˈertʲit
наигрывает	naˈiɡryvʌjit
гармонику	ɡarmˈonʲiku
подземным	pʌdʲʑˈemnym
папку	pˈɑpku
скачали	skatʃʲˈɑɭʲɪ
переступают	pʲirʲistupˈɑjut
подлесок	pʌdɭʲˈesʌk
квакают	kvˈɑkʌjut
бегают	bʲˈeɡʌjut
древком	drʲˈefkʌm
спором	spˈorʌm
эль	ˈɛlʲ
архивные	arxˈivnyjɪ
лари	ɭarʲˈɪ
писанием	pʲisˈɑnʲijim
позволяют	pʌzvʌɭʲˈɑjut
незамеченным	nʲizamʲˈetʃʲinnym
удваивает	udvˈɑivʌjit
снижает	sʲnʲiʒˈɑjit
предельной	prʲidʲˈeɭʲnʌj
мане	mˈɑnʲi
писания	pʲisˈɑnʲija
книжные	knʲˈiʒnyjɪ
роняли	rʌnʲˈɑɭʲɪ
ценнее	tsynnʲˈejɪ
выдуманы	vˈydumʌny
звёздам	zvʲˈɵzdʌm
мелет	mʲˈeɭʲit
передышка	pʲirʲidˈyʃka
поят	pˈojat
лежанке	ɭʲiʒˈɑnkʲi
верхушка	vʲirxˈuʃka
сталагмита	stʌɭaɡmʲˈita
комода	kʌmˈoda
прибрано	prʲˈibrʌnʌ
проектов	prʌˈɛktʌf
стратегия	stratʲˈeɡʲija
сражаются	sraʒˈɑjutsʌ
проект	prʌˈɛkt
архимага	arxˈimʌɡa
бездна	bʲˈezna
свободная	svʌbˈodnʌja
пески	pʲiskʲˈɪ
холм	xˈoɭm
пофайловые	pʌfajɭˈovyjɪ
лицензиями	ɭʲitsˈɛnʑijamʲɪ
разрешено	rʌzrʲiʃynˈo
брались	braɭʲˈisʲ
условиях	usɭˈovʲijax
ударные	udˈɑrnyjɪ
убраны	ˈubrʌny
добавились	dʌbˈɑvʲiɭʲisʲ
хрипы	xrʲˈipy
ссыпаемого	ssypajˈemʌvʌ
клинку	kɭʲinkˈu
построено	pʌstrˈojinʌ
платном	pɭˈɑtnʌm
тарифе	tarʲˈifʲi
учётной	utʃʲˈɵtnʌj
мужской	muʃskˈoj
файлы	fˈɑjɭy
строками	strʌkˈɑmʲɪ
озвучку	ʌzvˈutʃʲku
сохранением	sʌxranʲˈenʲijim
формант	fʌrmˈɑnt
человеческим	tʃʲiɭʌvʲˈetʃʲiskʲim
библиотеку	bʲibɭʲiʌtʲˈeku
правее	pravʲˈejɪ
человеческой	tʃʲiɭʌvʲˈetʃʲiskʌj
по-английски	pˈoanɡɭʲˈijskʲɪ
огибает	ʌɡʲibˈɑjit
ушную	uʃnˈuju
раковину	rˈɑkʌvʲinu
севере	sʲˈevʲirʲi
крутится	krˈutʲitsʌ
играйте	ɪɡrˈɑjtʲi
ушами	uʃˈɑmʲɪ
колонки	kʌɭˈonkʲɪ
пропадёт	prʌpadʲˈɵt
вкладка	fkɭˈɑtka
заблокированный	zʌbɭʌkʲˈirʌvʌnnyj
рычит	rytʃʲˈit
урчит	urtʃʲˈit
юго-востока	ˈjuɡʌvʌstˈoka
западнее	zˈɑpʌdnʲijɪ
позвякивает	pʌzvʲˈɑkʲivʌjit
отодвинется	ʌtʌdvʲˈinʲitsʌ
стихнет	sʲtʲˈixnʲit
придвинется	prʲidvʲˈinʲitsʌ
хочется	xˈotʃʲitsʌ
яркий	ˈjarkʲij
шлепок	ʃɭʲipˈok
близких	bɭʲˈiskʲix
съеден	sjjˈedʲin
замковый	zamkˈovyj
измерения	ɪzmʲirʲˈenʲija
вела	vʲiɭˈɑ
летает	ɭʲitˈɑjit
взлететь	vzɭʲitʲˈetʲ
ближайшую	bɭʲiʒˈɑjʃuju
различимо	rʌzɭʲitʃʲˈimʌ
помеха	pʌmʲˈexa
предупредит	prʲiduprʲidʲˈit
опуститесь	ʌpusʲtʲˈitʲisʲ
крылатой	kryɭˈɑtʌj
лететь	ɭʲitʲˈetʲ
тяжелеет	tʲʌʒyɭʲˈejit
снёс	sʲnʲˈɵs
пещер	pʲiɕˈer
обитаемо	ʌbʲitˈɑjimʌ
хребтами	xrʲiptˈɑmʲɪ
кружат	krˈuʒʌt
песками	pʲiskˈɑmʲɪ
расщелины	rasʲsʲɕˈeɭʲiny
отвесной	ʌtvʲˈesnʌj
птичьим	ptʲˈitʃʲjim
колокольцем	kʌɭʌkˈoɭʲtsym
привязано	prʲivʲˈɑzʌnʌ
отвеса	ʌtvʲˈesa
лугов	ɭuɡˈof
седла	sʲˈedɭa
узды	uzdˈy
плоскогорьях	pɭʌskʌɡˈorɪjjax
перелётам	pʲirʲiɭʲˈɵtʌm
гончарная	ɡʌntʃʲˈɑrnʌja
игорная	ɪɡˈornʌja
певческая	pʲˈeftʃʲiskʌja
подковная	pʌtkˈovnʌja
замочная	zamˈotʃʲnʌja
стихийника	sʲtʲixˈijnʲika
костяника	kʌsʲtʲanʲˈika
поминальный	pʌmʲinˈɑɭʲnyj
странноприимный	strʌnnʌprʲiˈimnyj
гончарный	ɡʌntʃʲˈɑrnyj
вёсла	vʲˈɵsɭa
обжиг	ˈobʒyk
различаются	rʌzɭʲitʃʲˈɑjutsʌ
звериные	zvʲirʲˈinyjɪ
гробничных	ɡrʌbnʲˈitʃʲnyx
звериной	zvʲirʲˈinʌj
рудничной	rudnʲˈitʃʲnʌj
подпольные	pʌtpˈoɭʲnyjɪ
молельни	mʌɭʲˈeɭʲnʲɪ
подстилка	pʌtsʲtʲˈiɭka
заклинаниям	zʌkɭʲinˈɑnʲijam
драконьем	drakˈonjjim
собственным	sˈopstvʲinnym
ракушкой	rakˈuʃkʌj
промыслом	prˈomysɭʌm
расскажут	rasskˈɑʒut
дальнему	dˈɑɭʲnʲimu
узнав	uznˈɑf
вашим	vˈɑʃym
выучку	vˈyutʃʲku
претендуют	prʲitʲindˈujut
сильное	sʲˈiɭʲnʌjɪ
скорое	skˈorʌjɪ
заслужить	zʌsɭuʒˈytʲ
обрядом	ʌbrʲˈɑdʌm
чтением	tʃʲtʲˈenʲijim
алтарным	aɭtˈɑrnym
рассказала	rʌsskazˈɑɭa
тронете	trˈonʲitʲi
крипта	krʲˈipta
затопленная	zatˈopɭʲinnʌja
нишами	nʲˈiʃʌmʲɪ
кобылица	kʌbyɭʲˈitsa
сокращает	sʌkraɕˈɑjit
жук	ʒˈuk
олень	ʌɭʲˈenʲ
баран	barˈɑn
рысь	rˈysʲ
зашивали	zʌʃyvˈɑɭʲɪ
никсор	nʲˈiksʌr
безглазый	bʲizɡɭˈɑzyj
вермис	vʲˈermʲis
червоточец	tʃʲirvʌtˈotʃʲits
харг	xˈɑrk
кровопийца	krʌvʌpʲˈijtsa
селуна	sʲiɭˈuna
молгур	mˈoɭɡur
тесса	tʲˈessa
гримм	ɡrʲˈimm
пеплогрудый	pʲipɭʌɡrˈudyj
улура	uɭˈura
скарн	skˈɑrn
раздирающий	rʌʑdʲirˈɑjuɕij
видра	vʲˈidra
утопленница	utˈopɭʲinnʲitsa
корвакс	kˈorvʌks
падальщик	pʌdaɭʲɕˈik
изольда	ɪzˈoɭʲda
тлеющая	tɭʲˈejuɕʌja
некрос	nʲˈekrʌs
тарраг	tarrˈɑk
оменос	ʌmʲˈenʌs
служилые	sɭuʒˈyɭyjɪ
клятвами	kɭʲˈɑtvʌmʲɪ
болью	bˈoɭjju
червь-ходок	tʃʲˈerfxʌdˈok
тёмную	tʲˈɵmnuju
праве	prˈɑvʲi
выводком	vˈyvʌtkʌm
углём	uɡɭʲˈɵm
интригу	ɪntrʲˈiɡu
притоны	prʲitˈony
отражённые	ʌtraʒˈonnyjɪ
притонах	prʲitˈonʌx
видимая	vʲˈidʲimʌja
сумрак	sˈumrʌk
запрягли	zʌprʲaɡɭʲˈɪ
разбиты	razbʲˈity
жильные	ʒˈyɭʲnyjɪ
страшное	strˈɑʃnʌjɪ
шестого	ʃystˈovʌ
ползун	pʌɭzˈun
горняк	ɡʌrnʲˈɑk
прайм	prˈɑjm
магмовый	maɡmˈovyj
пожиратель	pʌʒyrˈɑtʲilʲ
провальный	prʌvˈɑɭʲnyj
матёрый	matʲˈɵryj
исполинский	ɪspʌɭʲˈinskʲij
заходами	zaxˈodʌmʲɪ
острота	ʌstrˈota
навалиться	nʌvaɭʲˈitsʌ
получше	pʌɭˈutʃy
довременного	dʌvrʲˈemʲinnʌvʌ
штейгера	ʃtʲˈejɡʲira
шагами	ʃaɡˈɑmʲɪ
разбросаны	razbrˈosʌny
латников	ɭˈɑtʲnʲikʌf
поменьше	pʌmʲˈenʲʃy
русла	rˈusɭa
пятеро	pʲˈɑtʲirʌ
дырой	dyrˈoj
дыру	dyrˈu
пятерых	pʲʌtʲirˈyx
связывают	svʲˈɑzyvʌjut
пронести	prʌnʲisʲtʲˈɪ
дезертира	dʲiʑirtʲˈira
оплотах	ʌpɭˈotʌx
вершат	vʲirʃˈɑt
сверка	svʲˈerka
дознания	dʌznˈɑnʲija
отражению	ʌtraʒˈɛnʲiju
мокро	mˈokrʌ
стужная	stuʒnˈɑja
водная	vˈodnʌja
горелая	ɡʌrʲˈeɭʌja
подтопленная	pʌdtˈopɭʲinnʌja
перекупленная	pʲirʲikˈupɭʲinnʌja
вросшая	vrˈoʃʃʌja
семиветровый	sʲimʲivʲˈetrʌvyj
стужного	stuʒnˈovʌ
появится	pʌˈjavʲitsʌ
прочитавшему	prʌtʃʲitˈɑfʃymu
кодекс	kˈodʲiks
пересказ	pʲirʲiskˈɑs
бесценна	bʲistsˈɛnna
расхожая	rasxˈoʒʌja
нечастая	nʲitʃʲˈɑstʌja
расхожие	rasxˈoʒyjɪ
апокрифы	apˈokrʲify
избытка	ɪzbˈytka
перекрытый	pʲirʲikrˈytyj
казённый	kaʑˈɵnnyj
падёж	padʲˈɵʃ
скота	skʌtˈɑ
наплыв	napɭˈyf
выгоревший	vˈyɡʌrʲifʃyj
звериное	zvʲirʲˈinʌjɪ
подземельем	pʌdʲʑimʲˈeɭjjim
чумной	tʃʲumnˈoj
затопление	zʌtʌpɭʲˈenʲijɪ
мятеж	mʲatʲˈeʃ
неудавшийся	nʲiudˈɑfʃyjsʲʌ
пролом	prʌɭˈom
внезапный	vnʲizˈɑpnyj
запечатывание	zʌpʲitʃʲatˈyvʌnʲijɪ
прорастание	prʌrastˈɑnʲijɪ
царская	tsˈɑrskʌja
троекратно	trʌjikrˈɑtnʌ
погребённого	pʌɡrʲibʲˈɵnnʌvʌ
поющая	pʌˈjuɕʌja
какими	kakʲˈimʲɪ
заходе	zaxˈodʲi
мистическое	mʲisʲtʲˈitʃʲiskʌjɪ
утилитарное	utʲiɭʲitˈɑrnʌjɪ
алхимическое	aɭximʲˈitʃʲiskʌjɪ
четвёртого	tʃʲitvʲˈɵrtʌvʌ
изготовления	ɪzɡʌtʌvɭʲˈenʲija
качественное	kˈɑtʃʲistvʲinnʌjɪ
мастерское	masʲtʲˈerskʌjɪ
совершенное	sʌvʲirʃˈɛnnʌjɪ
удачи	udˈɑtʃʲɪ
рождает	rʌʒdˈɑjit
нравом	nrˈɑvʌm
яду	ˈjadu
множит	mnˈoʒyt
задваивается	zʌdvaˈivʌjitsʌ
дающие	daˈjuɕijɪ
пользы	pˈoɭʲzy
сильная	sʲˈiɭʲnʌja
вынимании	vynʲimˈɑnʲiɪ
предупреждают	prʲiduprʲiʒdˈɑjut
уживаются	uʒyvˈɑjutsʌ
мистики	mʲˈisʲtʲikʲɪ
запасы	zapˈɑsy
привязаны	prʲivʲˈɑzʌny
источнику	ɪstˈotʃʲnʲiku
проклятые	prʌkɭʲˈɑtyjɪ
характеристиками	xʌrʌktʲirʲˈisʲtʲikʌmʲɪ
задвоить	zʌdvʌˈitʲ
теплеет	tʲipɭʲˈejit
победу	pʌbʲˈedu
каково	kʌkʌvˈo
уровнях	ˈurʌvnʲʌx
органы	ʌrɡˈɑny
трофей	trʌfʲˈej
свиткам	svʲˈitkʌm
сменили	smʲinʲˈiɭʲɪ
щедрости	ɕˈedrʌsʲtʲɪ
семидесятый	sʲimʲidʲisʲˈɑtyj
ощущался	ʌɕuɕˈɑɭsʲʌ
обжитые	ʌbʒˈytyjɪ
пласты	pɭastˈy
засеян	zasʲˈejan
сухом	suxˈom
пропадала	prʌpadˈɑɭa
шестидесяти	ʃysʲtʲˈidʲisʲʌtʲɪ
водить	vʌdʲˈitʲ
широко	ʃyrʌkˈo
быстрой	bˈystrʌj
добирается	dʌbʲirˈɑjitsʌ
удобнее	udˈobnʲijɪ
задом	zˈɑdʌm
отводится	ʌtvˈodʲitsʌ
пришёлся	prʲiʃˈoɭsʲʌ
семидесятого	sʲimʲidʲisʲˈɑtʌvʌ
мини-боссов	mʲˈinʲɪbˈossʌf
камнеед	kʌmnʲijˈet
обрушивает	ʌbrˈuʃyvʌjit
ключника	kɭʲˈutʃʲnʲika
уголков	uɡʌɭkˈof
пространственным	prʌstrˈɑnstvʲinnym
резонансом	rʲizʌnˈɑnsʌm
реликт	rʲiɭʲˈikt
трогается	trˈoɡʌjitsʌ
сопровождающее	sʌprʌvʌʒdˈɑjuɕijɪ
требованием	trʲˈebʌvʌnʲijim
следствиям	sɭʲˈetstvʲijam
сбывается	zbyvˈɑjitsʌ
листается	ɭʲistˈɑjitsʌ
прочитанная	prʌtʃʲˈitʌnnʌja
ремесленную	rʲimʲˈesɭʲinnuju
класса	kɭˈɑssa
учебники	utʃʲˈebnʲikʲɪ
рукописи	rˈukʌpʲisʲɪ
манускрипты	mʌnuskrʲˈipty
тайную	tˈɑjnuju
эпидемии	ɛpʲidʲˈemʲiɪ
пожары	pʌʒˈɑry
наводнения	nʌvʌdnʲˈenʲija
штормы	ʃtˈormy
нашествия	naʃˈɛstvʲija
порталов	pʌrtˈɑɭʌf
кризисы	krʲˈiʑisy
готовности	ɡʌtˈovnʌsʲtʲɪ
седмице	sʲidmʲˈitsy
наполняет	nʌpʌɭnʲˈɑjit
звуковым	zvukʌvˈym
профилем	prˈofʲiɭʲim
лидеры	ɭʲˈidʲiry
ведутся	vʲidˈutʲsʲʌ
облава	ʌbɭˈɑva
теневых	tʲinʲivˈyx
соседу	sʌsʲˈedu
созвать	sʌzvˈɑtʲ
учёных	utʃʲˈɵnyx
удешевляют	udʲiʃˈɛvɭʲʌjut
седмичное	sʲidmʲˈitʃʲnʌjɪ
запирал	zʌpʲirˈɑɭ
уроке	urˈokʲi
портят	pˈortʲʌt
покажи	pʌkaʒˈy
доводишь	dʌvˈodʲiʃ
выяснять	vyjasʲnʲˈɑtʲ
отучился	ʌtutʃʲˈiɭsʲʌ
инструментом	ɪnstrumʲˈentʌm
откажет	ʌtkˈɑʒyt
найденной	nˈɑjdʲinnʌj
дублёная	dubɭʲˈɵnʌja
паучий	paˈutʃʲij
равный	rˈɑvnyj
сталью	stˈɑɭjju
одета	ʌdʲˈeta
наклоняет	nʌkɭʌnʲˈɑjit
создателей	sʌzdˈɑtʲiɭʲij
отточенное	ʌttˈotʃʲinnʌjɪ
выверенное	vˈyvʲirʲinnʌjɪ
резаным	rʲˈezʌnym
певучее	pʲivˈutʃʲijɪ
перезагружай	pʲirʲizʌɡruʒˈɑj
сборку	zbˈorku
примера	prʲimʲˈera
вложение	vɭʌʒˈɛnʲijɪ
позволено	pʌzvˈoɭʲinʌ
дешевизну	dʲiʃyvʲˈiznu
удлиняет	udɭʲinʲˈɑjit
словно	sɭˈovnʌ
рынков	rˈynkʌf
столичном	stʌɭʲˈitʃʲnʌm
амбаре	ambˈɑrʲi
извоза	ɪzvˈoza
заморское	zamˈorskʌjɪ
двигало	dvʲˈiɡʌɭʌ
плохим	pɭʌxˈim
вытяжки	vˈytʲʌʃkʲɪ
по-подземному	pˈopʌdʲʑˈemnʌmu
хутора	xutˈora
поторговать	pʌtʌrɡʌvˈɑtʲ
палатка	paɭˈɑtka
полком	pʌɭkˈom
полковой	pʌɭkʌvˈoj
часового	tʃʲʌsʌvˈovʌ
походная	pʌxˈodnʌja
знаешь	znˈɑjiʃ
статья	statʲjˈja
умножает	umnʌʒˈɑjit
пришит	prʲiʃˈyt
торговле	tʌrɡˈovɭʲi
применяют	prʲimʲinʲˈɑjut
дисциплин	dʲistsypɭʲˈin
копят	kˈopʲʌt
плотью	pɭˈotʲjju
собранный	sˈobrʌnnyj
работаете	rabˈotʌjitʲi
возможности	vʌzmˈoʒnʌsʲtʲɪ
таблицу	tabɭʲˈitsu
разрушила	razrˈuʃyɭa
вооружение	vʌʌruʒˈɛnʲijɪ
дефицитно	dʲifʲitsˈytnʌ
звенья	zvʲˈenjja
лабораторию	ɭʌbʌratˈorʲiju
редеет	rʲidʲˈejit
глубоком	ɡɭubˈokʌm
написанных	napʲˈisʌnnyx
значилась	znˈɑtʃʲiɭʌsʲ
допроса	dʌprˈosa
поднимете	pʌdnʲˈimʲitʲi
двигаетесь	dvʲˈiɡʌjitʲisʲ
замечаете	zʌmʲitʃʲˈɑjitʲi
тянете	tʲˈɑnʲitʲi
ловкий	ɭˈofkʲij
слухового	sɭuxʌvˈovʌ
существующим	suɕistvˈujuɕim
мутационный	mutʌtsyˈonnyj
соседними	sʌsʲˈednʲimʲɪ
залитые	zaɭʲˈityjɪ
исчезают	ɪɕizˈɑjut
богато	bʌɡˈɑtʌ
шкале	ʃkaɭʲˈe
вводят	vvˈodʲʌt
объявляя	ʌbjjavɭʲˈɑja
недружественная	nʲidruʒˈɛstvʲinnʌja
двенадцатую	dvʲinˈɑttsʌtuju
убытки	ubˈytkʲɪ
раскладывают	raskɭˈɑdyvʌjut
живёшь	ʒyvʲˈɵʃ
перемирием	pʲirʲimʲˈirʲijim
военной	vʌjˈennʌj
шкалу	ʃkaɭˈu
врагами	vraɡˈɑmʲɪ
политических	pʌɭʲitʲˈitʃʲiskʲix
канцелярии	kʌntsyɭʲˈɑrʲiɪ
просело	prʌsʲˈeɭʌ
дробить	drʌbʲˈitʲ
обогатить	ʌbʌɡatʲˈitʲ
плавильне	pɭavʲˈiɭʲnʲi
бруса	brˈusa
рунной	rˈunnʌj
кожевенная	kʌʒˈɛvʲinnʌja
артефакторская	artʲifˈɑktʌrskʌja
деревообрабатывающая	dʲirʲivʌʌbrabˈɑtyvʌjuɕʌja
бёрдом	bʲˈɵrdʌm
поодаль	pʌˈodʌlʲ
плотницкое	pɭˈotʲnʲitskʌjɪ
ткацкое	tkˈɑtskʌjɪ
концах	kʌntsˈɑx
станками	stankˈɑmʲɪ
зазора	zazˈora
работе	rabˈotʲi
выпадают	vypadˈɑjut
выпадали	vypadˈɑɭʲɪ
куче	kˈutʃʲi
нерушимый	nʲiruʃˈymyj
нерушимая	nʲiruʃˈymʌja
предтеченская	prʲitʲtʲitʃʲˈenskʌja
материала	mʌtʲirʲiˈɑɭa
пробитый	prʌbʲˈityj
станция	stˈɑntsyja
искусственная	ɪskˈusstvʲinnʌja
автономный	aftʌnˈomnyj
начерчено	natʃʲˈertʃʲinʌ
глубоких	ɡɭubˈokʲix
казнах	kaznˈɑx
боёв	bʌˈɵf
спусков	spˈuskʌf
учению	utʃʲˈenʲiju
восстановленная	vʌsstanˈovɭʲinnʌja
мгновенный	mɡnʌvʲˈennyj
надёжно	nadʲˈɵʒnʌ
враждебных	vraʒdʲˈebnyx
передерутся	pʲirʲidʲirˈutʲsʲʌ
наибольшей	nʌibˈoɭʲʃyj
скольких	skˈoɭʲkʲix
какова	kʌkʌvˈɑ
проблеск	prˈobɭʲisk
устой	ustˈoj
исходить	ɪsxʌdʲˈitʲ
барышнике	barˈyʃnʲikʲi
мозолях	mʌzˈoɭʲʌx
раздаёт	rʌzdaˈɵt
пересчёт	pʲirʲiɕˈɵt
неуязвимость	nʲiujazvʲˈimʌstʲ
сухости	sˈuxʌsʲtʲɪ
складно	skɭˈɑdnʌ
наперекор	nʌpʲirʲikˈor
звучите	zvutʃʲˈitʲi
носите	nʌsʲˈitʲi
качнулось	katʃʲnˈuɭʌsʲ
тьмой	tʲmˈoj
враждебная	vraʒdʲˈebnʌja
отделывается	ʌdʲdʲˈeɭyvʌjitsʌ
отдачу	ʌddˈɑtʃʲu
устойчивости	ustˈojtʃʲivʌsʲtʲɪ
полном	pˈoɭnʌm
согласии	sʌɡɭˈɑsʲiɪ
помалу	pʌmˈɑɭu
площадная	pɭʌɕadnˈɑja
отбрасывает	ʌdbrˈɑsyvʌjit
готовится	ɡʌtˈovʲitsʌ
фазу	fˈɑzu
свободу	svʌbˈodu
отвергается	ʌtvʲirɡˈɑjitsʌ
опереться	ʌpʲirʲˈetsʌ
расширить	raʃʃˈyrʲitʲ
раскрывают	rʌskryvˈɑjut
внутренности	vnˈutrʲinnʌsʲtʲɪ
отладка	ʌtɭˈɑtka
двойников	dvʌjnʲikˈof
копию	kˈopʲiju
творец	tvʌrʲˈets
прогнать	prʌɡnˈɑtʲ
поломок	pʌɭˈomʌk
чистит	tʃʲˈisʲtʲit
котомки	kʌtˈomkʲɪ
покрепче	pʌkrʲˈeptʃʲi
готовятся	ɡʌtˈovʲʌtsʌ
непорядком	nʲipʌrʲˈɑtkʌm
измор	ɪzmˈor
хитрость	xˈitrʌstʲ
фазе	fˈɑʑi
долетев	dʌɭʲitʲˈef
злит	zɭʲˈit
обвалов	ʌbvˈɑɭʌf
признало	prʲiznˈɑɭʌ
проиграли	prʌiɡrˈɑɭʲɪ
принадлежали	prʲinʌdɭʲiʒˈɑɭʲɪ
огненного	ˈoɡnʲinnʌvʌ
запала	zapˈɑɭa
горнила	ɡʌrnʲˈiɭa
родника	rʌdnʲikˈɑ
отлива	ʌtɭʲˈiva
замедленный	zamʲˈedɭʲinnyj
упущенного	upˈuɕinnʌvʌ
волну	vʌɭnˈu
щитом	ɕitˈom
укрывает	ukryvˈɑjit
исцеляющей	ɪstsyɭʲˈɑjuɕij
генерацию	ɡʲinʲirˈɑtsyju
формулу	fˈormuɭu
возраста	vˈozrʌsta
описывал	ʌpʲˈisyvʌɭ
читало	tʃʲitˈɑɭʌ
успело	uspʲˈeɭʌ
обрасти	ʌbrasʲtʲˈɪ
брошенной	brˈoʃynnʌj
оставляют	ʌstavɭʲˈɑjut
числах	tʃʲˈisɭʌx
порознь	pˈorʌʑnʲ
независимы	nʲizavʲˈisʲimy
выученного	vˈyutʃʲinnʌvʌ
потянула	pʌtʲanˈuɭa
сведено	svʲidʲinˈo
предъявить	prʲidjjavʲˈitʲ
парой	pˈɑrʌj
взятой	vʑˈɑtʌj
прочитанной	prʌtʃʲˈitʌnnʌj
родословной	rʌdʌsɭˈovnʌj
разговорить	rʌzɡʌvʌrʲˈitʲ
купят	kˈupʲʌt
география	ɡʲiʌɡrˈɑfʲija
названной	nˈɑzvʌnnʌj
функциям	fˈunktsyjam
рисковал	rʲiskʌvˈɑɭ
вернуло	vʲirnˈuɭʌ
пугать	puɡˈɑtʲ
награждать	nʌɡraʒdˈɑtʲ
рассмешить	rʌssmʲiʃˈytʲ
юмористических	jumʌrʲisʲtʲˈitʃʲiskʲix
унижен	unʲˈiʒyn
немощью	nʲˈemʌɕjju
бондаря	bˈondʌrʲʌ
стресса	strʲˈessa
переброски	pʲirʲibrˈoskʲɪ
поддержка	pʌdʲdʲˈerʃka
командуемое	kʌmandˈujimʌjɪ
вылазка	vˈyɭʌska
пригнать	prʲiɡnˈɑtʲ
слабого	sɭˈɑbʌvʌ
разведения	rʌzvʲidʲˈenʲija
обращаетесь	ʌbraɕˈɑjitʲisʲ
набили	nabʲˈiɭʲɪ
замедляет	zʌmʲidɭʲˈɑjit
сосредоточенность	sʌsrʲidʌtˈotʃʲinnʌstʲ
научившийся	nʌutʃʲˈifʃyjsʲʌ
читающий	tʃʲitˈɑjuɕij
стреляет	strʲiɭʲˈɑjit
ветвями	vʲitvʲˈɑmʲɪ
сосчитали	sʌɕitˈɑɭʲɪ
подгорным	pʌdɡˈornym
поисках	pˈoiskʌx
соляному	sʌɭʲanˈomu
пыльный	pˈyɭʲnyj
обвальные	ʌbvˈɑɭʲnyjɪ
пульсирующая	puɭʲsʲˈirujuɕʌja
глядящий	ɡɭʲadʲˈɑɕij
ушам	uʃˈɑm
обвальных	ʌbvˈɑɭʲnyx
крепей	krʲˈepʲij
учащало	utʃʲˈɑɕʌɭʌ
жнец	ʒnʲˈets
пришлец	prʲiʃɭʲˈets
уйдут	ujdˈut
переходом	pʲirʲixˈodʌm
сеятели	sʲˈejatʲiɭʲɪ
сторожевая	stʌrʌʒyvˈɑja
полусотня	pʌɭusˈotʲnʲʌ
исследователя	ɪssɭʲˈedʌvʌtʲiɭʲʌ
разбирает	rʌzbʲirˈɑjit
перевёрнутая	pʲirʲivʲˈɵrnutʌja
прочитав	prʌtʃʲitˈɑf
браться	brˈɑtsʌ
приписывается	prʲipʲˈisyvʌjitsʌ
спасения	spasʲˈenʲija
станут	stˈɑnut
щедро	ɕˈedrʌ
слову	sɭˈovu
сюжетный	sʲuʒˈɛtnyj
сценой	stsˈɛnʌj
забытая	zabˈytʌja
оплывшая	ʌpɭˈyfʃʌja
усиленные	usʲˈiɭʲinnyjɪ
гвоздильня	ɡvʌʑdʲˈiɭʲnʲʌ
звонница	zvˈonnʲitsa
пятина	pʲatʲˈina
ветряной	vʲitrʲanˈoj
кипящий	kʲipʲˈɑɕij
снимаются	sʲnʲimˈɑjutsʌ
отказывают	ʌtkˈɑzyvʌjut
вычёркивает	vytʃʲˈɵrkʲivʌjit
розыска	rˈozyska
выкупленный	vˈykupɭʲinnyj
выкупать	vykupˈɑtʲ
ящиков	ˈjaɕikʌf
торговому	tʌrɡˈovʌmu
сточные	stˈotʃʲnyjɪ
желоба	ʒyɭʌbˈɑ
чьи-то	tʃʲjˈɪtˈo
жилом	ʒyɭˈom
знахарка	znˈɑxʌrka
старейшине	starʲˈejʃynʲi
справкой	sprˈɑfkʌj
возможного	vʌzmˈoʒnʌvʌ
усиливает	usʲˈiɭʲivʌjit
бога-соперника	bˈoɡasʌpʲˈernʲika
упрямее	uprʲˈɑmʲijɪ
великого	vʲiɭʲˈikʌvʌ
сферу	sfʲˈeru
отзывался	ʌdzyvˈɑɭsʲʌ
встречные	fstrʲˈetʃʲnyjɪ
среднего	srʲˈednʲivʌ
занимался	zʌnʲimˈɑɭsʲʌ
озвучен	ʌzvˈutʃʲin
сослаться	sʌsɭˈɑtsʌ
недосказать	nʲidʌskazˈɑtʲ
запугать	zʌpuɡˈɑtʲ
тараторит	tʌratˈorʲit
репликами	rʲˈepɭʲikʌmʲɪ
выключает	vykɭʲutʃʲˈɑjit
пишутся	pʲˈiʃutʲsʲʌ
сдвинутое	zdvʲˈinutʌjɪ
увёл	uvʲˈɵɭ
процента	prʌtsˈɛnta
горячие	ɡʌrʲˈɑtʃʲijɪ
стрелки	strʲˈeɭkʲɪ
контрол	kˈontrʌɭ
помогут	pʌmˈoɡut
удачной	udˈɑtʃʲnʌj
привязана	prʲivʲˈɑzʌna
заставить	zastˈɑvʲitʲ
кончиться	kˈontʃʲitsʌ
сложена	sɭʌʒˈɛna
приписанные	prʲipʲˈisʌnnyjɪ
позволить	pʌzvˈoɭʲitʲ
числовой	tʃʲisɭʌvˈoj
изменил	ɪzmʲinʲˈiɭ
плотность	pɭˈotnʌstʲ
содержимого	sʌdʲirʒˈymʌvʌ
большем	bˈoɭʲʃym
престолы	prʲistˈoɭy
ничьей	nʲitʃʲjjˈej
нынешнего	nˈynʲiʃnʲivʌ
мал	mˈɑɭ
упирался	upʲirˈɑɭsʲʌ
удержали	udʲirʒˈɑɭʲɪ
империю	ɪmʲpʲˈerʲiju
добровольно	dʌbrʌvˈoɭʲnʌ
наследная	nasɭʲˈednʌja
советом	sʌvʲˈetʌm
союза	sʌˈjuza
набегов	nabʲˈeɡʌf
промысловая	prʌmysɭˈovʌja
караванная	kʌravˈɑnnʌja
стеклодувная	sʲtʲikɭʌdˈuvnʌja
пряности	prʲˈɑnʌsʲtʲɪ
южных	ˈjuʒnyx
джиннов	dʒˈynnʌf
перезаключают	pʲirʲizakɭʲˈutʃʲʌjut
зимние	ʑˈimnʲijɪ
перестать	pʲirʲistˈɑtʲ
внешних	vnʲˈeʃnʲix
внутренних	vnˈutrʲinnʲix
адмирала	admʲirˈɑɭa
лоцманская	ɭˈotsmʌnskʌja
налог	naɭˈok
прокормить	prʌkʌrmʲˈitʲ
занять	zanʲˈɑtʲ
собралась	sʌbraɭˈɑsʲ
древесины	drʲivʲisʲˈiny
корневая	kʌrnʲivˈɑja
плато	pɭatˈo
пустынь	pˈustynʲ
подъёмники	pʌdjˈɵmnʲikʲɪ
начинался	nʌtʃʲinˈɑɭsʲʌ
наблюдательная	nʌbɭʲudˈɑtʲiɭʲnʌja
перекладные	pʲirʲikɭadnˈyjɪ
сменяют	smʲinʲˈɑjut
щёлок	ɕˈɵɭʌk
порох	pˈorʌx
засыпало	zasˈypʌɭʌ
ущельях	uɕˈeɭjjax
ближайшему	bɭʲiʒˈɑjʃymu
ориентиром	ʌrʲijintʲˈirʌm
гравия	ɡrˈɑvʲija
ледника	ɭʲidnʲikˈɑ
военную	vʌjˈennuju
стыки	stˈykʲɪ
горной	ɡˈornʌj
сбился	zbʲˈiɭsʲʌ
существу	suɕistvˈu
укреплена	ukrʲipɭʲinˈɑ
просел	prʌsʲˈeɭ
просёлок	prʌsʲˈɵɭʌk
утоптанный	utˈoptʌnnyj
шириной	ʃyrʲinˈoj
хребтом	xrʲiptˈom
брёвна	brʲˈɵvna
быки	bykʲˈɪ
прорубленный	prʌrˈubɭʲinnyj
хребте	xrʲiptʲˈe
отрезка	ʌtrʲˈeska
случаях	sɭˈutʃʲʌjax
гряда	ɡrʲadˈɑ
переходят	pʲirʲixˈodʲʌt
ближней	bɭʲˈiʒnʲij
возможен	vʌzmˈoʒyn
разборе	razbˈorʲi
полый	pˈoɭyj
певчий	pʲˈeftʃʲij
мшистый	mʃˈystyj
кавычки	kavˈytʃʲkʲɪ
постоял	pʌstʌˈjaɭ
вольного	vˈoɭʲnʌvʌ
экономики	ɛkʌnˈomʲikʲɪ
плавно	pɭˈɑvnʌ
хребты	xrʲiptˈy
низин	nʲiʑˈin
замысел	zˈɑmysʲiɭ
каменистая	kʌmʲinʲˈistʌja
тундра	tˈundra
ледники	ɭʲidnʲikʲˈɪ
возникают	vʌʑnʲikˈɑjut
двухстах	dvuxstˈɑx
зависят	zavʲˈisʲʌt
базовых	bˈɑzʌvyx
сохранены	sʌxrʌnʲinˈy
уступы	ustˈupy
очертания	ʌtʃʲirtˈɑnʲija
жарко	ʒˈɑrkʌ
шир	ʃˈyr
сред	srʲˈet
влаж	vɭˈɑʃ
оставляя	ʌstavɭʲˈɑja
отмель	ˈotmʲilʲ
устье	ˈustʲjjɪ
обхватов	ʌpxvˈɑtʌf
иглы	ˈɪɡɭy
опускается	ʌpuskˈɑjitsʌ
разнотравье	rʌznʌtrˈɑvjjɪ
голая	ɡˈoɭʌja
наст	nˈɑst
ледник	ɭʲidnʲˈik
трясина	trʲasʲˈina
попадалось	pʌpadˈɑɭʌsʲ
портами	pʌrtˈɑmʲɪ
недоразумение	nʲidʌrʌzumʲˈenʲijɪ
океан	ʌkʲiˈɑn
рекам	rʲˈekʌm
угадывается	uɡˈɑdyvʌjitsʌ
полосами	pʌɭʌsˈɑmʲɪ
придорожный	prʲidʌrˈoʒnyj
разломом	razɭˈomʌm
удержал	udʲirʒˈɑɭ
строить	strˈoitʲ
отец	ʌtʲˈets
горам	ɡʌrˈɑm
гвозди	ɡvˈoʑdʲɪ
снами	snˈɑmʲɪ
собственном	sˈopstvʲinnʌm
поспорил	pʌspˈorʲiɭ
выиграли	vˈyiɡrʌɭʲɪ
вершины	vʲirʃˈyny
прятаться	prʲˈɑtʌtsʌ
солёной	sʌɭʲˈɵnʌj
слёзы	sɭʲˈɵzy
иссякают	ɪsʲsʲakˈɑjut
срезе	srʲˈeʑi
вросла	vrʌsɭˈɑ
сказав	skazˈɑf
обновление	ʌbnʌvɭʲˈenʲijɪ
сжёг	ʒʒˈok
возрастает	vʌzrastˈɑjit
трещиной	trʲˈeɕinʌj
провалился	prʌvaɭʲˈiɭsʲʌ
линий	ɭʲˈinʲij
построила	pʌstrˈoiɭa
экономику	ɛkʌnˈomʲiku
родителя	rʌdʲˈitʲiɭʲʌ
заняли	zˈɑnʲʌɭʲɪ
поколений	pʌkʌɭʲˈenʲij
цехов	tsyxˈof
глины	ɡɭʲˈiny
недоразумением	nʲidʌrʌzumʲˈenʲijim
быстрых	bˈystryx
луки	ɭˈukʲɪ
долгую	dˈoɭɡuju
орками	ˈorkʌmʲɪ
должников	dʌɭʒnʲikˈof
десятилетиями	dʲisʲʌtʲiɭʲˈetʲijamʲɪ
орду	ʌrdˈu
разведение	rʌzvʲidʲˈenʲijɪ
роскошь	rˈoskʌʃ
гномами	ɡnˈomʌmʲɪ
крикнул	krʲˈiknuɭ
топорами	tʌpʌrˈɑmʲɪ
государства	ɡʌsudˈɑrstva
больших	bˈoɭʲʃyx
посредническая	pʌsrʲˈednʲitʃʲiskʌja
обронила	ʌbrʌnʲˈiɭa
столу	stʌɭˈu
расселились	rʌsʲsʲiɭʲˈiɭʲisʲ
перепродажа	pʲirʲiprʌdˈɑʒa
разбежался	rʌzbʲiʒˈɑɭsʲʌ
норам	nˈorʌm
построили	pʌstrˈoiɭʲɪ
сложнее	sɭʌʒnʲˈejɪ
найму	nˈɑjmu
старшинство	stʌrʃynstvˈo
возрасту	vˈozrʌstu
надоело	nʌdʌjˈeɭʌ
узких	ˈuskʲix
механизмов	mʲixanʲˈizmʌf
голов	ɡʌɭˈof
дюжина	dʲˈuʒyna
языком	jazykˈom
выпустила	vˈypusʲtʲiɭa
прибрежных	prʲibrʲˈeʒnyx
виверными	vʲivʲˈernymʲɪ
отказался	ʌtkazˈɑɭsʲʌ
необычные	nʲiʌbˈytʃʲnyjɪ
ограбить	ʌɡrˈɑbʲitʲ
вино	vʲinˈo
горе	ɡˈorʲi
рогами	rʌɡˈɑmʲɪ
сезонные	sʲizˈonnyjɪ
конные	kˈonnyjɪ
лучники	ɭˈutʃʲnʲikʲɪ
степных	sʲtʲipnˈyx
вожака	vʌʒakˈɑ
старшей	stˈɑrʃyj
молоко	mʌɭʌkˈo
травяной	trʌvʲanˈoj
наследству	nasɭʲˈetstvu
границ	ɡranʲˈits
вожаком	vʌʒakˈom
полнолуние	pʌɭnʌɭˈunʲijɪ
нечисть	nʲˈetʃʲistʲ
луне	ɭunʲˈe
дала	daɭˈɑ
фавны	fˈɑvny
меновая	mʲinʌvˈɑja
светильники	svʲitʲˈiɭʲnʲikʲɪ
отсутствует	ʌtsˈutstvujit
взаймы	vzajmˈy
уронила	urʌnʲˈiɭa
лепреконы	ɭʲiprʲˈekʌny
общины	ʌpɕˈiny
затонувший	zʌtʌnˈufʃyj
подводная	pʌdvˈodnʌja
топят	tˈopʲʌt
ундины	undʲˈiny
копытом	kʌpˈytʌm
обещанием	ʌbʲiɕˈɑnʲijim
повёл	pʌvʲˈɵɭ
пегас	pʲiɡˈɑs
табунщики	tabˈunɕikʲɪ
облачные	ˈobɭʌtʃʲnyjɪ
слоям	sɭʌˈjam
ила	ˈɪɭa
топью	tˈopjju
терпением	tʲirpʲˈenʲijim
яйцо	jajtsˈo
мелкую	mʲˈeɭkuju
портовые	pʌrtˈovyjɪ
доки	dˈokʲɪ
подмастерьев	pʌdmasʲtʲˈerɪjjif
храмов	xrˈɑmʌf
произнести	prʌiʑnʲisʲtʲˈɪ
тяжба	tʲˈɑʒba
нагов	nˈɑɡʌf
свернула	svʲirnˈuɭa
посредничество	pʌsrʲˈednʲitʃʲistvʌ
обошлась	ʌbʌʃɭˈɑsʲ
джинн	dʒˈynn
признали	prʲiznˈɑɭʲɪ
признала	prʲiznˈɑɭa
тяжестей	tʲˈɑʒysʲtʲij
печатные	pʲitʃʲˈɑtnyjɪ
работай	rabˈotʌj
каменнорождённые	kʌmʲinnʌrʌʒdʲˈɵnnyjɪ
предсказание	prʲitskazˈɑnʲijɪ
мотыльковые	mʌtyɭʲkˈovyjɪ
стеклянные	sʲtʲikɭʲˈɑnnyjɪ
сильфиды	sʲiɭʲfʲˈidy
драконьим	drakˈonjim
огненные	ˈoɡnʲinnyjɪ
печные	pʲitʃʲnˈyjɪ
гаснуть	ɡˈɑsnutʲ
гномов	ɡnˈomʌf
надписей	nˈɑtpʲisʲij
коллегия	kʌɭɭʲˈeɡʲija
племя	pɭʲˈemʲʌ
мертвеца	mʲirtvʲitsˈɑ
обряду	ʌbrʲˈɑdu
родословные	rʌdʌsɭˈovnyjɪ
рудников	rudnʲikˈof
цвету	tsvʲˈetu
драконье	drakˈonjjɪ
временными	vrʲimʲˈennymʲɪ
невозможного	nʲivʌzmˈoʒnʌvʌ
порогов	pʌrˈoɡʌf
фактически	faktʲˈitʃʲiskʲɪ
пытается	pytˈɑjitsʌ
плечах	pɭʲitʃʲˈɑx
возведение	vʌzvʲidʲˈenʲijɪ
плакал	pɭˈɑkʌɭ
северного	sʲˈevʲirnʌvʌ
холодную	xʌɭˈodnuju
чистым	tʃʲˈistym
гранями	ɡrˈɑnʲʌmʲɪ
сосчитать	sʌɕitˈɑtʲ
отпустил	ʌtpusʲtʲˈiɭ
будущее	bˈuduɕijɪ
начинали	nʌtʃʲinˈɑɭʲɪ
очищение	ʌtʃʲiɕˈenʲijɪ
мора	mˈora
кузниц	kˈuʑnʲits
свидетельство	svʲidʲˈetʲiɭʲstvʌ
фениксов	fʲˈenʲiksʌf
искру	ˈɪskru
целительская	tsyɭʲitʲˈeɭʲskʌja
освящение	ʌsvʲaɕˈenʲijɪ
аасимары	aasʲˈimʌry
убежище	ubʲˈeʒyɕi
рубить	rubʲˈitʲ
прекратилась	prʲikratʲˈiɭʌsʲ
присмотра	prʲismˈotra
лесовики	ɭʲisʌvʲikʲˈɪ
ветровую	vʲitrʌvˈuju
обходили	ʌpxʌdʲˈiɭʲɪ
гавани	ɡˈɑvʌnʲɪ
флотов	fɭʌtˈof
почтение	pʌtʃʲtʲˈenʲijɪ
плетут	pɭʲitˈut
проклятий	prʌkɭʲˈɑtʲij
пропавших	prʌpˈɑfʃyx
передаётся	pʲirʲidaˈɵtsʌ
узором	uzˈorʌm
ткать	tkˈɑtʲ
бросила	brˈosʲiɭa
уснуло	usnˈuɭʌ
времена	vrʲimʲinˈɑ
случится	sɭutʃʲˈitsʌ
предупреждение	prʲiduprʲiʒdʲˈenʲijɪ
утверждают	utvʲirʒdˈɑjut
пустотники	pustˈotʲnʲikʲɪ
завоёвывают	zʌvʌˈɵvyvʌjut
получать	pʌɭutʃʲˈɑtʲ
нашу	nˈɑʃu
перворождённые	pʲirvʌrʌʒdʲˈɵnnyjɪ
поднимаетесь	pʌdnʲimˈɑjitʲisʲ
горным	ɡˈornym
рунами	rˈunʌmʲɪ
вступит	fstˈupʲit
братьев	brˈɑtʲjjif
управляют	upravɭʲˈɑjut
пепле	pʲˈepɭʲi
спросил	sprʌsʲˈiɭ
расы	rˈɑsy
славы	sɭˈɑvy
копейщиков	kʌpʲˈejɕikʌf
охраны	ʌxrˈɑny
целителей	tsyɭʲˈitʲiɭʲij
ледяных	ɭʲidʲanˈyx
чешуи	tʃʲiʃuˈɪ
заказы	zakˈɑzy
прибрежное	prʲibrʲˈeʒnʌjɪ
ныряльщиков	nyrʲˈɑɭʲɕikʌf
уступила	ustupʲˈiɭa
небесных	nʲibʲˈesnyx
идущего	ɪdˈuɕivʌ
слухов	sɭˈuxʌf
соответственно	sʌʌtvʲˈetstvʲinnʌ
полуфабрикаты	pʌɭufʌbrʲikˈɑty
короба	kʌrˈoba
функцией	fˈunktsyjij
убийство	ubʲˈijstvʌ
рудничных	rudnʲˈitʃʲnyx
беглого	bʲˈeɡɭʌvʌ
брак	brˈɑk
заложниками	zaɭˈoʒnʲikʌmʲɪ
находился	nʌxʌdʲˈiɭsʲʌ
прочая	prˈotʃʲʌja
рознью	rˈoʑnjju
ввёл	vvʲˈɵɭ
существующее	suɕistvˈujuɕijɪ
надбавки	nadbˈɑfkʲɪ
сняты	sʲnʲˈɑty
запретными	zaprʲˈetnymʲɪ
счета	ɕitˈɑ
завести	zʌvʲisʲtʲˈɪ
дюжину	dʲˈuʒynu
сменяется	smʲinʲˈɑjitsʌ
вгороде	vɡʌrˈodʲi
помощник	pʌmˈoʃnʲik
дешевеют	dʲiʃyvʲˈejut
перекрыт	pʲirʲikrˈyt
удался	udaɭsʲˈɑ
упали	upˈɑɭʲɪ
обозами	ʌbˈozʌmʲɪ
обороты	ʌbʌrˈoty
разбил	razbʲˈiɭ
ватагу	vatˈɑɡu
вёдро	vʲˈɵdrʌ
влияли	vɭʲiˈjaɭʲɪ
суровом	surˈovʌm
покупке	pʌkˈupkʲi
платили	pɭatʲˈiɭʲɪ
съедало	sjjidˈɑɭʌ
продавал	prʌdavˈɑɭ
упрётся	uprʲˈɵtsʌ
росла	rʌsɭˈɑ
падала	pˈɑdʌɭa
проценты	prʌtsˈɛnty
набавляют	nʌbavɭʲˈɑjut
перешёл	pʲirʲiʃˈoɭ
попросту	pˈoprʌstu
клановое	kɭanˈovʌjɪ
дешевел	dʲiʃyvʲˈeɭ
скупки	skˈupkʲɪ
прочими	prˈotʃʲimʲɪ
завышает	zʌvyʃˈɑjit
обсчитывает	ʌpɕitˈyvʌjit
по-свойски	pˈosvˈojskʲɪ
задело	zadʲˈeɭʌ
сбить	zbʲˈitʲ
рождения	rʌʒdʲˈenʲija
сборки	zbˈorkʲɪ
тянули	tʲanˈuɭʲɪ
высокой	vysˈokʌj
дружбе	drˈuʒbʲi
делались	dʲˈeɭʌɭʲisʲ
прошу	prʌʃˈu
полы	pˈoɭy
регионов	rʲiɡʲiˈonʌf
производства	prʌizvˈotstva
поровну	pˈorʌvnu
кэшируется	kɛʃˈyrujitsʌ
наполнить	napˈoɭnʲitʲ
надбавку	nadbˈɑfku
вывозить	vyvʌʑˈitʲ
провоз	prʌvˈos
осень	ˈosʲinʲ
понятная	pʌnʲˈɑtnʌja
худого	xudˈovʌ
мнения	mnʲˈenʲija
беззаслуг	bʲizzasɭˈuk
предложение	prʲidɭʌʒˈɛnʲijɪ
спорно	spˈornʌ
лучшему	ɭˈutʃymu
независимо	nʲizavʲˈisʲimʌ
войсковой	vʌjskʌvˈoj
стоянки	stʌˈjankʲɪ
родного	rʌdnˈovʌ
перекрёстками	pʲirʲikrʲˈɵstkʌmʲɪ
всяком	fsʲˈɑkʌm
заброшенном	zabrˈoʃynnʌm
расчёте	raɕˈɵtʲi
торговой	tʌrɡˈovʌj
рассказа	rasskˈɑza
престолу	prʲistˈoɭu
разорена	rʌzʌrʲinˈɑ
разорённой	rʌzʌrʲˈɵnnʌj
набегом	nabʲˈeɡʌm
сплошном	spɭʌʃnˈom
выборка	vˈybʌrka
разбросанных	razbrˈosʌnnyx
промаха	prˈomʌxa
возможных	vʌzmˈoʒnyx
разъезда	razjjˈezda
убавляет	ubavɭʲˈɑjit
спокойна	spʌkˈojna
давал	davˈɑɭ
ложно	ɭˈoʒnʌ
вычитание	vytʃʲitˈɑnʲijɪ
деньгам	dʲinʲɡˈɑm
прибавлялось	prʲibavɭʲˈɑɭʌsʲ
каравану	kʌravˈɑnu
сопроводить	sʌprʌvʌdʲˈitʲ
наняты	nˈɑnʲʌty
выгодных	vˈyɡʌdnyx
разобраны	razˈobrʌny
прежними	prʲˈeʒnʲimʲɪ
отплытие	ʌtpɭˈytʲijɪ
сходни	sxˈodnʲɪ
протяжный	prʌtʲˈɑʒnyj
повозки	pʌvˈoskʲɪ
погоня	pʌɡˈonʲʌ
накопление	nʌkʌpɭʲˈenʲijɪ
петлях	pʲˈetɭʲʌx
верхнем	vʲˈerxnʲim
регистре	rʲiɡʲˈistrʲi
контрабас	kʌntrabˈɑs
фисгармония	fʲizɡarmˈonʲija
тромбон	trʌmbˈon
оркестровый	ʌrkʲistrˈovyj
наковальню	nʌkʌvˈɑɭʲnʲu
хрустальная	xrustˈɑɭʲnʌja
стука	stˈuka
струны	strˈuny
дымка	dˈymka
кожаная	kˈoʒʌnʌja
спущена	spˈuɕina
праща	praɕˈɑ
стрел	strʲˈeɭ
сковывает	skˈovyvʌjit
снадобье	snˈɑdʌbjjɪ
снаряд	snarʲˈɑt
шкуру	ʃkˈuru
могильная	mʌɡʲˈiɭʲnʌja
упокоена	upʌkˈojina
хозяйский	xʌʑˈɑjskʲij
умеренных	umʲˈerʲinnyx
слушаюсь	sɭˈuʃʌjusʲ
зазывает	zʌzyvˈɑjit
пересвист	pʲirʲisvʲˈist
повтора	pʌftˈora
минуя	mʲinˈuja
звучащих	zvutʃʲˈɑɕix
овца	ʌftsˈɑ
близкой	bɭʲˈiskʌj
приоритеты	prʲiʌrʲitʲˈety
осечка	ʌsʲˈetʃʲka
ошибки	ʌʃˈypkʲɪ
нажатий	naʒˈɑtʲij
ненайденная	nʲinajdʲˈennʌja
уступит	ustˈupʲit
плоско	pɭˈoskʌ
повёрнут	pʌvʲˈɵrnut
картине	kartʲˈinʲi
скачан	skˈɑtʃʲʌn
залов	zˈɑɭʌf
байта	bˈɑjta
кровли	krˈovɭʲɪ
тесной	tʲˈesnʌj
акустику	akˈusʲtʲiku
явно	ˈjavnʌ
услышанная	usɭˈyʃʌnnʌja
летящая	ɭʲitʲˈɑɕʌja
макушкой	makˈuʃkʌj
вызывающий	vyzyvˈɑjuɕij
плане	pɭˈɑnʲi
вполовину	fpʌɭʌvʲˈinu
появления	pʌjavɭʲˈenʲija
подбирается	pʌdbʲirˈɑjitsʌ
демон	dʲˈemʌn
рушится	rˈuʃytsʌ
конский	kˈonskʲij
мумия	mˈumʲija
хищная	xˈiɕnʌja
шестая	ʃystˈɑja
груди	ɡrˈudʲɪ
скулит	skuɭʲˈit
кислота	kʲisɭʌtˈɑ
разъедает	rʌzjjidˈɑjit
камням	kamnʲˈɑm
перекличка	pʲirʲikɭʲˈitʃʲka
вязкий	vʲˈɑskʲij
защитных	zaɕˈitnyx
кресало	krʲisˈɑɭʌ
пороховая	pʌrʌxʌvˈɑja
укладка	ukɭˈɑtka
прыжок	pryʒˈok
бур	bˈur
посуда	pʌsˈuda
колба	kˈoɭba
варево	vˈɑrʲivʌ
разгорается	rʌzɡʌrˈɑjitsʌ
мягкому	mʲˈɑxkʌmu
соединение	sʌjidʲinʲˈenʲijɪ
кронах	krˈonʌx
летят	ɭʲitʲˈɑt
железу	ʒyɭʲˈezu
упал	upˈɑɭ
коготь	kˈoɡʌtʲ
способы	spˈosʌby
створ	stvˈor
механическая	mʲixanʲˈitʃʲiskʌja
пружина	pruʒˈyna
гравитационная	ɡrʌvʲitʌtsyˈonnʌja
непомерным	nʲipʌmʲˈernym
иллюзорная	ɪɭɭʲuzˈornʌja
сомкнулась	sʌmknˈuɭʌsʲ
слухом	sɭˈuxʌm
прочтены	prʌtʃʲtʲinˈy
следопытство	sɭʲidʌpˈytstvʌ
выделанной	vˈydʲiɭʌnnʌj
минерала	mʲinʲirˈɑɭa
проведена	prʌvʲidʲinˈɑ
лопата	ɭʌpˈɑta
грунт	ɡrˈunt
лунная	ɭˈunnʌja
призраков	prʲˈizrʌkʌf
гарпия	ɡˈɑrpʲija
лунной	ɭˈunnʌj
пусть	pˈustʲ
объём	ʌbjˈɵm
испуг	ɪspˈuk
каналом	kanˈɑɭʌm
проверке	prʌvʲˈerkʲi
разберёт	rʌzbʲirʲˈɵt
нажатие	naʒˈɑtʲijɪ
синтезированным	sʲintʲiʑˈirʌvʌnnym
кузней	kˈuʑnʲij
падал	pˈɑdʌɭ
узнаются	uznˈɑjutsʌ
спутать	spˈutʌtʲ
отваром	ʌtvˈɑrʌm
каплей	kˈɑpɭʲij
копошится	kʌpʌʃˈytsʌ
молчали	mʌɭtʃʲˈɑɭʲɪ
механикой	mʲixˈɑnʲikʌj
краска	krˈɑska
поляны	pʌɭʲˈɑny
приметой	prʲimʲˈetʌj
расписанию	rʌspʲisˈɑnʲiju
переходами	pʲirʲixˈodʌmʲɪ
открытую	ʌtkrˈytuju
ная	nˈɑja
ный	nˈyj
пристань	prʲˈistʌnʲ
имело	ɪmʲˈeɭʌ
капитаном	kʌpʲitˈɑnʌm
причалов	prʲitʃʲˈɑɭʌf
недоступен	nʲidʌstˈupʲin
посадке	pʌsˈɑtkʲi
партию	pˈɑrtʲiju
ограничивает	ʌɡranʲˈitʃʲivʌjit
увезти	uvʲisʲtʲˈɪ
раковина	rˈɑkʌvʲina
предметах	prʲidmʲˈetʌx
удочкой	ˈudʌtʃʲkʌj
закончите	zakˈontʃʲitʲi
отпустило	ʌtpusʲtʲˈiɭʌ
влезет	vɭʲˈeʑit
оптовая	ʌptˈovʌja
сдайте	zdˈɑjtʲi
складчик	skɭˈɑttʃʲik
дитя	dʲitʲˈɑ
простившее	prʌsʲtʲˈifʃyjɪ
откупается	ʌtkupˈɑjitsʌ
кракенов	krakʲˈenʌf
залпами	zˈɑɭpʌmʲɪ
виток	vʲitˈok
произнесла	prʌiʑnʲisɭˈɑ
отдало	ˈoddʌɭʌ
упокаивают	upʌkaˈivʌjut
отдала	ʌddaɭˈɑ
ставила	stˈɑvʲiɭa
штормовое	ʃtʌrmʌvˈojɪ
глубоководная	ɡɭubʌkʌvˈodnʌja
хищники	xˈiɕnʲikʲɪ
погружения	pʌɡruʒˈɛnʲija
инее	ˈɪnʲijɪ
носа	nˈosa
сбились	zbʲˈiɭʲisʲ
дёрнулось	dʲˈɵrnuɭʌsʲ
шпили	ʃpʲˈiɭʲɪ
мачтами	mˈɑtʃʲtʌmʲɪ
ец	jˈets
ан	ˈɑn
ель	jˈelʲ
ара	ˈɑra
ица	ˈɪtsa
островные	ʌstrʌvnˈyjɪ
обменялись	ʌbmʲinʲˈɑɭʲisʲ
новостями	nʌvʌsʲtʲˈɑmʲɪ
воюющей	vʌˈjujuɕij
отметил	ʌtmʲˈetʲiɭ
прочитаны	prʌtʃʲˈitʌny
хищников	xˈiɕnʲikʌf
илом	ˈɪɭʌm
подводное	pʌdvˈodnʌjɪ
аркой	ˈɑrkʌj
крепнут	krʲˈepnut
сердцевины	sʲirtsyvʲˈiny
русалок	rusˈɑɭʌk
проснётся	prʌsʲnʲˈɵtsʌ
проснулось	prʌsnˈuɭʌsʲ
погружений	pʌɡruʒˈɛnʲij
заходят	zaxˈodʲʌt
призрачной	prʲˈizrʌtʃʲnʌj
эскадры	ɛskˈɑdry
боцман	bˈotsmʌn
пиратам	pʲirˈɑtʌm
обыскивают	ʌbˈyskʲivʌjut
крюке	krʲukʲˈe
побольше	pʌbˈoɭʲʃy
сильную	sʲˈiɭʲnuju
клала	kɭˈɑɭa
значить	znˈɑtʃʲitʲ
палубный	pˈɑɭubnyj
матросы	matrˈosy
вытянули	vˈytʲʌnuɭʲɪ
репутацией	rʲiputˈɑtsyjij
ир	ˈɪr
лун	ɭˈun
нор	nˈor
камен	kˈɑmʲin
ветр	vʲˈetr
сонный	sˈonnyj
хитрый	xˈitryj
наша	nˈɑʃa
нападение	nʌpadʲˈenʲijɪ
брата	brˈɑta
страшны	straʃnˈy
достижимы	dʌsʲtʲiʒˈymy
волков	vˈoɭkʌf
крестьяне	krʲistʲjˈjanʲi
звёздных	zvʲˈɵznyx
ткачей	tkatʃʲˈej
песке	pʲiskʲˈe
младшим	mɭˈɑtʃym
потеряли	pʌtʲirʲˈɑɭʲɪ
одичавших	ʌdʲitʃʲˈɑfʃyx
огр	ˈoɡr
разрушением	rʌzruʃˈɛnʲijim
используют	ɪspˈoɭʲzujut
бьются	bjˈjutsʌ
оставшийся	ʌstˈɑfʃyjsʲʌ
весной	vʲisnˈoj
почитают	pʌtʃʲitˈɑjut
старейшину	starʲˈejʃynu
тропу	trʌpˈu
срубили	srubʲˈiɭʲɪ
росло	rʌsɭˈo
буквально	bukvˈɑɭʲnʌ
бросил	brˈosʲiɭ
договариваются	dʌɡʌvˈɑrʲivʌjutsʌ
перемирии	pʲirʲimʲˈirʲiɪ
придорожных	prʲidʌrˈoʒnyx
весовой	vʲisʌvˈoj
ярмарочный	ˈjarmʌrʌtʃʲnyj
амбар	ambˈɑr
количество	kʌɭʲˈitʃʲistvʌ
взялась	vʑaɭˈɑsʲ
мифриловой	mʲifrʲiɭˈovʌj
мифрила	mʲifrʲˈiɭa
вулканов	vuɭkˈɑnʌf
бурая	bˈurʌja
медная	mʲˈednʌja
оловянная	ʌɭʌvʲˈɑnnʌja
мифриловая	mʲifrʲiɭˈovʌja
адамантовая	adamˈɑntʌvʌja
гранит	ɡranʲˈit
базальт	bazˈɑɭʲt
трещине	trʲˈeɕinʲi
мутный	mˈutnyj
друза	drˈuza
земляной	ʑimɭʲanˈoj
жёсткий	ʒˈostkʲij
трутовик	trutʌvʲˈik
светятся	svʲˈetʲʌtsʌ
зелёным	ʑiɭʲˈɵnym
похлёбки	pʌxɭʲˈɵpkʲɪ
сырому	syrˈomu
горькая	ɡˈorɪkʌja
валежник	vaɭʲˈeʒnʲik
смолистый	smʌɭʲˈistyj
твёрдое	tvʲˈɵrdʌjɪ
сыростью	sˈyrʌstʲjju
переливается	pʲirʲiɭʲivˈɑjitsʌ
городском	ɡʌrʌtskˈom
торге	tˈorɡʲi
свёртки	svʲˈɵrtkʲɪ
встретиться	fstrʲˈetʲitsʌ
неоткуда	nʲˈeʌtkuda
биомов	bʲiˈomʌf
поздних	pˈoznʲix
делили	dʲiɭʲˈiɭʲɪ
заморозка	zamˈorʌska
разработки	rʌzrabˈotkʲɪ
данные	dˈɑnnyjɪ
снотворные	snʌtvˈornyjɪ
стимулирующие	sʲtʲimuɭʲˈirujuɕijɪ
цветы	tsvʲitˈy
побочного	pʌbˈotʃʲnʌvʌ
мята	mʲˈɑta
перчатке	pʲirtʃʲˈɑtkʲi
сон-трава	sˈontravˈɑ
заряница	zʌrʲanʲˈitsa
теневик	tʲinʲivʲˈik
инеевый	ɪnʲijˈevyj
разломница	razɭˈomnʲitsa
часолист	tʃʲʌsʌɭʲˈist
нужный	nˈuʒnyj
тяжец	tʲaʒˈɛts
обеими	ʌbʲˈeimʲɪ
трутник	trˈutʲnʲik
вытянуть	vˈytʲʌnutʲ
топяной	tʌpʲˈɑnʌj
хвощ	xvˈoɕ
сердечная	sʲirdʲˈetʃʲnʌja
шестерня	ʃysʲtʲirnʲˈɑ
прохлада	prʌxɭˈɑda
обжёг	ʌbʒˈok
восстанавливающее	vʌsstanˈɑvɭʲivʌjuɕijɪ
утолена	utʌɭʲinˈɑ
лёгкими	ɭʲˈɵxkʲimʲɪ
зрения	zrʲˈenʲija
дрожат	drʌʒˈɑt
хорошее	xʌrˈoʃyjɪ
слабое	sɭˈɑbʌjɪ
варит	vˈɑrʲit
чану	tʃʲˈɑnu
значка	znatʃʲkˈɑ
троне	trˈonʲi
проросшая	prʌrˈoʃʃʌja
червоточины	tʃʲirvʌtˈotʃʲiny
провозвестников	prʌvʌzvʲˈesnʲikʌf
дожить	dʌʒˈytʲ
назначенные	naznˈɑtʃʲinnyjɪ
отменяют	ʌtmʲinʲˈɑjut
престолов	prʲistˈoɭʌf
обещаний	ʌbʲiɕˈɑnʲij
рабы	rabˈy
стигийская	sʲtʲiɡʲˈijskʌja
обсуждается	ʌpsuʒdˈɑjitsʌ
досмотр	dʌsmˈotr
чертой	tʃʲirtˈoj
подменённый	pʌdmʲinʲˈɵnnyj
потушенный	pʌtˈuʃynnyj
съеденное	sjjˈedʲinnʌjɪ
переписи	pʲˈerʲipʲisʲɪ
вражду	vraʒdˈu
немого	nʲimˈovʌ
вдов	vdˈof
чрева	tʃʲrʲˈeva
ходовое	xʌdʌvˈojɪ
притворяется	prʲitvʌrʲˈɑjitsʌ
пошлин	pˈoʃɭʲin
встретил	fstrʲˈetʲiɭ
углей	uɡɭʲˈej
вдова	vdʌvˈɑ
провозвестник	prʌvʌzvʲˈesnʲik
шву	ʃvˈu
небесная	nʲibʲˈesnʌja
кровник	krˈovnʲik
проходить	prʌxʌdʲˈitʲ
ждущий	ʒdˈuɕij
врагпо	vrˈɑkpʌ
слепота	sɭʲipʌtˈɑ
возвращение	vʌzvraɕˈenʲijɪ
мага-отшельника	mˈɑɡaʌtʃˈɛɭʲnʲika
спрятан	sprʲˈɑtʌn
сожжённых	sʌʒʒˈonnyx
произносить	prʌiznʌsʲˈitʲ
интересное	ɪntʲirʲˈesnʌjɪ
проросшие	prʌrˈoʃʃyjɪ
следят	sɭʲidʲˈɑt
штопают	ʃtˈopʌjut
именам	ɪmʲinˈɑm
второму	ftʌrˈomu
жива	ʒyvˈɑ
метёт	mʲitʲˈɵt
заложена	zaɭˈoʒyna
эху	ˈɛxu
скалу	skaɭˈu
ресурсом	rʲisˈursʌm
протянуть	prʌtʲanˈutʲ
перевале	pʲirʲivˈɑɭʲi
лесопилкой	ɭʲisʌpʲˈiɭkʌj
дождей	dʌʒdʲˈej
холодным	xʌɭˈodnym
кора	kʌrˈɑ
обобрали	ʌbʌbrˈɑɭʲɪ
пирамидка	pʲiramʲˈitka
колоды	kʌɭˈody
пчёлы	ptʃʲˈɵɭy
обошлось	ʌbʌʃɭˈosʲ
оглядываясь	ʌɡɭʲˈɑdyvʌjasʲ
обросла	ʌbrʌsɭˈɑ
завязанный	zavʲˈɑzʌnnyj
пожива	pʌʒˈyva
свежий	svʲˈeʒyj
опустошили	ʌpustʌʃˈyɭʲɪ
берестяной	bʲirʲisʲtʲanˈoj
камень-оберег	kˈɑmʲinʲʌbʲirʲˈek
валун	vaɭˈun
выбитым	vˈybʲitym
унесли	unʲisɭʲˈɪ
вынимается	vynʲimˈɑjitsʌ
ломит	ɭˈomʲit
зубы	zˈuby
заходили	zʌxʌdʲˈiɭʲɪ
гореть	ɡʌrʲˈetʲ
здешний	ʑdʲˈeʃnʲij
гладкого	ɡɭˈɑtkʌvʌ
подновлён	pʌdnʌvɭʲˈɵn
неспокойно	nʲispʌkˈojnʌ
налёт	naɭʲˈɵt
чёрное	tʃʲˈɵrnʌjɪ
крист	krʲˈist
изломе	ɪzɭˈomʲi
смолкает	smʌɭkˈɑjit
клада	kɭˈɑda
базовому	bˈɑzʌvʌmu
тысяче	tˈysʲʌtʃʲi
мерой	mʲˈerʌj
процент	prʌtsˈɛnt
встречал	fstrʲitʃʲˈɑɭ
старом	stˈɑrʌm
поведение	pʌvʲidʲˈenʲijɪ
размере	razmʲˈerʲi
стаей	stˈɑjij
свойством	svˈojstvʌm
стадо	stˈɑdʌ
близости	bɭʲˈizʌsʲtʲɪ
жаре	ʒarʲˈe
окраине	ʌkrˈɑinʲi
удела	udʲˈeɭa
заведены	zʌvʲidʲinˈy
лето	ɭʲˈetʌ
сдвинуты	zdvʲˈinuty
волчьи	vˈoɭtʃʲjɪ
заметнее	zamʲˈetʲnʲijɪ
взвешенный	vzvʲˈeʃynnyj
зверья	zvʲirɪjˈja
попадётся	pʌpadʲˈɵtsʌ
распределение	rʌsprʲidʲiɭʲˈenʲijɪ
известных	ɪzvʲˈesnyx
щедрой	ɕˈedrʌj
пересчитаны	pʲirʲiɕˈitʌny
затяжные	zʌtʲaʒnˈyjɪ
обиды	ʌbʲˈidy
темнеет	tʲimnʲˈejit
люда	ɭʲˈuda
притоне	prʲitˈonʲi
оплоте	ʌpɭˈotʲi
предтечах	prʲitʲtʲˈetʃʲʌx
глубокие	ɡɭubˈokʲijɪ
зверях	zvʲirʲˈɑx
портальное	pʌrtˈɑɭʲnʌjɪ
сидел	sʲidʲˈeɭ
схроне	sxrˈonʲi
уехавшего	ujˈexʌfʃyvʌ
встречах	fstrʲˈetʃʲʌx
честный	tʃʲˈesnyj
обижается	ʌbʲiʒˈɑjitsʌ
разговаривает	rʌzɡʌvˈɑrʲivʌjit
глупости	ɡɭˈupʌsʲtʲɪ
нынешних	nˈynʲiʃnʲix
поменять	pʌmʲinʲˈɑtʲ
третьем	trʲˈetʲjjim
обозе	ʌbˈoʑi
бывший	bˈyfʃyj
съехал	sjjˈexʌɭ
среднее	srʲˈednʲijɪ
работника	rabˈotʲnʲika
твёрдую	tvʲˈɵrduju
чарам	tʃʲˈɑrʌm
сочтённым	sʌtʃʲtʲˈɵnnym
увидеть	uvʲˈidʲitʲ
хорошего	xʌrˈoʃyvʌ
стать	stˈɑtʲ
доказать	dʌkazˈɑtʲ
покое	pʌkˈojɪ
скопить	skʌpʲˈitʲ
гильдию	ɡʲˈiɭʲdʲiju
сгоревшее	zɡʌrʲˈefʃyjɪ
отомстить	ʌtʌmsʲtʲˈitʲ
весны	vʲisnˈy
молится	mˈoɭʲitsʌ
неурожая	nʲiurʌʒˈɑja
низкого	nʲˈiskʌvʌ
знатного	znˈɑtnʌvʌ
базст	bˈɑsst
нраву	nrˈɑvu
расположен	rʌspʌɭˈoʒyn
ровен	rˈovʲin
долгу	dˈoɭɡu
ремесленных	rʲimʲˈesɭʲinnyx
шелкопряды	ʃyɭkʌprʲˈɑdy
гнилокоронные	ɡnʲiɭʌkˈorʌnnyjɪ
пепелокрылые	pʲipʲiɭˈokryɭyjɪ
костокрылые	kʌstʌkrˈyɭyjɪ
кровострижи	krʌvˈostrʲiʒy
гнилокрылые	ɡnʲiɭʌkrˈyɭyjɪ
крачки	krˈɑtʃʲkʲɪ
углекрылые	uɡɭʲikrˈyɭyjɪ
сонные	sˈonnyjɪ
скаты	skˈɑty
шёпотокрылые	ʃˈopʌtʌkryɭyjɪ
многокрылые	mnʌɡʌkrˈyɭyjɪ
пустокрылые	pustʌkrˈyɭyjɪ
аэрониды	aɛrˈonʲidy
ядокрылые	jadʌkrˈyɭyjɪ
многоглазые	mnʌɡʌɡɭˈɑzyjɪ
жен	ʒˈɛn
обмануть	ʌbmanˈutʲ
вечером	vʲˈetʃʲirʌm
степень	sʲtʲˈepʲinʲ
достоверности	dʌstʌvʲˈernʌsʲtʲɪ
событии	sʌbˈytʲiɪ
зол	zˈoɭ
доступен	dʌstˈupʲin
жениться	ʒynʲˈitsʌ
передавать	pʲirʲidavˈɑtʲ
тикает	tʲikajˈet
отсутствия	ʌtsˈutstvʲija
месяцев	mʲˈesʲʌtsyf
молодые	mʌɭʌdˈyjɪ
женятся	ʒˈɛnʲʌtsʌ
перешло	pʲirʲiʃɭˈo
вошла	vʌʃɭˈɑ
завёл	zavʲˈɵɭ
ребёнок	rʲibʲˈɵnʌk
ссоры	ssˈory
родне	rʌdnʲˈe
ирон	ˈɪrʌn
неправда	nʲiprˈɑvda
прошлой	prˈoʃɭʌj
перешли	pʲirʲiʃɭʲˈɪ
помноженный	pʌmnˈoʒynnyj
верность	vʲˈernʌstʲ
давние	dˈɑvnʲijɪ
рождается	rʌʒdˈɑjitsʌ
чудовище	tʃʲudˈovʲiɕi
водит	vˈodʲit
ввязался	vvʲazˈɑɭsʲʌ
драку	drˈɑku
отбил	ʌdbʲˈiɭ
раздуто	razdˈutʌ
устаревшая	ustarʲˈefʃʌja
выдумкой	vˈydumkʌj
пущен	pˈuɕin
терпеть	tʲirpʲˈetʲ
осям	ʌsʲˈɑm
убьют	ubjˈjut
объясняют	ʌbjjasʲnʲˈɑjut
опасаются	ʌpasˈɑjutsʌ
соперничество	sʌpʲˈernʲitʃʲistvʌ
подкупить	pʌtkupʲˈitʲ
соврать	sʌvrˈɑtʲ
личного	ɭʲˈitʃʲnʌvʌ
недосказанность	nʲidʌskˈɑzʌnnʌstʲ
краях	kraˈjax
убеждение	ubʲiʒdʲˈenʲijɪ
податях	pˈodʌtʲʌx
поторговаться	pʌtʌrɡʌvˈɑtsʌ
запугивание	zapˈuɡʲivʌnʲijɪ
провокация	prʌvʌkˈɑtsyja
смягчает	smʲaktʃʲˈɑjit
наедине	nʌjidʲinʲˈe
резкие	rʲˈeskʲijɪ
декоративно	dʲikʌratʲˈivnʌ
немедленное	nʲimʲˈedɭʲinnʌjɪ
окончен	ʌkˈontʃʲin
правы	prˈɑvy
вздыхает	vzdyxˈɑjit
внимательно	vnʲimˈɑtʲiɭʲnʌ
твёрд	tvʲˈɵrt
отталкивает	ʌttˈɑɭkʲivʌjit
сошла	sʌʃɭˈɑ
уходите	uxˈodʲitʲi
врёте	vrʲˈɵtʲi
скажу	skaʒˈu
свидетелях	svʲidʲˈetʲiɭʲʌx
кругах	kruɡˈɑx
шансслово	ʃanssɭˈovʌ
проповедники	prʌpʌvʲˈednʲikʲɪ
благословлял	bɭʌɡʌsɭʌvɭʲˈɑɭ
святые	svʲatˈyjɪ
фанатик	fanˈɑtʲik
возражений	vʌzraʒˈɛnʲij
еретик	jɪrʲitʲˈik
миссионер	mʲisʲsʲiʌnʲˈer
вербует	vʲirbˈujit
пророк	prʌrˈok
аскет	askʲˈet
культист	kuɭʲtʲˈist
философ	fʲiɭˈosʌf
сомневается	sʌmnʲivˈɑjitsʌ
ссорить	ssˈorʲitʲ
доносить	dʌnʌsʲˈitʲ
очищает	ʌtʃʲiɕˈɑjit
омовение	ʌmʌvʲˈenʲijɪ
запястье	zapʲˈɑstʲjjɪ
старец	stˈɑrʲits
писец	pʲisʲˈets
назвавший	nazvˈɑfʃyj
приходе	prʲixˈodʲi
зажигает	zʌʒyɡˈɑjit
наизусть	nʌizˈustʲ
обещает	ʌbʲiɕˈɑjit
религиозный	rʲiɭʲiɡʲiˈoznyj
половине	pʌɭʌvʲˈinʲi
ссорит	ssˈorʲit
правдой	prˈɑvdʌj
учении	utʃʲˈenʲiɪ
выигран	vˈyiɡrʌn
напомнили	napˈomnʲiɭʲɪ
нынче	nˈyntʃʲi
проповедника	prʌpʌvʲˈednʲika
круглые	krˈuɡɭyjɪ
обедает	ʌbʲˈedʌjit
занятие	zanʲˈɑtʲijɪ
часу	tʃʲˈɑsu
службами	sɭˈuʒbʌmʲɪ
работаю	rabˈotʌju
подошедшее	pʌdʌʃˈɛtʃyjɪ
занятия	zanʲˈɑtʲija
спроси	sprʌsʲˈɪ
ссорятся	ssˈorʲʌtsʌ
любовь	ɭʲubˈofʲ
здороваются	zdʌrˈovʌjutsʌ
всякие	fsʲˈɑkʲijɪ
стане	stˈɑnʲi
алтарю	aɭtarʲˈu
соверши	sʌvʲirʃˈy
выработки	vˈyrʌbʌtkʲɪ
решите	rʲiʃˈytʲi
случались	sɭutʃʲˈɑɭʲisʲ
поймать	pʌjmˈɑtʲ
показался	pʌkazˈɑɭsʲʌ
плате	pɭˈɑtʲi
приложить	prʲiɭʌʒˈytʲ
неоткрытый	nʲiʌtkrˈytyj
выемку	vˈyjimku
стих	sʲtʲˈix
доской	dʌskˈoj
назначают	nʌznatʃʲˈɑjut
могу	mʌɡˌu
пройдёте	prʌjdʲˈɵtʲi
донести	dʌnʲisʲtʲˈɪ
восковую	vʌskʌvˈuju
отдадут	ʌddadˈut
мигает	mʲiɡˈɑjit
сушью	sˈuʃjju
налились	nʌɭʲiɭʲˈisʲ
погас	pʌɡˈɑs
клеймом	kɭʲijmˈom
недорого	nʲidˈorʌɡʌ
увели	uvʲiɭʲˈɪ
окликнул	ʌkɭʲˈiknuɭ
вспышку	fspˈyʃku
верующие	vʲˈerujuɕijɪ
проводили	prʌvʌdʲˈiɭʲɪ
перекрыл	pʲirʲikrˈyɭ
сведениями	svʲidʲinʲˈijamʲɪ
благодарит	bɭʌɡʌdarʲˈit
мзду	mzdˈu
беженцев	bʲˈeʒyntsyf
отстают	ʌtstaˈjut
отдаёте	ʌddaˈɵtʲi
милосердие	mʲiɭʌsʲˈerdʲijɪ
пропустили	prʌpusʲtʲˈiɭʲɪ
процессию	prʌtsˈɛsʲsʲiju
шаман	ʃamˈɑn
старость	stˈɑrʌstʲ
военных	vʌjˈennyx
крепких	krʲˈepkʲix
одобрил	ʌdˈobrʲiɭ
лазутчик	ɭazˈuttʃʲik
переждали	pʲirʲiʒdˈɑɭʲɪ
отступили	ʌtstupʲˈiɭʲɪ
потеряна	pʌtʲˈerʲʌna
завале	zavˈɑɭʲi
развёрнутый	razvʲˈɵrnutyj
поворотом	pʌvʌrˈotʌm
развернули	rʌzvʲirnˈuɭʲɪ
увела	uvʲiɭˈɑ
обочины	ʌbˈotʃʲiny
врос	vrˈos
вёрстам	vʲˈɵrstʌm
течению	tʲitʃʲˈenʲiju
обочину	ʌbˈotʃʲinu
сбиться	zbʲˈitsʌ
вёрст	vʲˈɵrst
заросшей	zarˈoʃʃyj
выложен	vˈyɭʌʒyn
останавливаясь	ʌstanˈɑvɭʲivʌjasʲ
оставленная	ʌstˈɑvɭʲinnʌja
заодно	zʌʌdnˈo
кирок	kʲˈirʌk
угостили	uɡʌsʲtʲˈiɭʲɪ
застала	zastˈɑɭa
непогоду	nʲipʌɡˈodu
тауру	taˈuru
громовержцу	ɡrʌmʌvʲˈerʃtsu
буре	bˈurʲi
звезду	zvʲizdˈu
хлебом	xɭʲˈebʌm
проходи	prʌxʌdʲˈɪ
отвели	ʌtvʲiɭʲˈɪ
обыскали	ʌbyskˈɑɭʲɪ
срезали	srʲizˈɑɭʲɪ
мальчишка	maɭʲtʃʲˈiʃka
сером	sʲˈerʌm
переулок	pʲirʲiˈuɭʌk
погоню	pʌɡˈonʲu
тупике	tupʲikʲˈe
перекрыла	pʲirʲikrˈyɭa
вёдрами	vʲˈɵdrʌmʲɪ
разгибается	rʌzɡʲibˈɑjitsʌ
завала	zavˈɑɭa
осыпи	ˈosypʲɪ
языках	jazykˈɑx
раскалывается	raskˈɑɭyvʌjitsʌ
произнесли	prʌiʑnʲisɭʲˈɪ
отступил	ʌtstupʲˈiɭ
сложенный	sɭˈoʒynnyj
мехи	mʲixˈɪ
ковал	kʌvˈɑɭ
погреться	pʌɡrʲˈetsʌ
плаще	pɭaɕˈe
обменять	ʌbmʲinʲˈɑtʲ
качаются	katʃʲˈɑjutsʌ
обломке	ʌbɭˈomkʲi
держался	dʲirʒˈɑɭsʲʌ
бросает	brʌsˈɑjit
косится	kʌsʲˈitsʌ
темноту	tʲimnʌtˈu
недавней	nʲidˈɑvnʲij
вороны	vʌrˈony
гербом	ɡʲirbˈom
срочное	srˈotʃʲnʌjɪ
лицу	ɭʲitsˈu
вестника	vʲˈesnʲika
знамении	znˈɑmʲinʲiɪ
завершено	zʌvʲirʃynˈo
заботы	zabˈoty
сдаются	zdaˈjutsʌ
плавку	pɭˈɑfku
правом	prˈɑvʌm
уговаривает	uɡʌvˈɑrʲivʌjit
леднике	ɭʲidnʲikʲˈe
киль	kʲˈilʲ
загона	zaɡˈona
продлится	prʌdɭʲˈitsʌ
решил	rʲiʃˈyɭ
послезавтра	pʌsɭʲizˈɑftra
отлитый	ʌtɭʲˈityj
завёлся	zavʲˈɵɭsʲʌ
закалкой	zakˈɑɭkʌj
скажите	skaʒˈytʲi
местностях	mʲˈesnʌsʲtʲʌx
спрашиваю	sprˈɑʃyvʌju
заставе	zastˈɑvʲi
отвечаю	ʌtvʲitʃʲˈɑju
оглядывайся	ʌɡɭʲˈɑdyvʌjsʲʌ
доходить	dʌxʌdʲˈitʲ
жёстко	ʒˈostkʌ
востоку	vʌstˈoku
серая	sʲˈerʌja
битого	bʲˈitʌvʌ
забота	zabˈota
валяется	vaɭʲˈɑjitsʌ
семеро	sʲˈemʲirʌ
пропавшего	prʌpˈɑfʃyvʌ
моего	mʌjivˈo
торговал	tʌrɡʌvˈɑɭ
проступок	prʌstˈupʌk
ямах	ˈjamʌx
жалости	ʒˈɑɭʌsʲtʲɪ
межой	mʲiʒˈoj
виновен	vʲinˈovʲin
прожил	prˈoʒyɭ
днями	dnʲˈɑmʲɪ
совпадёт	sʌfpadʲˈɵt
укрывательство	ukryvˈɑtʲiɭʲstvʌ
оборот	ʌbʌrˈot
престоле	prʲistˈoɭʲi
судить	sudʲˈitʲ
наказания	nʌkazˈɑnʲija
отложен	ʌtɭˈoʒyn
разворачивается	rʌzvʌrˈɑtʃʲivʌjitsʌ
наказании	nʌkazˈɑnʲiɪ
кузнецу	kuʑnʲitsˈu
выписки	vˈypʲiskʲɪ
вытащить	vˈytʌɕitʲ
поднято	pˈodnʲʌtʌ
должности	dˈoɭʒnʌsʲtʲɪ
вытаскивает	vytˈɑskʲivʌjit
купленное	kˈupɭʲinnʌjɪ
сработавшая	srabˈotʌfʃʌja
этаж	ɛtˈɑʃ
возьми	vʌʑmʲˈɪ
кострищ	kʌstrʲˈiɕ
столбах	stʌɭbˈɑx
туров	tˈurʌf
охотничьих	ʌxˈotʲnʲitʃʲjix
районе	rajˈonʲi
услышишь	usɭˈyʃyʃ
тематическое	tʲimatʲˈitʃʲiskʌjɪ
позволяет	pʌzvʌɭʲˈɑjit
рядовых	rʲʌdʌvˈyx
недостаточно	nʲidʌstˈɑtʌtʃʲnʌ
шнуром	ʃnurˈom
корешки	kʌrʲiʃkʲˈɪ
подставке	pʌtstˈɑfkʲi
вычеркнута	vˈytʃʲirknuta
аналой	anaɭˈoj
красного	krˈɑsnʌvʌ
аурисе	aˈurʲisʲi
селене	sʲiɭʲˈenʲi
нерее	nʲirʲˈejɪ
пепельном	pʲˈepʲiɭʲnʌm
мортане	mʌrtˈɑnʲi
страннице	strˈɑnnʲitsy
падеже	pʌdʲiʒˈɛ
клинке	kɭʲinkʲˈe
недели	nʲidʲˈeɭʲɪ
двенадцатидневной	dvʲinʌttsatʲˈidnʲivnʌj
начатую	nˈɑtʃʲʌtuju
нарушивший	narˈuʃyfʃyj
спорной	spˈornʌj
жрецу	ʒrʲitsˈu
признаком	prʲˈiznʌkʌm
вежливо	vʲˈeʒɭʲivʌ
прямым	prʲamˈym
году	ɡˈodu
названное	nˈɑzvʌnnʌjɪ
храмам	xrˈɑmʌm
копятся	kˈopʲʌtsʌ
честь	tʃʲˈestʲ
завели	zʌvʲiɭʲˈɪ
версты	vʲirstˈy
устроен	ustrˈojin
судью	sudʲjˈju
ладят	ɭˈɑdʲʌt
гонят	ɡˈonʲʌt
добавки	dʌbˈɑfkʲɪ
торопясь	tʌrʌpʲˈɑsʲ
общине	ʌpɕˈinʲi
мирный	mʲˈirnyj
списками	spʲˈiskʌmʲɪ
чеканят	tʃʲikˈɑnʲʌt
голубями	ɡʌɭubʲˈɑmʲɪ
владеть	vɭadʲˈetʲ
равной	rˈɑvnʌj
проводят	prʌvˈodʲʌt
служилый	sɭuʒˈyɭyj
клянётся	kɭʲanʲˈɵtsʌ
посылают	pʌsyɭˈɑjut
сборщиков	zbˈorɕikʌf
выдержит	vˈydʲirʒyt
поручают	pʌrutʃʲˈɑjut
кланом	kɭˈɑnʌm
отказывается	ʌtkˈɑzyvʌjitsʌ
уважения	uvaʒˈɛnʲija
ставок	stˈɑvʌk
привычно	prʲivˈytʃʲnʌ
осторожнее	ʌstʌrˈoʒnʲijɪ
верхняя	vʲˈerxnʲʌja
опасен	ʌpˈɑsʲin
скупщики	skˈupɕikʲɪ
страха	strˈɑxa
питается	pʲitˈɑjitsʌ
помнить	pˈomnʲitʲ
головами	ɡʌɭʌvˈɑmʲɪ
остатка	ʌstˈɑtka
потерявшие	pʌtʲirʲˈɑfʃyjɪ
красивое	krasʲˈivʌjɪ
привычкой	prʲivˈytʃʲkʌj
испорченный	ɪspˈortʃʲinnyj
испорченного	ɪspˈortʃʲinnʌvʌ
подделка	pʌdʲdʲˈeɭka
придумал	prʲidˈumʌɭ
болезнь	bʌɭʲˈeʑnʲ
осмотра	ʌsmˈotra
приезжего	prʲijˈeʒʒyvʌ
сухому	suxˈomu
скудный	skˈudnyj
заметить	zamʲˈetʲitʲ
обидеть	ʌbʲˈidʲitʲ
петь	pʲˈetʲ
четвёртым	tʃʲitvʲˈɵrtym
ночует	nʌtʃʲˈujit
пересечение	pʲirʲisʲitʃʲˈenʲijɪ
вёрстами	vʲˈɵrstʌmʲɪ
сдвинулось	zdvʲˈinuɭʌsʲ
староста	stˈɑrʌsta
потеряй	pʌtʲirʲˈɑj
находили	nʌxʌdʲˈiɭʲɪ
дорожат	dʌrʌʒˈɑt
менялись	mʲinʲˈɑɭʲisʲ
постояльцы	pʌstʌˈjaɭʲtsy
ночуют	nʌtʃʲˈujut
отдельную	ʌdʲdʲˈeɭʲnuju
топит	tˈopʲit
мысом	mˈysʌm
конвой	kʌnvˈoj
называли	nʌzyvˈɑɭʲɪ
большую	bʌɭʲʃˈuju
большее	bˈoɭʲʃyjɪ
выходе	vˈyxʌdʲi
опытные	ˈopytnyjɪ
взводе	vzvˈodʲi
мокнет	mˈoknʲit
факелами	fˈɑkʲiɭʌmʲɪ
казался	kazˈɑɭsʲʌ
нарушивших	narˈuʃyfʃyx
средний	srʲˈednʲij
ждал	ʒdˈɑɭ
руля	ruɭʲˈɑ
приписки	prʲipʲˈiskʲɪ
грамота	ɡrˈɑmʌta
ловил	ɭʌvʲˈiɭ
строил	strˈoiɭ
переписывают	pʲirʲipʲˈisyvʌjut
двадцатом	dvattsˈɑtʌm
трудности	trˈudnʌsʲtʲɪ
сном	snˈom
уходом	uxˈodʌm
разворачивают	rʌzvʌrˈɑtʃʲivʌjut
полях	pʌɭʲˈɑx
проверять	prʌvʲirʲˈɑtʲ
затянулись	zʌtʲanˈuɭʲisʲ
ударила	udˈɑrʲiɭa
вспыхнул	fspˈyxnuɭ
исчезаете	ɪɕizˈɑjitʲi
мешком	mʲiʃkˈom
переплёта	pʲirʲipɭʲˈɵta
вероятен	vʲirʌˈjatʲin
писана	pʲˈisʌna
писан	pʲˈisʌn
выходных	vyxʌdnˈyx
данных	dˈɑnnyx
концу	kʌntsˈu
листы	ɭʲistˈy
складку	skɭˈɑtku
сгибы	zɡʲˈiby
протёрты	prʌtʲˈɵrty
дыр	dˈyr
ответы	ʌtvʲˈety
оклад	ʌkɭˈɑt
углами	uɡɭˈɑmʲɪ
безымянной	bʲizymʲˈɑnnʌj
ремне	rʲimnʲˈe
воске	vˈoskʲi
сургуч	surɡˈutʃʲ
сорван	sˈorvʌn
исток	ɪstˈok
согласуется	sʌɡɭasˈujitsʌ
помимо	pʌmʲˈimʌ
обстоятельства	ʌpstʌˈjatʲiɭʲstva
собиратели	sʌbʲirˈɑtʲiɭʲɪ
редкостьимя	rʲitkˈostʲjimʲʌ
годился	ɡʌdʲˈiɭsʲʌ
перечитываю	pʲirʲitʃʲˈityvʌju
научит	naˈutʃʲit
кладу	kɭˈɑdu
сорванный	sˈorvʌnnyj
картиной	kartʲˈinʌj
двойном	dvʌjnˈom
балке	bˈɑɭkʲi
тварями	tvˈɑrʲʌmʲɪ
значил	znˈɑtʃʲiɭ
проседает	prʌsʲidˈɑjit
срабатывания	srabˈɑtyvʌnʲija
нажимная	naʒˈymnʌja
тугая	tuɡˈɑja
плитами	pɭʲˈitʌmʲɪ
щели	ɕˈeɭʲɪ
щелей	ɕiɭʲˈej
ядовитый	jadʌvʲˈityj
газ	ɡˈɑs
вырезан	vˈyrʲizʌn
иллюзорную	ɪɭɭʲuzˈornuju
гранёный	ɡranʲˈɵnyj
глазам	ɡɭazˈɑm
спутнике	spˈutʲnʲikʲi
разжимают	rʌʒʒymˈɑjut
вдоха	vdˈoxa
тряпице	trʲapʲˈitsy
подменяет	pʌdmʲinʲˈɑjit
внимательнее	vnʲimˈɑtʲiɭʲnʲijɪ
шумно	ʃˈumnʌ
анализ	anˈɑɭʲis
попробовать	pʌprˈobʌvʌtʲ
невыносимо	nʲivynʌsʲˈimʌ
ощупывают	ʌɕˈupyvʌjut
ответило	ʌtvʲˈetʲiɭʌ
срабатывание	srabˈɑtyvʌnʲijɪ
темнота	tʲimnʌtˈɑ
взведена	vzvʲidʲinˈɑ
знакомой	znakˈomʌj
сидели	sʲidʲˈeɭʲɪ
древки	drʲˈefkʲɪ
поправили	pʌprˈɑvʲiɭʲɪ
отозвались	ʌtʌzvˈɑɭʲisʲ
теплом	tʲˈepɭʌm
незакрытого	nʲizakrˈytʌvʌ
раме	rˈɑmʲi
жарчас	ʒˈɑrtʃʲʌs
греться	ɡrʲˈetsʌ
зелень	ʑˈeɭʲinʲ
чанчас	tʃʲˈɑntʃʲʌs
тёплую	tʲˈɵpɭuju
выпили	vˈypʲiɭʲɪ
простучали	prʌstutʃʲˈɑɭʲɪ
дров	drˈof
стоить	stˈoitʲ
напились	nʌpʲiɭʲˈisʲ
рожка	rʌʃkˈɑ
оплывший	ʌpɭˈyfʃyj
вынули	vˈynuɭʲɪ
убрали	ubrˈɑɭʲɪ
канделябр	kʌndʲiɭʲˈɑbr
тубусы	tˈubusy
вынута	vˈynuta
тряпьём	trʲapjˈɵm
прикосновения	prʲikʌsnʌvʲˈenʲija
мешчас	mʲˈeʃtʃʲʌs
заколочены	zʌkʌɭˈotʃʲiny
пенька	pʲinʲkˈɑ
толщиной	tʌɭɕinˈoj
кольцами	kˈoɭʲtsʌmʲɪ
потянуть	pʌtʲanˈutʲ
свалены	svˈɑɭʲiny
капле	kˈɑpɭʲi
фончас	fˈontʃʲʌs
дер	dʲˈer
медное	mʲˈednʌjɪ
гирек	ɡʲˈirʲik
станине	stanʲˈinʲi
стружка	strˈuʃka
треноге	trʲinˈoɡʲi
правят	prˈɑvʲʌt
курчас	kˈurtʃʲʌs
щиплет	ɕˈipɭʲit
нарушен	narˈuʃyn
молоть	mʌɭˈotʲ
жерчас	ʒˈɛrtʃʲʌs
расколота	raskˈoɭʌta
таверной	tavʲˈernʌj
кладовой	kɭʌdʌvˈoj
табуреты	tʌburʲˈety
вертеле	vʲˈertʲiɭʲi
перец	pʲˈerʲits
пилы	pʲˈiɭy
ставни	stˈɑvnʲɪ
кладовая	kɭʌdʌvˈɑja
вытерт	vˈytʲirt
уместна	umʲˈesna
зеркал	ʑirkˈɑɭ
рассказывала	rasskˈɑzyvʌɭa
столешницей	stʌɭʲˈeʃnʲitsyj
палатах	paɭˈɑtʌx
круглая	krˈuɡɭʌja
исписаны	ɪspʲˈisʌny
столбом	stʌɭbˈom
шкафом	ʃkˈɑfʌm
поместу	pʌmʲˈestu
функции	fˈunktsyɪ
щёлкнуло	ɕˈɵɭknuɭʌ
резьбе	rʲiʑbʲˈe
верхним	vʲˈerxnʲim
коробе	kˈorʌbʲi
третьи	trʲˈetʲjɪ
послушник	pʌsɭˈuʃnʲik
лоскут	ɭʌskˈut
кладе	kɭˈɑdʲi
определение	ʌprʲidʲiɭʲˈenʲijɪ
нажал	naʒˈɑɭ
возможность	vʌzmˈoʒnʌstʲ
написанному	napʲˈisʌnnʌmu
постучать	pʌstutʃʲˈɑtʲ
отсек	ʌtʲsʲˈek
ощупали	ʌɕˈupʌɭʲɪ
найденных	nˈɑjdʲinnyx
рывком	ryfkˈom
ящике	ˈjaɕikʲi
заглавия	zaɡɭˈɑvʲija
поехала	pʌjˈexʌɭa
запор	zapˈor
паза	pˈɑza
обыск	ˈobysk
натянуто	natʲˈɑnutʌ
толкать	tʌɭkˈɑtʲ
тайнику	tʌjnʲikˈu
заглянуть	zʌɡɭʲanˈutʲ
простучать	prʌstutʃʲˈɑtʲ
камин	kamʲˈin
верхнюю	vʲˈerxnʲuju
подпол	pˈotpʌɭ
вскрыть	fskrˈytʲ
колодце	kʌɭˈottsy
размыта	razmˈyta
бывал	byvˈɑɭ
отметкой	ʌtmʲˈetkʌj
отпирают	ʌtpʲirˈɑjut
компонент	kʌmpʌnʲˈent
открытому	ʌtkrˈytʌmu
подсказкой	pʌtskˈɑskʌj
трудность	trˈudnʌstʲ
указанным	ukˈɑzʌnnym
крестом	krʲistˈom
заброшенной	zabrˈoʃynnʌj
повреждённая	pʌvrʲiʒdʲˈɵnnʌja
повреждённую	pʌvrʲiʒdʲˈɵnnuju
брошенную	brˈoʃynnuju
починенная	pʌtʃʲˈinʲinnʌja
задвинуть	zadvʲˈinutʲ
частого	tʃʲˈɑstʌvʌ
заберёт	zʌbʲirʲˈɵt
умеющий	umʲˈejuɕij
пробует	prˈobujit
забрано	zˈɑbrʌnʌ
крышкой	krˈyʃkʌj
паз	pˈɑs
щёлкнул	ɕˈɵɭknuɭ
чашах	tʃʲˈɑʃʌx
перевешивает	pʲirʲivʲˈeʃyvʌjit
сравнивать	srˈɑvnʲivʌtʲ
остановлен	ʌstanˈovɭʲin
брошено	brˈoʃynʌ
бумаге	bumˈɑɡʲi
починена	pʌtʃʲˈinʲina
стихийный	sʲtʲixˈijnyj
целапомиру	tsyɭapˈomʲiru
мойбог	mʌjbˈok
приношения	prʲinʌʃˈɛnʲija
естьдар	jˈestʲdʌr
немногие	nʲimnˈoɡʲijɪ
заслужите	zasɭˈuʒytʲi
разбирали	rʌzbʲirˈɑɭʲɪ
аура	ˈɑura
благословил	bɭʌɡʌsɭʌvʲˈiɭ
борозду	bʌrʌzdˈu
голыми	ɡˈoɭymʲɪ
проведён	prʌvʲidʲˈɵn
жертву	ʒˈɛrtvu
смотрим	smˈotrʲim
добавляются	dʌbavɭʲˈɑjutsʌ
прилавков	prʲiɭˈɑfkʌf
статуй	stˈɑtuj
каменн	kˈɑmʲinn
земл	ʑˈemɭ
молнии	mˈoɭnʲiɪ
кромке	krˈomkʲi
отперт	ˈotpʲirt
сообщается	sʌʌpɕˈɑjitsʌ
зацепила	zʌtsypʲˈiɭa
ил	ˈɪɭ
зажечь	zaʒˈɛtʃʲ
остаточную	ʌstˈɑtʌtʃʲnuju
выработана	vˈyrʌbʌtʌna
изучали	ɪzutʃʲˈɑɭʲɪ
ищем	ˈɪɕim
встанут	fstˈɑnut
потеряется	pʌtʲirʲˈɑjitsʌ
исполнения	ɪspʌɭnʲˈenʲija
сделанным	ʑdʲˈeɭʌnnym
желвака	ʒyɭvakˈɑ
отделить	ʌdʲdʲiɭʲˈitʲ
насыщение	nʌsyɕˈenʲijɪ
нема	nʲimˈɑ
тонких	tˈonkʲix
уху	ˈuxu
отказывает	ʌtkˈɑzyvʌjit
оружейный	ʌruʒˈɛjnyj
перегонный	pʲirʲiɡˈonnyj
куб	kˈup
пильная	pʲˈiɭʲnʌja
эфирный	ɛfʲˈirnyj
книжку	knʲˈiʃku
ключевой	kɭʲutʃʲivˈoj
нужнановая	nuʒnanˈovʌja
изведано	ɪzvʲˈedʌnʌ
ткацкие	tkˈɑtskʲijɪ
здании	zdˈɑnʲiɪ
шахтная	ʃˈɑxtnʌja
дутьё	dutʲjˈɵ
доводят	dʌvˈodʲʌt
веретено	vʲirʲitʲinˈo
охапки	ʌxˈɑpkʲɪ
кривая	krʲivˈɑja
вайма	vˈɑjma
стекле	sʲtʲikɭʲˈe
сведённые	svʲidʲˈɵnnyjɪ
слою	sɭˈoju
лекалу	ɭʲikˈɑɭu
запаха	zˈɑpʌxa
едкости	jˈetkʌsʲtʲɪ
готовое	ɡʌtˈovʌjɪ
подхватывает	pʌtxvˈɑtyvʌjit
стуку	stˈuku
оковка	ʌkˈofka
гнить	ɡnʲˈitʲ
сядет	sʲˈɑdʲit
пряха	prʲˈɑxa
огне	ʌɡnʲˈe
высокого	vysˈokʌvʌ
стёртая	sʲtʲˈɵrtʌja
устойчивостью	ustˈojtʃʲivʌstʲjju
копии	kˈopʲiɪ
убавить	ubˈɑvʲitʲ
толкнуть	tʌɭknˈutʲ
касаясь	kasˈɑjasʲ
горячее	ɡʌrʲˈɑtʃʲijɪ
прятались	prʲˈɑtʌɭʲisʲ
мешать	mʲiʃˈɑtʲ
снаряжении	snʌrʲaʒˈɛnʲiɪ
съедено	sjjˈedʲinʌ
лжи	ɭʒˈy
прочитанным	prʌtʃʲˈitʌnnym
изучайте	ɪzutʃʲˈɑjtʲi
продавались	prʌdavˈɑɭʲisʲ
ехать	jˈexʌtʲ
одинаковыми	ʌdʲinˈɑkʌvymʲɪ
послушная	pʌsɭˈuʃnʌja
прозрачное	prʌzrˈɑtʃʲnʌjɪ
носильщик	nʌsʲˈiɭʲɕik
гору	ɡˈoru
проку	prˈoku
кормления	kʌrmɭʲˈenʲija
пределом	prʲidʲˈeɭʌm
выбранных	vˈybrʌnnyx
обошёл	ʌbʌʃˈoɭ
набираются	nʌbʲirˈɑjutsʌ
сосуда	sʌsˈuda
кормёжка	kʌrmʲˈɵʃka
высших	vˈyʃʃyx
сорвётся	sʌrvʲˈɵtsʌ
высший	vˈyʃʃyj
тяжелы	tʲʌʒyɭˈy
тепле	tʲipɭʲˈe
заживают	zʌʒyvˈɑjut
солевар	sʌɭʲivˈɑr
чаше	tʃʲˈɑʃy
считающий	ɕitˈɑjuɕij
засов	zasˈof
войдут	vʌjdˈut
срабатывать	srabˈɑtyvʌtʲ
положенного	pʌɭˈoʒynnʌvʌ
наутро	naˈutrʌ
восстанавливать	vʌsstanˈɑvɭʲivʌtʲ
званому	zvˈɑnʌmu
исследована	ɪssɭʲˈedʌvʌna
начертанная	natʃʲˈertʌnnʌja
остыл	ʌstˈyɭ
стёрлось	sʲtʲˈɵrɭʌsʲ
разберите	rʌzbʲirʲˈitʲi
связанный	svʲˈɑzʌnnyj
таять	tˈɑjatʲ
одержимы	ʌdʲirʒˈymy
высшие	vˈyʃʃyjɪ
сорвутся	sʌrvˈutʲsʲʌ
призыва	prʲizˈyva
тупее	tupʲˈejɪ
корням	kʌrnʲˈɑm
заметит	zamʲˈetʲit
плечам	pɭʲitʃʲˈɑm
убежит	ubʲiʒˈyt
наследников	nasɭʲˈednʲikʌf
слепого	sɭʲipˈovʌ
соблазн	sʌbɭˈɑzn
страсть	strˈɑstʲ
сброшенного	zbrˈoʃynnʌvʌ
веспра	vʲˈespra
светами	svʲˈetʌmʲɪ
малет	maɭʲˈet
восход	vʌsxˈot
пришедшего	prʲiʃˈɛtʃyvʌ
мёртвом	mʲˈɵrtvʌm
сгорают	zɡʌrˈɑjut
ткут	tkˈut
тлеют	tɭʲˈejut
пьют	pjˈjut
похож	pʌxˈoʃ
ходило	xʌdʲˈiɭʌ
пульсирует	puɭʲsʲˈirujit
престолом	prʲistˈoɭʌm
столицей	stʌɭʲˈitsyj
ремёслам	rʲimʲˈɵsɭʌm
сказаны	skˈɑzʌny
помнятся	pˈomnʲʌtsʌ
чистка	tʃʲˈistka
обесценивает	ʌbʲistsˈɛnʲivʌjit
совершенно	sʌvʲirʃˈɛnnʌ
переписывать	pʲirʲipʲˈisyvʌtʲ
забыт	zabˈyt
изменённая	ɪzmʲinʲˈɵnnʌja
машиной	maʃˈynʌj
временной	vrʲimʲˈennʌj
развеяно	razvʲˈejanʌ
аномальному	anʌmˈɑɭʲnʌmu
эксперт	ɛkspʲˈert
трансцендентный	trʌnstsyndʲˈentnyj
адаптированное	adaptʲˈirʌvʌnnʌjɪ
перегруженное	pʲirʲiɡrˈuʒynnʌjɪ
отдыха	ˈoddyxa
восстановленное	vʌsstanˈovɭʲinnʌjɪ
побеждённой	pʌbʲiʒdʲˈɵnnʌj
чуткий	tʃʲˈutkʲij
разложен	razɭˈoʒyn
лабиринты	ɭʌbʲirʲˈinty
затерянные	zatʲˈerʲʌnnyjɪ
дошедшие	dʌʃˈɛtʃyjɪ
побеждённые	pʌbʲiʒdʲˈɵnnyjɪ
выдержало	vˈydʲirʒʌɭʌ
потоками	pʌtˈokʌmʲɪ
рейды	rʲˈejdy
разобранные	razˈobrʌnnyjɪ
сорванное	sˈorvʌnnʌjɪ
копьём	kʌpjˈɵm
кинжалом	kʲinʒˈɑɭʌm
арбалетом	arbaɭʲˈetʌm
голодным	ɡʌɭˈodnym
встреченные	fstrʲˈetʃʲinnyjɪ
обманет	ʌbmˈɑnʲit
выученных	vˈyutʃʲinnyx
двадцатую	dvattsˈɑtuju
распознавание	rʌspʌznavˈɑnʲijɪ
липнет	ɭʲˈipnʲit
ювелирное	juvʲiɭʲˈirnʌjɪ
рос	rˈos
подпора	pʌtpˈora
защк	zˈɑɕk
превратилась	prʲivratʲˈiɭʌsʲ
шкур	ʃkˈur
перемена	pʲirʲimʲˈena
аномальное	anʌmˈɑɭʲnʌjɪ
перегружено	pʲirʲiɡrˈuʒynʌ
усвоено	usvˈojinʌ
разобрано	razˈobrʌnʌ
этажи	ɛtaʒˈy
аномальные	anʌmˈɑɭʲnyjɪ
всякому	fsʲˈɑkʌmu
завелись	zʌvʲiɭʲˈisʲ
качеству	kˈɑtʃʲistvu
слотом	sɭˈotʌm
выглядят	vˈyɡɭʲʌdʲʌt
экипировано	ɛkʲipʲˈirʌvʌnʌ
метеоритного	mʲitʲiʌrʲˈitnʌvʌ
хрупок	xrˈupʌk
колется	kˈoɭʲitsʌ
дорос	dʌrˈos
имяп	ɪmʲˈɑp
чцена	tʃʲtsˈɛna
чтреб	tʃʲtrʲˈep
чизнос	tʃʲˈiznʌs
чешуй	tʃʲiʃˈuj
кожан	kˈoʒʌn
сапог	sapˈok
перчат	pʲˈertʃʲʌt
кольц	kˈoɭʲts
пропущен	prʌpˈuɕin
портит	pˈortʲit
падежа	pʌdʲiʒˈɑ
внутренность	vnˈutrʲinnʌstʲ
соединённых	sʌjidʲinʲˈɵnnyx
сбывался	zbyvˈɑɭsʲʌ
именованного	ɪmʲinˈovʌnnʌvʌ
заблудиться	zʌbɭudʲˈitsʌ
затон	zatˈon
сиротский	sʲirˈotskʲij
кварталах	kvartˈɑɭʌx
наковальный	nʌkʌvˈɑɭʲnyj
свечной	svʲitʃʲnˈoj
амбарный	ambˈɑrnyj
оружная	ʌrˈuʒnʌja
кожевенный	kʌʒˈɛvʲinnyj
храмовое	xrˈɑmʌvʌjɪ
служение	sɭuʒˈɛnʲijɪ
отвалах	ʌtvˈɑɭʌx
навесом	navʲˈesʌm
отворачивается	ʌtvʌrˈɑtʃʲivʌjitsʌ
кольях	kˈoɭjjax
пасечная	pˈɑsʲitʃʲnʌja
навесами	navʲˈesʌmʲɪ
пробуют	prˈobujut
кромку	krˈomku
гроздьями	ɡrˈoʑdʲjjamʲɪ
сукно	suknˈo
рыбный	rˈybnyj
телегами	tʲiɭʲˈeɡʌmʲɪ
полудню	pʌɭˈudnʲu
столбы	stʌɭbˈy
причале	prʲitʃʲˈɑɭʲi
штабеля	ʃtabʲˈeɭʲʌ
затемно	zˈɑtʲimnʌ
кварталами	kvartˈɑɭʌmʲɪ
судный	sˈudnyj
тяжбы	tʲˈɑʒby
промыслов	prˈomysɭʌf
братия	brˈɑtʲija
гробницы	ɡrʌbnʲˈitsy
колена	kʌɭʲˈena
вагонетки	vʌɡʌnʲˈetkʲɪ
зева	ʑˈeva
спустившись	spusʲtʲˈifʃysʲ
переживают	pʲirʲiʒyvˈɑjut
работорговцев	rʌbʌtʌrɡˈoftsyf
ошиблись	ʌʃˈybɭʲisʲ
утварь	ˈutvʌrɪ
сожгли	sʌʒɡɭʲˈɪ
тёплым	tʲˈɵpɭym
проросло	prʌrʌsɭˈo
клетками	kɭʲˈetkʌmʲɪ
дном	dnˈom
проверяли	prʌvʲirʲˈɑɭʲɪ
высоко	vysʌkˈo
зубах	zubˈɑx
выложены	vˈyɭʌʒyny
улицами	ˈuɭʲitsʌmʲɪ
наружная	narˈuʒnʌja
потрогать	pʌtrˈoɡʌtʲ
канализацию	kʌnʌɭʲizˈɑtsyju
факелы	fˈɑkʲiɭy
ориентиры	ʌrʲijintʲˈiry
занята	zˈɑnʲʌta
торговом	tʌrɡˈovʌm
письменный	pʲˈisʲmʲinnyj
томов	tʌmˈof
отрезанной	ʌtrʲˈezʌnnʌj
блужданий	bɭuʒdˈɑnʲij
пробивается	prʌbʲivˈɑjitsʌ
кратчайшему	krattʃʲˈɑjʃymu
единственного	jɪdʲˈinstvʲinnʌvʌ
значимого	znˈɑtʃʲimʌvʌ
тупиком	tupʲikˈom
допалаты	dʌpˈɑɭʌty
соборная	sʌbˈornʌja
колодезная	kʌɭˈodʲiznʌja
виденное	vʲˈidʲinnʌjɪ
школой	ʃkˈoɭʌj
триста	trʲˈista
закалки	zakˈɑɭkʲɪ
понял	pˈonʲʌɭ
гильдейский	ɡʲiɭʲdʲˈejskʲij
принёс	prʲinʲˈɵs
метящий	mʲˈetʲʌɕij
каменного	kˈɑmʲinnʌvʌ
гномья	ɡnˈomʲjja
прийти	prʲijtʲˈɪ
чьим	tʃʲjˈim
молгура	mʌɭɡˈura
видры	vʲˈidry
клюв	kɭʲˈuf
стёртое	sʲtʲˈɵrtʌjɪ
таррага	tarrˈɑɡa
тёмнаяплата	tʲˈɵmnʌjapɭʌta
подвалов	pʌdvˈɑɭʌf
кристальных	krʲistˈɑɭʲnyx
провалов	prʌvˈɑɭʌf
возвращении	vʌzvraɕˈenʲiɪ
привратник	prʲivrˈɑtʲnʲik
вошедших	vʌʃˈɛtʃyx
вех	vʲˈex
срабатывают	srabˈɑtyvʌjut
пускали	puskˈɑɭʲɪ
своду	svˈodu
троих	trʌˈix
сходились	sxʌdʲˈiɭʲisʲ
ткач	tkˈɑtʃʲ
плесневик	pɭʲisʲnʲivʲˈik
кует	kujˈet
спины	spʲˈiny
забоя	zabˈoja
случиться	sɭutʃʲˈitsʌ
стоящим	stʌˈjaɕim
умножители	umnʌʒˈytʲiɭʲɪ
скромные	skrˈomnyjɪ
кровле	krˈovɭʲi
вытянутой	vˈytʲʌnutʌj
боковых	bʌkʌvˈyx
костяными	kʌsʲtʲanˈymʲɪ
звонницы	zvˈonnʲitsy
остывший	ʌstˈyfʃyj
сшит	ʃʃˈyt
небольшая	nʲibʌɭʲʃˈɑja
обработчиком	ʌbrabˈottʃʲikʌm
проверенный	prʌvʲˈerʲinnyj
растеклась	rʌsʲtʲikɭˈɑsʲ
путает	pˈutʌjit
сторожит	stʌrʌʒˈyt
запомнило	zapˈomnʲiɭʌ
справочник	sprˈɑvʌtʃʲnʲik
сигнатура	sʲiɡnatˈura
смолкли	smˈoɭkɭʲɪ
правдивее	pravdʲˈivʲijɪ
костяного	kʌsʲtʲanˈovʌ
мертвецы	mʲirtvʲitsˈy
хребтового	xrʲiptˈovʌvʌ
валит	vˈɑɭʲit
охраняет	ʌxranʲˈɑjit
тиканье	tʲˈikʌnjjɪ
перегрев	pʲirʲiɡrʲˈef
глушат	ɡɭˈuʃʌt
чертаслово	tʃʲirtˈɑsɭʌvʌ
чертачто	tʃʲirtˈɑtʃʲtʌ
отличаются	ʌtɭʲitʃʲˈɑjutsʌ
славное	sɭˈɑvnʌjɪ
башенные	bˈɑʃynnyjɪ
волоса	vˈoɭʌsa
полотнищ	pʌɭˈotʲnʲiɕ
нагрудник	naɡrˈudnʲik
вынутый	vˈynutyj
проросший	prʌrˈoʃʃyj
утверждения	utvʲirʒdʲˈenʲija
игле	ɪɡɭʲˈe
тупится	tupʲˈitsʌ
заперто	zˈɑpʲirtʌ
вытащили	vˈytʌɕiɭʲɪ
вырезано	vˈyrʲizʌnʌ
слегка	sɭʲixkˈɑ
собственная	sˈopstvʲinnʌja
затевалось	zʌtʲivˈɑɭʌsʲ
стата	stˈɑta
купит	kˈupʲit
дописывают	dʌpʲˈisyvʌjut
завеса	zavʲˈesa
перегон	pʲirʲiɡˈon
студит	stˈudʲit
ладанка	ɭˈɑdʌnka
отсрочка	ʌtsrˈotʃʲka
вкладывается	fkɭˈɑdyvʌjitsʌ
дробится	drʌbʲˈitsʌ
роса	rʌsˈɑ
сухость	sˈuxʌstʲ
отказывать	ʌtkˈɑzyvʌtʲ
незакрытая	nʲizakrˈytʌja
странный	strˈɑnnyj
никому	nʲikʌmˈu
разошлось	rʌzʌʃɭˈosʲ
выкуплена	vˈykupɭʲina
поднята	pˈodnʲʌta
стёрто	sʲtʲˈɵrtʌ
бронза	brˈonza
работающая	rabˈotʌjuɕʌja
прозвища	prˈozvʲiɕʌ
величина	vʲiɭʲitʃʲinˈɑ
сливаются	sɭʲivˈɑjutsʌ
подрезаем	pʌdrʲizˈɑjim
подведёт	pʌdvʲidʲˈɵt
стоячего	stʌˈjatʃʲivʌ
ремесленные	rʲimʲˈesɭʲinnyjɪ
спёкшийся	spʲˈɵkʃyjsʲʌ
побывал	pʌbyvˈɑɭ
родовая	rʌdʌvˈɑja
броска	brʌskˈɑ
тратятся	trˈɑtʲʌtsʌ
помноженная	pʌmnˈoʒynnʌja
событием	sʌbˈytʲijim
влетают	vɭʲitˈɑjut
смешанный	smʲˈeʃʌnnyj
сядьте	sʲˈɑdʲtʲi
прилетел	prʲiɭʲitʲˈeɭ
сомкнулись	sʌmknˈuɭʲisʲ
оплота	ʌpɭˈota
связанную	svʲˈɑzʌnnuju
вертикальна	vʲirtʲikˈɑɭʲna
какой-то	kakˈojtʌ
свободна	svʌbˈodna
ближайших	bɭʲiʒˈɑjʃyx
сырая	syrˈɑja
улицам	ˈuɭʲitsʌm
ходи	xʌdʲˈɪ
назови	nʌzʌvʲˈɪ
подорожала	pʌdʌrʌʒˈɑɭa
размещение	rʌzmʲiɕˈenʲijɪ
громко	ɡrˈomkʌ
неопределённого	nʲiʌprʲidʲiɭʲˈɵnnʌvʌ
главнее	ɡɭavnʲˈejɪ
докричишься	dʌkrʲitʃʲˈiʃsʲʌ
горожанин	ɡʌrʌʒˈɑnʲin
логове	ɭˈoɡʌvʲi
набрали	nabrˈɑɭʲɪ
перевязан	pʲirʲivʲˈɑzʌn
лечебнице	ɭʲitʃʲˈebnʲitsy
уплачена	upɭˈɑtʃʲina
дремлет	drʲˈemɭʲit
вкладе	fkɭˈɑdʲi
обруч	ˈobrutʃʲ
закрытой	zakrˈytʌj
застыло	zastˈyɭʌ
лёгок	ɭʲˈɵɡʌk
центр	tsˈɛntr
перебираем	pʲirʲibʲˈirʌjim
родительном	rʌdʲˈitʲiɭʲnʌm
поддалась	pʌddaɭˈɑsʲ
модели	mʌdˈɛɭʲɪ
артефактный	artʲifˈɑktnyj
священная	svʲaɕˈennʌja
стеклодувов	sʲtʲikɭʌdˈuvʌf
добыто	dʌbˈytʌ
различать	rʌzɭʲitʃʲˈɑtʲ
торгующий	tʌrɡˈujuɕij
прибавкой	prʲibˈɑfkʌj
сх	ˌɛsxˈɑ
су	sˈu
дорогамнож	dʌrʌɡˈɑmnʌʃ
остановленный	ʌstanˈovɭʲinnyj
палая	pˈɑɭʌja
мягкой	mʲˈɑxkʌj
голени	ɡˈoɭʲinʲɪ
заносит	zanˈosʲit
хлюпом	xɭʲˈupʌm
трём	trʲˈɵm
сведением	svʲidʲinʲˈijim
бескрылый	bʲiskrˈyɭyj
небесного	nʲibʲˈesnʌvʌ
выматывается	vymˈɑtyvʌjitsʌ
х	xˈɑ
слышимая	sɭˈyʃymʌja
взяло	vʑaɭˈo
обстоятельств	ʌpstʌˈjatʲiɭʲstf
тяжёлой	tʲaʒˈoɭʌj
найдёт	najdʲˈɵt
мостом	mʌstˈom
угрозой	uɡrˈozʌj
достанет	dʌstˈɑnʲit
схватку	sxvˈɑtku
вводит	vvˈodʲit
показалось	pʌkazˈɑɭʌsʲ
квестовая	kvʲistˈovʌja
выбирал	vybʲirˈɑɭ
жило	ʒˈyɭʌ
прочтённые	prʌtʃʲtʲˈɵnnyjɪ
хотел	xʌtʲˈeɭ
откупа	ʌtkˈupa
метелью	mʲitʲˈeɭjju
внизины	vnʲiʑˈiny
низина	nʲiʑˈina
освобождает	ʌsvʌbʌʒdˈɑjit
случайного	sɭutʃʲˈɑjnʌvʌ
клича	kɭʲˈitʃʲʌ
заметила	zamʲˈetʲiɭa
опасных	ʌpˈɑsnyx
посохом	pˈosʌxʌm
дубин	dubʲˈin
помехой	pʌmʲˈexʌj
неотличим	nʲiʌtɭʲitʃʲˈim
поломки	pʌɭˈomkʲɪ
урону	urˈonu
эхо-кожа	ˈɛxʌkˈoʒa
надбавками	nadbˈɑfkʌmʲɪ
усил	ˈusʲiɭ
пут	pˈut
перваяпрошла	pʲirvaˈjaprʌʃɭa
слабая	sɭˈɑbʌja
убито	ubʲˈitʌ
выслежена	vˈysɭʲiʒyna
убит	ubʲˈit
умирают	umʲirˈɑjut
значимо	znˈɑtʃʲimʌ
настоящую	nʌstʌˈjaɕuju
горсти	ɡˈorsʲtʲɪ
просорт	prʌsˈort
продар	prˈodʌr
прораст	prʌrˈɑst
команд	kʌmˈɑnt
шлюза	ʃɭʲˈuza
полного	pˈoɭnʌvʌ
листание	ɭʲistˈɑnʲijɪ
разбираем	rʌzbʲirˈɑjim
настроить	nastrˈoitʲ
ошибку	ʌʃˈypku
касались	kasˈɑɭʲisʲ
прочим	prˈotʃʲim
смеху	smʲˈexu
кружкам	krˈuʃkʌm
властны	vɭˈɑsny
королевств	kʌrʌɭʲˈefstf
указателя	ukazˈɑtʲiɭʲʌ
роняло	rʌnʲˈɑɭʌ
услуг	usɭˈuk
голубятня	ɡʌɭubʲˈɑtʲnʲʌ
вдаль	vdˈɑlʲ
крепостей	krʲˈepʌsʲtʲij
защищают	zʌɕiɕˈɑjut
укрепляют	ukrʲipɭʲˈɑjut
северные	sʲˈevʲirnyjɪ
пограничные	pʌɡranʲˈitʃʲnyjɪ
утрам	utrˈɑm
полями	pʌɭʲˈɑmʲɪ
восточные	vʌstˈotʃʲnyjɪ
входов	fxˈodʌf
мягких	mʲˈɑxkʲix
студенты	studʲˈenty
криминальный	krʲimʲinˈɑɭʲnyj
дорожают	dʌrʌʒˈɑjut
садах	sadˈɑx
фонари	fʌnarʲˈɪ
башенный	bˈɑʃynnyj
аркель	ˈɑrkʲilʲ
нор-каэль	nˈorkˈɑɛlʲ
шахтёрский	ʃaxtʲˈɵrskʲij
меллиан	mʲiɭɭʲˈiʌn
стволов	stvʌɭˈof
плац	pɭˈɑts
эль-варн	ˈɛɭʲvˈɑrn
забытых	zabˈytyx
мостами	mʌstˈɑmʲɪ
смотрителей	smʌtrʲˈitʲiɭʲij
начиная	nʌtʃʲinˈɑja
вызовом	vˈyzʌvʌm
липкая	ɭʲˈipkʌja
двигаются	dvʲˈiɡʌjutsʌ
лог	ɭˈok
чертог	tʃʲirtˈok
верного	vʲˈernʌvʌ
кола	kˈoɭa
гулкого	ɡˈuɭkʌvʌ
зуба	zˈuba
глубокого	ɡɭubˈokʌvʌ
бора	bˈora
затвора	zatvˈora
скального	skˈɑɭʲnʌvʌ
уступа	ustˈupa
марева	mˈɑrʲiva
ограды	ʌɡrˈɑdy
хранителей	xranʲˈitʲiɭʲij
праха	prˈɑxa
оружейники	ʌruʒˈɛjnʲikʲɪ
книжники	knʲˈiʒnʲikʲɪ
причальный	prʲitʃʲˈɑɭʲnyj
брёвен	brʲˈɵvʲin
сар	sˈɑr
девятнадцати	dʲivʲatnˈɑttsʌtʲɪ
судная	sˈudnʌja
караванное	kʌravˈɑnnʌjɪ
корабельщиков	kʌrabʲˈeɭʲɕikʌf
письму	pʲisʲmˈu
братчина	brˈɑttʃʲina
назовётся	nʌzʌvʲˈɵtsʌ
замкнут	zˈɑmknut
передана	pʲˈerʲidʌna
восстановлены	vʌsstanˈovɭʲiny
захватить	zʌxvatʲˈitʲ
контуром	kˈonturʌm
модуле	mˈoduɭʲi
сиденье	sʲidʲˈenjjɪ
красном	krˈɑsnʌm
рудокоп	rudʌkˈop
отбить	ʌdbʲˈitʲ
чешуйчатого	tʃʲiʃˈujtʃʲʌtʌvʌ
ясеневой	ˈjasʲinʲivʌj
крона	krˈona
синем	sʲˈinʲim
налётчиков	naɭʲˈɵttʃʲikʌf
болотный	bʌɭˈotnyj
болотник	bʌɭˈotʲnʲik
стеклодувни	sʲtʲikɭˈoduvnʲɪ
стеклодув	sʲtʲikɭʌdˈuf
пересматривают	pʲirʲismˈɑtrʲivʌjut
караванщик	kʌravˈɑnɕik
слышала	sɭˈyʃʌɭa
парус	pˈɑrus
набеговые	nabʲˈeɡʌvyjɪ
выкупы	vˈykupy
травники	trˈɑvnʲikʲɪ
священные	svʲaɕˈennyjɪ
червивой	tʃʲirvʲˈivʌj
ловчие	ɭˈoftʃʲijɪ
склепы	skɭʲˈepy
глазница	ɡɭaʑnʲˈitsa
склеп	skɭʲˈep
склепах	skɭʲˈepʌx
ранящий	rˈɑnʲʌɕij
червивая	tʃʲirvʲˈivʌja
пепелища	pʲipʲiɭʲˈiɕʌ
поборы	pʌbˈory
запечатанный	zʌpʲitʃʲˈɑtʌnnyj
часовой	tʃʲʌsʌvˈoj
загрузке	zaɡrˈuskʲi
гербовым	ɡʲˈerbʌvym
жалуют	ʒˈɑɭujut
боец	bʌjˈets
состоите	sʌstʌˈitʲi
бойцу	bʌjtsˈu
нарушает	nʌruʃˈɑjit
поясах	pʌjasˈɑx
молнией	mˈoɭnʲijij
пером	pʲirˈom
синих	sʲˈinʲix
повязках	pʌvʲˈɑskʌx
носящие	nʌsʲˈɑɕijɪ
склоне	skɭˈonʲi
безликие	bʲizɭʲˈikʲijɪ
кладку	kɭˈɑtku
дорожные	dʌrˈoʒnyjɪ
столбе	stʌɭbʲˈe
зашитыми	zaʃˈytymʲɪ
говорящие	ɡʌvʌrʲˈɑɕijɪ
полосой	pʌɭʌsˈoj
платках	pɭatkˈɑx
сделаете	ʑdʲˈeɭʌjitʲi
доводить	dʌvʌdʲˈitʲ
начатого	nˈɑtʃʲʌtʌvʌ
вспомнят	fspˈomnʲʌt
горнах	ɡˈornʌx
венках	vʲinkˈɑx
глубинники	ɡɭubʲˈinnʲikʲɪ
веспры	vʲˈespry
прорезями	prˈorʲiʑʌmʲɪ
соглядатаи	sʌɡɭʲadˈɑtʌɪ
сапогах	sʌpʌɡˈɑx
молчальницы	mʌɭtʃʲˈɑɭʲnʲitsy
сделаешь	ʑdʲˈeɭʌjiʃ
проливать	prʌɭʲivˈɑtʲ
попутчики	pʌpˈuttʃʲikʲɪ
холме	xʌɭmʲˈe
лента	ɭʲˈenta
кочерга	kʌtʃʲirɡˈɑ
сушит	sˈuʃyt
солевары	sʌɭʲivˈɑry
убыток	ubˈytʌk
лутры	ɭˈutry
поляна	pʌɭʲˈɑna
покрывало	pʌkryvˈɑɭʌ
пасечники	pˈɑsʲitʃʲnʲikʲɪ
фонарщики	fʌnˈɑrɕikʲɪ
шестами	ʃystˈɑmʲɪ
ждущие	ʒdˈuɕijɪ
молчаливые	mʌɭtʃʲaɭʲˈivyjɪ
звонари	zvʌnarʲˈɪ
половодье	pʌɭʌvˈodʲjjɪ
лианы	ɭʲiˈɑny
погребные	pʌɡrʲibnˈyjɪ
углар	ˈuɡɭʌr
донные	dˈonnyjɪ
едоки	jɪdʌkʲˈɪ
съесть	sjjˈestʲ
ложка	ɭˈoʃka
прощать	prʌɕˈɑtʲ
делит	dʲˈeɭʲit
считающие	ɕitˈɑjuɕijɪ
выпускать	vypuskˈɑtʲ
карантинный	kʌrantʲˈinnyj
покровителю	pʌkrʌvʲˈitʲiɭʲu
избранник	ɪzbrˈɑnnʲik
незнаком	nʲiznakˈom
святому	svʲatˈomu
заплатит	zapɭˈɑtʲit
духов	dˈuxʌf
ловчих	ɭˈoftʃʲix
илла	ˈɪɭɭa
верфей	vʲˈerfʲij
счётный	ɕˈɵtnyj
мельбрук	mʲiɭʲbrˈuk
ашкер	ˈɑʃkʲir
рваный	rvˈɑnyj
диарх	dʲˈiʌrx
белые	bʲˈeɭyjɪ
воевода	vʌjivˈoda
наместник	namʲˈesnʲik
отражается	ʌtraʒˈɑjitsʌ
марка	mˈɑrka
заявляет	zʌjavɭʲˈɑjit
энергий	ɛnˈɛrɡʲij
модулями	mˈoduɭʲʌmʲɪ
побеждённых	pʌbʲiʒdʲˈɵnnyx
свернуть	svʲirnˈutʲ
двадцатый	dvattsˈɑtyj
владыку	vɭadˈyku
путается	pˈutʌjitsʌ
свободного	svʌbˈodnʌvʌ
пережить	pʲirʲiʒˈytʲ
признака	prʲˈiznʌka
зрением	zrʲˈenʲijim
собираться	sʌbʲirˈɑtsʌ
привыкает	prʲivykˈɑjit
жизненная	ʒˈyʑnʲinnʌja
потратить	pʌtrˈɑtʲitʲ
разрешения	rʌzrʲiʃˈɛnʲija
браслет	brasɭʲˈet
татуировка	tʌtuirˈofka
рукояти	rukʌˈjatʲɪ
неизвестные	nʲiizvʲˈesnyjɪ
чувство	tʃʲˈustvʌ
полостей	pˈoɭʌsʲtʲij
остаточный	ʌstˈɑtʌtʃʲnyj
убийцы	ubʲˈijtsy
благословить	bɭʌɡʌsɭʌvʲˈitʲ
машинами	maʃˈynʌmʲɪ
различает	rʌzɭʲitʃʲˈɑjit
огранщика	ʌɡrˈɑnɕika
архивисты	arxivʲˈisty
стражи-автоматоны	strˈɑʒyaftʌmˈɑtʌny
оставлен	ʌstˈɑvɭʲin
сорвались	sʌrvaɭʲˈisʲ
надета	nadʲˈeta
договорная	dʌɡʌvʌrnˈɑja
чувствует	tʃʲˈustvujit
кривое	krʲivˈojɪ
шёпотники	ʃˈopʌtʲnʲikʲɪ
еде	jɪdʲˈe
страху	strˈɑxu
форты	fˈorty
канцелярская	kʌntsyɭʲˈɑrskʌja
уставное	ustavnˈojɪ
степной	sʲtʲipnˈoj
степная	sʲtʲipnˈɑja
ломаные	ɭˈomʌnyjɪ
ракушечное	rakˈuʃytʃʲnʌjɪ
временах	vrʲimʲinˈɑx
носителями	nʌsʲˈitʲiɭʲʌmʲɪ
понимание	pʌnʲimˈɑnʲijɪ
зн	zˌɛˈɛn
наук	naˈuk
биоинженерия	bʲiʌinʒynʲˈerʲija
топология	tʌpʌɭˈoɡʲija
доверяет	dʌvʲirʲˈɑjit
гомункулов	ɡʌmˈunkuɭʌf
дуэлей	duˈɛɭʲij
экзамены	ɛɡzˈɑmʲiny
студент	studʲˈent
поступление	pʌstupɭʲˈenʲijɪ
факультетов	fʌkuɭʲtʲˈetʌf
факультете	fʌkuɭʲtʲˈetʲi
лабораторная	ɭʌbʌratˈornʌja
вольной	vˈoɭʲnʌj
велел	vʲiɭʲˈeɭ
развязок	razvʲˈɑzʌk
отложенных	ʌtɭˈoʒynnyx
свидетеля	svʲidʲˈetʲiɭʲʌ
рунология	runʌɭˈoɡʲija
отравление	ʌtravɭʲˈenʲijɪ
должник	dʌɭʒnʲˈik
исчезновение	ɪɕiznʌvʲˈenʲijɪ
показания	pʌkazˈɑnʲija
подтвердилось	pʌdtvʲirdʲˈiɭʌsʲ
лодочники	ɭˈodʌtʃʲnʲikʲɪ
громила	ɡrʌmʲˈiɭa
раскрытое	raskrˈytʌjɪ
синдикатом	sʲindʲikˈɑtʌm
лицензий	ɭʲitsˈɛnʑij
выдана	vˈydʌna
происшествиях	prʌiʃʃˈɛstvʲijax
доплачивает	dʌpɭatʃʲˈivʌjit
остаточной	ʌstˈɑtʌtʃʲnʌj
заводной	zʌvʌdnˈoj
заводная	zʌvʌdnˈɑja
плотины	pɭʌtʲˈiny
шлюзы	ʃɭʲˈuzy
восстановлен	vʌsstanˈovɭʲin
суде	sudʲˈe
основать	ʌsnʌvˈɑtʲ
девизом	dʲivʲˈizʌm
затянется	zatʲˈɑnʲitsʌ
подорвать	pʌdʌrvˈɑtʲ
уничтожить	unʲitʃʲtˈoʒytʲ
развязки	razvʲˈɑskʲɪ
обвинить	ʌbvʲinʲˈitʲ
сбоя	zbˈoja
намерению	namʲˈerʲinʲiju
начертан	natʃʲˈertʌn
момента	mʌmʲˈenta
признаками	prʲˈiznʌkʌmʲɪ
поглотителя	pʌɡɭʌtʲˈitʲiɭʲʌ
пожран	pˈoʒrʌn
несовместимость	nʲisʌvmʲisʲtʲˈimʌstʲ
признаков	prʲˈiznʌkʌf
вложенное	vɭˈoʒynnʌjɪ
другу	drˈuɡu
кристаллоеда	krʲistaɭɭˈojida
поглотил	pʌɡɭʌtʲˈiɭ
эфирное	ɛfʲˈirnʌjɪ
бегунов	bʲiɡunˈof
призрачное	prʲˈizrʌtʃʲnʌjɪ
ржа	rʒˈɑ
неизвестны	nʲiizvʲˈesny
стареют	starʲˈejut
налегке	nʌɭʲixkʲˈe
зону	zˈonu
торгах	tʌrɡˈɑx
открыло	ʌtkrˈyɭʌ
затмение	zatmʲˈenʲijɪ
эпидемия	ɛpʲidʲˈemʲija
пришлая	prʲˈiʃɭʌja
возница	vʌʑnʲˈitsa
прибыл	prʲˈibyɭ
село	sʲˈeɭʌ
попытки	pʌpˈytkʲɪ
учитель	utʃʲˈitʲilʲ
отсыпал	ʌtsˈypʌɭ
видановсего	vʲidanˈofsʲivʌ
серьёзным	sʲirɪjˈɵznym
хлеба	xɭʲˈeba
сойдёт	sʌjdʲˈɵt
наводнение	nʌvʌdnʲˈenʲijɪ
командования	kʌmˈɑndʌvʌnʲija
роняют	rʌnʲˈɑjut
поговорите	pʌɡʌvʌrʲˈitʲi
доносит	dʌnˈosʲit
отголосков	ʌdɡʌɭˈoskʌf
спящее	spʲˈɑɕijɪ
услышано	usɭˈyʃʌnʌ
косвенные	kˈosvʲinnyjɪ
книгохранилище	knʲiɡʌxranʲˈiɭʲiɕi
друзы	drˈuzy
нечто	nʲˈetʃʲtʌ
машину	maʃˈynu
приглушённый	prʲiɡɭuʃˈonnyj
звонкие	zvˈonkʲijɪ
многократные	mnʌɡʌkrˈɑtnyjɪ
пожиратели	pʌʒyrˈɑtʲiɭʲɪ
провальные	prʌvˈɑɭʲnyjɪ
тянутся	tʲˈɑnutʲsʲʌ
грибного	ɡrʲibnˈovʌ
питания	pʲitˈɑnʲija
бит	bʲˈit
споровый	spˈorʌvyj
пустотное	pustˈotnʌjɪ
сердечник	sʲirdʲˈetʃʲnʲik
нужд	nˈuʃt
поели	pʌjˈeɭʲɪ
препятствия	prʲipʲˈɑtstvʲija
поставщики	pʌstʌfɕikʲˈɪ
конкуренты	kʌnkurʲˈenty
предпочтения	prʲitpʌtʃʲtʲˈenʲija
достижений	dʌsʲtʲiʒˈɛnʲij
звена	zvʲinˈɑ
нелюбит	nʲiɭʲubʲˈit
аудиальные	audʲˈiʌɭʲnyjɪ
штреков	ʃtrʲˈekʌf
обманный	ʌbmˈɑnnyj
обвалшанс	ʌbvˈɑɭʃʌns
эховрёт	ɛxʌvrʲˈɵt
опас	ˈopʌs
вз	vˌɛzˈɛ
свежего	svʲˈeʒyvʌ
получит	pʌɭˈutʃʲit
наливает	nʌɭʲivˈɑjit
подтягивает	pʌtʲtʲˈɑɡʲivʌjit
отмеряет	ʌtmʲirʲˈɑjit
дворам	dvʌrˈɑm
осведомитель	ʌsvʲidʌmʲˈitʲilʲ
происшествие	prʌiʃʃˈɛstvʲijɪ
сцепились	stsypʲˈiɭʲisʲ
разносчица	raznˈoɕitsa
пересказывает	pʲirʲiskˈɑzyvʌjit
наклоняется	nʌkɭʌnʲˈɑjitsʌ
вопросов	vʌprˈosʌf
сбрасываем	zbrˈɑsyvʌjim
престолами	prʲistˈoɭʌmʲɪ
патрули	pʌtruɭʲˈɪ
полевые	pʌɭʲivˈyjɪ
госпитали	ɡˈospʲitʌɭʲɪ
диверсанты	dʲivʲirsˈɑnty
холмом	xʌɭmˈom
гари	ɡˈɑrʲɪ
дуги	dˈuɡʲɪ
сушка	sˈuʃka
знахарь	znˈɑxʌrɪ
всезон	fsʲˈezʌn
глуб	ɡɭˈup
вырубают	vyrubˈɑjut
портам	pʌrtˈɑm
греются	ɡrʲˈejutsʌ
расспрашивают	rassprˈɑʃyvʌjut
сбывают	zbyvˈɑjut
погонщики	pʌɡˈonɕikʲɪ
светящийся	svʲitʲˈɑɕijsʲʌ
успеваешь	uspʲivˈɑjiʃ
стужу	stˈuʒu
подготовки	pʌdɡʌtˈofkʲɪ
противодействие	prʌtʲivʌdʲˈejstvʲijɪ
составленное	sʌstˈɑvɭʲinnʌjɪ
тусклее	tuskɭʲˈejɪ
точен	tˈotʃʲin
запечатывает	zʌpʲitʃʲˈɑtyvʌjit
переноса	pʲirʲinˈosa
слышимой	sɭˈyʃymʌj
благословляют	bɭʌɡʌsɭʌvɭʲˈɑjut
исправно	ɪsprˈɑvnʌ
остриё	ʌstrʲiˈɵ
ясность	ˈjasnʌstʲ
наваждение	nʌvaʒdʲˈenʲijɪ
случился	sɭutʃʲˈiɭsʲʌ
роспуск	rˈospusk
закрепление	zʌkrʲipɭʲˈenʲijɪ
жаром	ʒˈɑrʌm
ток	tˈok
сращивание	srˈɑɕivʌnʲijɪ
доспехом	dʌspʲˈexʌm
каркас	karkˈɑs
допуск	dˈopusk
двп	dˌɛvˌɛpˈɛ
цк	tsˌɛkˈɑ
хв	xˌɑvˈɛ
сотворения	sʌtvʌrʲˈenʲija
выучил	vˈyutʃʲiɭ
умастера	umˈɑsʲtʲira
заряжен	zarʲˈɑʒyn
аспектов	aspʲˈektʌf
мегабайт	mʲiɡabˈɑjt
связующие	svʲazˈujuɕijɪ
многослойные	mnʌɡʌsɭˈojnyjɪ
защитные	zaɕˈitnyjɪ
рунические	runʲˈitʃʲiskʲijɪ
эликсиры	ɛɭʲiksʲˈiry
трансмутационные	trʌnsmutatsˈyʌnnyjɪ
броневые	brʌnʲivˈyjɪ
ритуалы	rʲituˈɑɭy
зрительные	zrʲˈitʲiɭʲnyjɪ
иллюзорные	ɪɭɭʲuzˈornyjɪ
временных	vrʲimʲˈennyx
конструирование	kʌnstruˈirʌvʌnʲijɪ
материализация	mʌtʲirʲiʌɭʲizˈɑtsyja
ремонтные	rʲimˈontnyjɪ
разведчики	razvʲˈettʃʲikʲɪ
составные	sʌstavnˈyjɪ
вызова	vˈyzʌva
локальная	ɭʌkˈɑɭʲnʌja
инерция	ɪnʲˈertsyja
складки	skɭˈɑtkʲɪ
телепортация	tʲiɭʲipʌrtˈɑtsyja
адаптация	adaptˈɑtsyja
созвездия	sʌzvʲˈeʑdʲija
пси-каналы	psʲˈɪkanˈɑɭy
путешествие	putʲiʃˈɛstvʲijɪ
автоматоны	aftʌmˈɑtʌny
барьеры	bʌrɪjjˈery
энергетические	ɛnɛrɡʲitʲˈitʃʲiskʲijɪ
устойчивую	ustˈojtʃʲivuju
матрицу	mˈɑtrʲitsu
накапливает	nakˈɑpɭʲivʌjit
высвобождает	vysvʌbʌʒdˈɑjit
условию	usɭˈovʲiju
внешнего	vnʲˈeʃnʲivʌ
воздействия	vʌʑdʲˈejstvʲija
локальную	ɭʌkˈɑɭʲnuju
стабилизирует	stʌbʲiɭʲiʑˈirujit
изменённую	ɪzmʲinʲˈɵnnuju
материю	matʲˈerʲiju
направляет	nʌpravɭʲˈɑjit
звёздной	zvʲˈɵznʌj
ср	ˌɛsˈɛr
де	dʲˈe
показывала	pʌkˈɑzyvʌɭa
отобрана	ʌtˈobrʌna
составлено	sʌstˈɑvɭʲinʌ
радиусе	rˈɑdʲiusʲi
чародея	tʃʲʌrʌdʲˈeja
ек	jˈek
поднимет	pʌdnʲˈimʲit
прекратился	prʲikratʲˈiɭsʲʌ
сброшено	zbrˈoʃynʌ
копия	kˈopʲija
школам	ʃkˈoɭʌm
тоньше	tˈonʲʃy
ставень	stˈɑvʲinʲ
подручного	pʌdrˈutʃʲnʌvʌ
укрепляет	ukrʲipɭʲˈɑjit
полусон	pʌɭusˈon
исцел	ˈɪstsyɭ
книгам	knʲˈiɡʌm
удалена	udʌɭʲinˈɑ
восполняется	vʌspʌɭnʲˈɑjitsʌ
контра	kˈontra
местного	mʲˈesnʌvʌ
бронник	brˈonnʲik
продавец	prʌdavʲˈets
едут	jˈedut
арт	ˈɑrt
лавочник	ɭˈɑvʌtʃʲnʲik
толькосвоё	tʌɭʲkʌsvʌˈɵ
сохрани	sʌxranʲˈɪ
казнадень	kaznˈɑdʲinʲ
богатеет	bʌɡatʲˈejit
подержанное	pʌdʲˈerʒʌnnʌjɪ
категориям	kʌtʲiɡˈorʲijam
спеши	spʲiʃˈy
береги	bʲirʲiɡʲˈɪ
начинаю	nʌtʃʲinˈɑju
чудес	tʃʲudʲˈes
запоминай	zʌpʌmʲinˈɑj
последнем	pʌsɭʲˈednʲim
донеси	dʌnʲisʲˈɪ
твоё	tvʌˈɵ
пучка	putʃʲkˈɑ
уберите	ubʲirʲˈitʲi
изменить	ɪzmʲinʲˈitʲ
стерегут	sʲtʲirʲiɡˈut
помогите	pʌmʌɡʲˈitʲi
народах	narˈodʌx
сдачи	zdˈɑtʃʲɪ
индивидуальное	ɪndʲivʲiduˈɑɭʲnʌjɪ
ярусслово	jarˈussɭʌvʌ
личноеслово	ɭʲitʃʲnʌjˈesɭʌvʌ
сданное	zdˈɑnnʌjɪ
развязками	razvʲˈɑskʌmʲɪ
умению	umʲˈenʲiju
узнало	uznˈɑɭʌ
трофеи	trʌfʲˈeɪ
аи	ˈɑɪ
ингредиент	ɪnɡrʲidʲijˈent
аксессуар	aksʲissuˈɑr
освящено	ʌsvʲʌɕinˈo
оборудования	ʌbʌrˈudʌvʌnʲija
улучшают	uɭutʃʲʃˈɑjut
перековать	pʲirʲikʌvˈɑtʲ
заточить	zʌtʌtʃʲˈitʲ
стопку	stˈopku
стопка	stˈopka
объединить	ʌbjjidʲinʲˈitʲ
смазать	smˈɑzʌtʲ
смазан	smˈɑzʌn
освятить	ʌsvʲatʲˈitʲ
очищен	ʌtʃʲˈiɕin
квестовое	kvʲistˈovʌjɪ
защищён	zʌɕiɕˈɵn
выброшено	vˈybrʌʃynʌ
выполненные	vˈypʌɭnʲinnyjɪ
проваленные	prʌvˈɑɭʲinnyjɪ
заг	zˈɑk
активных	aktʲˈivnyx
вассальные	vassˈɑɭʲnyjɪ
правителе	pravʲˈitʲiɭʲi
гарнизонах	ɡʌrnʲizˈonʌx
самостоятельно	sʌmʌstʌˈjatʲiɭʲnʌ
мирная	mʲˈirnʌja
сетке	sʲˈetkʲi
недостатка	nʲidʌstˈɑtka
подписано	pʌtpʲˈisʌnʌ
недостаток	nʲidʌstˈɑtʌk
будни	bˈudnʲɪ
просьбу	prˈoʑbu
повода	pˈovʌda
селяне	sʲiɭʲˈɑnʲi
снимут	sʲnʲˈimut
окраинах	ʌkrˈɑinʌx
перекупщики	pʲirʲikˈupɕikʲɪ
логику	ɭˈoɡʲiku
модуля	mˈoduɭʲʌ
зарегистрированы	zʌrʲiɡʲistrʲˈirʌvʌny
символов	sʲˈimvʌɭʌf
пророчеств	prʌrˈotʃʲistf
независимости	nʲizavʲˈisʲimʌsʲtʲɪ
устойчив	ustˈojtʃʲif
обязаны	ʌbʲˈɑzʌny
беспокойная	bʲispʌkˈojnʌja
лихая	ɭʲixˈɑja
злая	zɭˈɑja
гиблая	ɡʲˈibɭʌja
мастер-промпт	mˈɑsʲtʲirprˈompt
существующего	suɕistvˈujuɕivʌ
обычному	ʌbˈytʃʲnʌmu
приоритетов	prʲiʌrʲitʲˈetʌf
замолкают	zʌmʌɭkˈɑjut
расставленные	rasstˈɑvɭʲinnyjɪ
вещные	vʲˈeɕnyjɪ
версиями	vʲˈersʲijamʲɪ
ссылается	ssyɭˈɑjitsʌ
умолчаниях	umʌɭtʃʲˈɑnʲijax
потерян	pʌtʲˈerʲʌn
взаимен	vzaˈimʲin
повторном	pʌftˈornʌm
спросе	sprˈosʲi
шапкатьмы	ʃapkˈɑtʲmy
подорожали	pʌdʌrʌʒˈɑɭʲɪ
каменное	kˈɑmʲinnʌjɪ
посложнее	pʌsɭʌʒnʲˈejɪ
клавиатура	kɭʌvʲiatˈura
окнооткрыто	ʌknʌˈotkrytʌ
изменён	ɪzmʲinʲˈɵn
нажмите	naʒmʲˈitʲi
задайте	zadˈɑjtʲi
продолжит	prʌdˈoɭʒyt
стоили	stˈoiɭʲɪ
потерянная	pʌtʲˈerʲʌnnʌja
сотен	sˈotʲin
запускается	zʌpuskˈɑjitsʌ
скачано	skˈɑtʃʲʌnʌ
прервать	prʲirvˈɑtʲ
налево	naɭʲˈevʌ
дробная	drˈobnʌja
ронять	rʌnʲˈɑtʲ
жёсткая	ʒˈostkʌja
внешние	vnʲˈeʃnʲijɪ
скрипты	skrʲiptˈy
подключения	pʌtkɭʲutʃʲˈenʲija
вставку	fstˈɑfku
самодостаточна	sʌmʌdʌstˈɑtʌtʃʲna
убрана	ˈubrʌna
распространении	rʌsprʌstranʲˈenʲiɪ
внешняя	vnʲˈeʃnʲʌja
зависимость	zavʲˈisʲimʌstʲ
сборках	zbˈorkʌx
корректному	kʌrrʲˈektnʌmu
документа	dʌkumʲˈenta
полноценной	pʌɭnʌtsˈɛnnʌj
веб-страницы	vʲˈepstranʲˈitsy
акаунта	akˈɑunta
приложения	prʲiɭʌʒˈɛnʲija
перебрасывает	pʲirʲibrˈɑsyvʌjit
ведением	vʲidʲinʲˈijim
длинном	dɭʲˈinnʌm
уезжало	ujiʒʒˈɑɭʌ
прокручивать	prʌkrˈutʃʲivʌtʲ
прокручиваются	prʌkrˈutʃʲivʌjutsʌ
выключивший	vˈykɭʲutʃʲifʃyj
двойному	dvʌjnˈomu
полноэкранный	pʌɭnʌɛkrˈɑnnyj
встроена	fstrˈojina
диалог	dʲiaɭˈok
модальный	mʌdˈɑɭʲnyj
непроходим	nʲiprʌxʌdʲˈim
рисуются	rʲisˈujutsʌ
выключателя	vykɭʲutʃʲˈɑtʲiɭʲʌ
встроенная	fstrˈojinnʌja
шкал	ʃkˈɑɭ
многослойная	mnʌɡʌsɭˈojnʌja
реверберация	rʲivʲirbʲirˈɑtsyja
динамический	dʲinamʲˈitʃʲiskʲij
аудио	ˈɑudʲiʌ
генерируется	ɡʲinʲirʲˈirujitsʌ
реальном	rʲiˈɑɭʲnʌm
установлено	ustanˈovɭʲinʌ
добираться	dʌbʲirˈɑtsʌ
звонче	zvˈontʃʲi
подробная	pʌdrˈobnʌja
речевые	rʲitʃʲivˈyjɪ
забивают	zʌbʲivˈɑjut
элементы	ɛɭʲimʲˈenty
словесные	sɭʌvʲˈesnyjɪ
посудой	pʌsˈudʌj
преградами	prʲiɡrˈɑdʌmʲɪ
предварительного	prʲidvarʲˈitʲiɭʲnʌvʌ
касаниях	kasˈɑnʲijax
прохождению	prʌxʌʒdʲˈenʲiju
текстовым	tʲˈekstʌvym
прохождения	prʌxʌʒdʲˈenʲija
честен	tʃʲˈesʲtʲin
выгрузкой	vˈyɡruskʌj
убедиться	ubʲidʲˈitsʌ
ответит	ʌtvʲˈetʲit
обязательной	ʌbʲazˈɑtʲiɭʲnʌj
умеешь	umʲˈejiʃ
культы	kˈuɭʲty
факультеты	fʌkuɭʲtʲˈety
разметка	razmʲˈetka
безопасное	bʲizʌpˈɑsnʌjɪ
упаковка	upakˈofka
переполненное	pʲirʲipˈoɭnʲinnʌjɪ
выдавался	vydavˈɑɭsʲʌ
приглушить	prʲiɡɭuʃˈytʲ
надоевший	nʌdʌjˈefʃyj
оглушив	ʌɡɭuʃˈyf
договорится	dʌɡʌvʌrʲˈitsʌ
выслушивают	vysɭˈuʃyvʌjut
минутами	mʲinˈutʌmʲɪ
привычный	prʲivˈytʃʲnyj
онлайновых	ʌnɭˈɑjnʌvyx
осмотром	ʌsmˈotrʌm
нет-нет	nʲˈetnʲˈet
суров	surˈof
частоты	tʃʲastˈoty
сопротивлялся	sʌprʌtʲivɭʲˈɑɭsʲʌ
регистрирует	rʲiɡʲistrʲˈirujit
внутренностей	vnˈutrʲinnʌsʲtʲij
переключателями	pʲirʲikɭʲutʃʲˈɑtʲiɭʲʌmʲɪ
темпу	tʲˈempu
сохранённых	sʌxranʲˈɵnnyx
заменяется	zʌmʲinʲˈɑjitsʌ
двойки	dvˈojkʲɪ
включительно	fkɭʲutʃʲˈitʲiɭʲnʌ
оставит	ʌstˈɑvʲit
ускорен	uskˈorʲin
вернувшемуся	vʲirnˈufʃymusʲʌ
вернувшийся	vʲirnˈufʃyjsʲʌ
быструю	bˈystruju
поменялось	pʌmʲinʲˈɑɭʌsʲ
слышавший	sɭˈyʃʌfʃyj
прошлые	prˈoʃɭyjɪ
привыкла	prʲivˈykɭa
заставлять	zʌstavɭʲˈɑtʲ
чтеце	tʃʲtʲitsˈɛ
барабан	bʌrabˈɑn
жизненный	ʒˈyʑnʲinnyj
цикл	tsˈykɭ
сворачивают	svʌrˈɑtʃʲivʌjut
мессенджер	mʲˈesʲsʲindʒyr
скверно	skvʲˈernʌ
возврате	vʌzvrˈɑtʲi
отдавал	ʌddavˈɑɭ
приостановленный	prʲiʌstanˈovɭʲinnyj
уходя	uxʌdʲˈɑ
глушим	ɡɭuʃˈym
возвращаясь	vʌzvraɕˈɑjasʲ
остановленную	ʌstanˈovɭʲinnuju
начиналось	nʌtʃʲinˈɑɭʌsʲ
перенесли	pʲirʲinʲisɭʲˈɪ
погасил	pʌɡasʲˈiɭ
будильник	budʲˈiɭʲnʲik
просьбой	prˈoʑbʌj
нарезка	narʲˈeska
обрыва	ʌbrˈyva
решало	rʲiʃˈɑɭʌ
речевое	rʲitʃʲivˈojɪ
дублей	dˈubɭʲij
замены	zamʲˈeny
запуск	zˈɑpusk
поколением	pʌkʌɭʲˈenʲijim
адаптером	adˈɑptʲirʌm
приглушаются	prʲiɡɭuʃˈɑjutsʌ
локальные	ɭʌkˈɑɭʲnyjɪ
гоняют	ɡʌnʲˈɑjut
негоден	nʲiɡˈodʲin
отсеян	ʌtʲsʲˈejan
субтитрами	suptʲˈitrʌmʲɪ
браузеры	brˈɑuʑiry
яндекс	ˈjandɛks
движке	dvʲiʃkʲˈe
выпавшая	vˈypʌfʃʌja
промиса	prʌmʲˈisa
проглатывается	prʌɡɭatˈyvʌjitsʌ
будится	bˈudʲitsʌ
завелась	zʌvʲiɭˈɑsʲ
объяснения	ʌbjjasʲnʲˈenʲija
включаем	fkɭʲutʃʲˈɑjim
перечитываем	pʲirʲitʃʲitˈyvʌjim
резалась	rʲˈezʌɭʌsʲ
предложениям	prʲidɭʌʒˈɛnʲijam
уходила	uxʌdʲˈiɭa
высказываниями	vyskˈɑzyvʌnʲijamʲɪ
вставлял	fstavɭʲˈɑɭ
запинки	zapʲˈinkʲɪ
короткую	kʌrˈotkuju
пауз	pˈɑus
запуске	zˈɑpuskʲi
фразе	frˈɑʑi
похода	pʌxˈoda
зашьёшь	zaʃjˈɵʃ
отозвали	ʌtʌzvˈɑɭʲɪ
поднимаем	pʌdnʲimˈɑjim
движков	dvʲiʃkˈof
случае	sɭˈutʃʲʌjɪ
тактом	tˈɑktʌm
критическ	krʲitʲˈitʃʲisk
смертельн	smʲˈertʲiɭʲn
умира	umʲˈira
легендарн	ɭʲiɡʲˈendʌrn
божественн	bʌʒˈɛstvʲinn
достижени	dʌsʲtʲˈiʒynʲɪ
получен	pʌɭˈutʃʲin
помеченный	pʌmʲˈetʃʲinnyj
резался	rʲˈezʌɭsʲʌ
минимальных	mʲinʲimˈɑɭʲnyx
пометить	pʌmʲˈetʲitʲ
синхронно	sʲinxrˈonnʌ
субтитр	suptʲˈitr
сторожем	stˈorʌʒym
присылает	prʲisyɭˈɑjit
собрал	sʌbrˈɑɭ
мусора	mˈusʌra
паузы	pˈɑuzy
свёрнутого	svʲˈɵrnutʌvʌ
ждала	ʒdaɭˈɑ
текущая	tʲikˈuɕʌja
говорилась	ɡʌvʌrʲˈiɭʌsʲ
замолкала	zʌmʌɭkˈɑɭa
идём	ɪdʲˈɵm
текущее	tʲikˈuɕijɪ
устаревшего	ustarʲˈefʃyvʌ
договариваем	dʌɡʌvarʲˈivʌjim
настройкам	nastrˈojkʌm
критическое	krʲitʲˈitʃʲiskʌjɪ
очко	ʌtʃʲkˈo
микшер	mʲˈikʃyr
музыку	mˈuzyku
настольном	nastˈoɭʲnʌm
аудио-движок	ˈɑudʲiʌdvʲiʒˈok
проигрывание	prʌˈiɡryvʌnʲijɪ
реальных	rʲiˈɑɭʲnyx
аудиозаписей	audʲiʌzˈɑpʲisʲij
экземпляра	ɛɡʑimpɭʲˈɑra
утилита	utʲiɭʲˈita
ламповое	ɭˈɑmpʌvʌjɪ
хрипотцы	xrʲipʌttsˈy
рёва	rʲˈɵva
рассечённого	rʌsʲsʲitʃʲˈɵnnʌvʌ
металлический	mʲitaɭɭʲˈitʃʲiskʲij
призвук	prʲˈizvuk
влажное	vɭˈɑʒnʌjɪ
контакт	kʌntˈɑkt
синтетического	sʲintʲitʲˈitʃʲiskʌvʌ
пластикового	pɭˈɑsʲtʲikʌvʌvʌ
ненатурального	nʲinʌturˈɑɭʲnʌvʌ
попаданий	pʌpadˈɑnʲij
сообщил	sʌʌpɕˈiɭ
контактный	kʌntˈɑktnyj
чёткой	tʃʲˈɵtkʌj
хрипотца	xrʲipʌttsˈɑ
недовольный	nʲidʌvˈoɭʲnyj
усилена	usʲˈiɭʲina
массивность	masʲsʲˈivnʌstʲ
подложен	pʌdɭˈoʒyn
инфразвуковой	ɪnfrʌzvukʌvˈoj
усиленная	usʲˈiɭʲinnʌja
яркая	ˈjarkʌja
трущихся	trˈuɕixsʲʌ
реализм	rʲiaɭʲˈizm
заметный	zamʲˈetnyj
вибрато	vʲibrˈɑtʌ
восходящее	vʌsxʌdʲˈɑɕijɪ
трёхнотное	trʲˈɵxnʌtnʌjɪ
мерцание	mʲirtsˈɑnʲijɪ
финальная	fʲinˈɑɭʲnʌja
вспышкой	fspˈyʃkʌj
затухании	zʌtuxˈɑnʲiɪ
перепончатых	pʲirʲipˈontʃʲʌtyx
клёкотом	kɭʲˈɵkʌtʌm
виверну	vʲivʲˈernu
виверны	vʲivʲˈerny
коронный	kʌrˈonnyj
вдохом	vdˈoxʌm
подкладка	pʌtkɭˈɑtka
суб-баса	sˈupbˈɑsa
осыпающихся	ʌsypˈɑjuɕixsʲʌ
песчинок	pʲiɕˈinʌk
всплывающие	fspɭyvˈɑjuɕijɪ
скольжение	skʌɭʲʒˈɛnʲijɪ
гремучий	ɡrʲimˈutʃʲij
гремучей	ɡrʲimˈutʃʲij
шёпот-шум	ʃˈopʌtʃˈum
воем	vˈojim
животные	ʒyvˈotnyjɪ
ржание	rʒˈɑnʲijɪ
переступ	pʲirʲistˈup
копыт	kʌpˈyt
дворовых	dvʌrˈovyx
собак	sʌbˈɑk
отдалении	ʌddaɭʲˈenʲiɪ
коровы	kʌrˈovy
деревенской	dʲirʲivʲˈenskʌj
вскрикивают	fskrʲˈikʲivʌjut
коготки	kʌɡʌtkʲˈɪ
кожистые	kˈoʒystyjɪ
ультразвуковой	uɭʲtrʌzvukʌvˈoj
подлеска	pʌdɭʲˈeska
оборванный	ʌbˈorvʌnnyj
вдохе	vdˈoxi
выкликает	vykɭʲikˈɑjit
съезжают	sjjiʒʒˈɑjut
замолчал	zʌmʌɭtʃʲˈɑɭ
заготовке	zʌɡʌtˈofkʲi
эля	ˈɛɭʲʌ
льётся	ɭjˈɵtsʌ
кувшина	kufʃˈyna
катятся	kˈɑtʲʌtsʌ
останавливаются	ʌstanˈɑvɭʲivʌjutsʌ
сорвана	sˈorvʌna
мощный	mˈoɕnyj
каплями	kˈɑpɭʲʌmʲɪ
поленьев	pʌɭʲˈenjjif
журчание	ʒurtʃʲˈɑnʲijɪ
сверчков	svʲirtʃʲkˈof
размеренные	razmʲˈerʲinnyjɪ
сверкающее	svʲirkˈɑjuɕijɪ
змеиной	zmʲiˈinʌj
великана	vʲiɭʲikˈɑna
призрака	prʲˈizrʌka
расширенная	raʃʃˈyrʲinnʌja
гораздо	ɡʌrˈɑzdʌ
волка	vˈoɭka
подвывание	pʌdvyvˈɑnʲijɪ
визгливый	vʲizɡɭʲˈivyj
гоблина	ɡˈobɭʲina
гортанный	ɡʌrtˈɑnnyj
утробный	utrˈobnyj
огра	ˈoɡra
скрежещущий	skrʲiʒˈɛɕuɕij
раскатистый	raskˈɑtʲistyj
угрожающее	uɡrʌʒˈɑjuɕijɪ
клёкот	kɭʲˈɵkʌt
переходящий	pʲirʲixʌdʲˈɑɕij
змеиное	zmʲiˈinʌjɪ
рокотом	rˈokʌtʌm
хищный	xˈiɕnyj
тоскливый	tʌskɭʲˈivyj
высотный	vysˈotnyj
хлюпанье	xɭʲˈupʌnjjɪ
трясины	trʲasʲˈiny
барханам	barxˈɑnʌm
морозный	mʌrˈoznyj
приглушённая	prʲiɡɭuʃˈonnʌja
раскаты	raskˈɑty
уханье	ˈuxʌnjjɪ
карканье	kˈɑrkʌnjjɪ
прослушивания	prʌsɭˈuʃyvʌnʲija
маяках	mʌjakˈɑx
властная	vɭˈɑsnʌja
простолюдин	prʌstʌɭʲudʲˈin
нейтральная	nʲijtrˈɑɭʲnʌja
торопливый	tʌrʌpɭʲˈivyj
заменён	zʌmʲinʲˈɵn
рисованную	rʲisʌvˈɑnnuju
нашлась	naʃɭˈɑsʲ
оставлены	ʌstˈɑvɭʲiny
рисованными	rʲisʌvˈɑnnymʲɪ
голосах	ɡʌɭʌsˈɑx
живности	ʒˈyvnʌsʲtʲɪ
настоящему	nʌstʌˈjaɕimu
рисованному	rʲisʌvˈɑnnʌmu
подобию	pʌdˈobʲiju
людные	ɭʲˈudnyjɪ
поимённые	pʌimʲˈɵnnyjɪ
беглая	bʲˈeɡɭʌja
ловила	ɭʌvʲˈiɭa
перестук	pʲirʲistˈuk
костяшек	kʌsʲtʲˈɑʃyk
вшитая	fʃˈytʌja
дорисовывались	dʌrʲisʌvˈyvʌɭʲisʲ
полумера	pʌɭumʲˈera
рисованное	rʲisˈovʌnnʌjɪ
сцене	stsˈɛnʲi
подделку	pʌdʲdʲˈeɭku
зацикленные	zatsˈykɭʲinnyjɪ
рисованной	rʲisʌvˈɑnnʌj
синтезу	sʲˈintʲizu
переводится	pʲirʲivˈodʲitsʌ
плеер	pɭˈɛjir
показывать	pʌkˈɑzyvʌtʲ
мигала	mʲiɡˈɑɭa
рисованная	rʲisˈovʌnnʌja
зацикленный	zatsˈykɭʲinnyj
плавное	pɭˈɑvnʌjɪ
нарастание	nʌrastˈɑnʲijɪ
зацикленных	zatsˈykɭʲinnyx
естественный	jɪsʲtʲˈɛstvʲinnyj
кроссфейд	krʌssfʲˈejt
резкого	rʲˈeskʌvʌ
выключили-включили	vˈykɭʲutʃʲiɭʲɪfkɭʲutʃʲˈiɭʲɪ
нужная	nˈuʒnʌja
переиспользован	pʲirʲiispˈoɭʲzʌvʌn
банком	bˈɑnkʌm
подхваченная	pʌtxvˈɑtʃʲinnʌja
оборвалась	ʌbʌrvaɭˈɑsʲ
трезвучие	trʲizvˈutʃʲijɪ
рисовалось	rʲisʌvˈɑɭʌsʲ
осцилляторами	ʌstsyɭɭʲˈɑtʌrʌmʲɪ
отсутствии	ʌtsˈutstvʲiɪ
лесенку	ɭʲˈesʲinku
продвинулось	prʌdvʲˈinuɭʌsʲ
лесенка	ɭʲˈesʲinka
генеративная	ɡʲinʲiratʲˈivnʌja
высококачественная	vysʌkʌkˈɑtʃʲistvʲinnʌja
делила	dʲiɭʲˈiɭa
добавили	dʌbˈɑvʲiɭʲɪ
призрачным	prʲˈizrʌtʃʲnym
роялем	rʌˈjaɭʲim
предчувствия	prʲittʃʲˈustvʲija
пещерной	pʲiɕˈernʌj
слышался	sɭˈyʃʌɭsʲʌ
виолончелью	vʲiʌɭʌntʃʲˈeɭjju
пеленой	pʲiɭʲinˈoj
кларнетом	kɭarnˈɛtʌm
лютней	ɭʲˈutʲnʲij
докачались	dʌkatʃʲˈɑɭʲisʲ
обретён	ʌbrʲitʲˈɵn
заключена	zʌkɭʲutʃʲinˈɑ
поднялось	pʌdnʲaɭˈosʲ
загружены	zaɡrˈuʒyny
пулы	pˈuɭy
музыкальный	muzykˈɑɭʲnyj
значимости	znˈɑtʃʲimʌsʲtʲɪ
героический	ɡʲirʌˈitʃʲiskʲij
торжественный	tʌrʒˈɛstvʲinnyj
трудная	trˈudnʌja
запусками	zˈɑpuskʌmʲɪ
героическая	ɡʲirʌˈitʃʲiskʌja
торжественная	tʌrʒˈɛstvʲinnʌja
успешное	uspʲˈeʃnʌjɪ
села	sʲˈeɭa
тростник	trʌsnʲˈik
часовни	tʃʲasˈovnʲɪ
перезапуск	pʲirʲizˈɑpusk
проходила	prʌxʌdʲˈiɭa
описаниях	ʌpʲisˈɑnʲijax
кинематографичная	kʲinʲimʌtʌɡrˈɑfʲitʃʲnʌja
прогрессия	prʌɡrʲˈesʲsʲija
искры-арпеджио	ˈɪskryarpʲˈedʒyʌ
басовые	basˈovyjɪ
тревожный	trʲivˈoʒnyj
дрон	drˈon
арпеджио	arpʲˈedʒyʌ
акустические	akusʲtʲˈitʃʲiskʲijɪ
абстрактных	apstrˈɑktnyx
музыкальных	muzykˈɑɭʲnyx
сигналов	sʲiɡnˈɑɭʌf
издавал	ɪzdavˈɑɭ
нисходящий	nʲisxʌdʲˈɑɕij
лютни	ɭʲˈutʲnʲɪ
мехов	mʲixˈof
ученическая	utʃʲinʲˈitʃʲiskʌja
арпеджио-трель	arpʲˈedʒyʌtrʲˈelʲ
нисходящего	nʲisxʌdʲˈɑɕivʌ
мерцающий	mʲirtsˈɑjuɕij
обертон-искра	ʌbʲirtˈonˈɪskra
гуляющий	ɡuɭʲˈɑjuɕij
слышный	sɭˈyʃnyj
оживлённая	ʌʒyvɭʲˈɵnnʌja
бодрые	bˈodryjɪ
позвякивание	pʌzvʲˈɑkʲivʌnʲijɪ
мерцающим	mʲirtsˈɑjuɕim
тремоло-обертоном	trʲˈemʌɭʌʌbʲirtˈonʌm
подчёркнуто	pʌttʃʲˈɵrknutʌ
узнаваемо	uznavˈɑjimʌ
отличим	ʌtɭʲitʃʲˈim
шелеста	ʃˈɛɭʲista
тройная	trʌjnˈɑja
трель	trʲˈelʲ
похожая	pʌxˈoʒʌja
размеренный	razmʲˈerʲinnyj
уважительный	uvaʒˈytʲiɭʲnyj
протяжное	prʌtʲˈɑʒnʌjɪ
сиянием	sʲiˈjanʲijim
обертона	ʌbʲirtˈona
сдвоенный	zdvˈojinnyj
терцию	tʲˈertsyju
скрещенные	skrʲˈeɕinnyjɪ
неустойчивого	nʲiustˈojtʃʲivʌvʌ
торопливая	tʌrʌpɭʲˈivʌja
уставший	ustˈɑfʃyj
посоха	pˈosʌxa
объёмных	ʌbjˈɵmnyx
деревянного	dʲirʲivʲˈɑnnʌvʌ
квинта	kvʲˈinta
маякам	mʌjakˈɑm
проходимой	prʌxʌdʲˈimʌj
синтезе	sʲˈintʲiʑi
котлом	kʌtɭˈom
вдогонку	vdʌɡˈonku
половиц	pʌɭʌvʲˈits
упряжи	ˈuprʲʌʒy
горизонтали	ɡʌrʲizʌntˈɑɭʲɪ
эхо-скане	ˈɛxʌskˈɑnʲi
очередью	ˈotʃʲirʲidʲjju
наложилась	nʌɭʌʒˈyɭʌsʲ
отзвучать	ʌdzvutʃʲˈɑtʲ
резиденция	rʲiʑidʲˈentsyja
заброшенное	zabrˈoʃynnʌjɪ
лекарственные	ɭʲikˈɑrstvʲinnyjɪ
ягодник	ˈjaɡʌdnʲik
окаменевший	ʌkʌmʲinʲˈefʃyj
свиты	svʲˈity
столкновения	stʌɭknʌvʲˈenʲija
тематические	tʲimatʲˈitʃʲiskʲijɪ
лежащие	ɭʲiʒˈɑɕijɪ
папках	pˈɑpkʌx
летучая	ɭʲitˈutʃʲʌja
жала	ʒˈɑɭa
брань	brˈɑnʲ
чавканье	tʃʲˈɑfkʌnjjɪ
щёлканье	ɕˈɵɭkʌnjjɪ
паутиной	pʌutʲˈinʌj
построители	pʌstrʌˈitʲiɭʲɪ
сеток	sʲˈetʌk
удалены	udʌɭʲinˈy
двухуровневая	dvuxˈurʌvnʲivʌja
пятьюстами	pʲʌtʲjjustˈɑmʲɪ
семьюдесятью	sʲimʲjˈjudʲisʲʌtʲjju
шестью	ʃystʲjˈju
попавшая	pʌpˈɑfʃʌja
заглавного	zaɡɭˈɑvnʌvʌ
вписано	fpʲˈisʌnʌ
разметку	razmʲˈetku
устарело	ustarʲˈeɭʌ
пополнении	pʌpʌɭnʲˈenʲiɪ
разложенных	razɭˈoʒynnyx
отделены	ʌdʲdʲiɭʲinˈy
рассветные	rassvʲˈetnyjɪ
островной	ʌstrʌvnˈoj
накат	nakˈɑt
сдвинувшегося	zdvʲˈinufʃyvʌsʲʌ
дровосек	drʌvʌsʲˈek
пошаговая	pʌʃˈɑɡʌvʌja
взведённого	vzvʲidʲˈɵnnʌvʌ
оборванной	ʌbˈorvʌnnʌj
раскрытие	raskrˈytʲijɪ
изученной	ɪzˈutʃʲinnʌj
поставки	pʌstˈɑfkʲɪ
таблицей	tabɭʲˈitsyj
интернет	ɪntɛrnˈɛt
воспроизвести	vʌsprʌizvʲisʲtʲˈɪ
сенсорный	sʲˈensʌrnyj
шлюз	ʃɭʲˈus
исправлены	ɪsprˈɑvɭʲiny
ощупывании	ʌɕupˈyvʌnʲiɪ
чтецов	tʃʲtʲitsˈof
незрячие	nʲizrʲˈɑtʃʲijɪ
отрывается	ʌtryvˈɑjitsʌ
пострадало	pʌstradˈɑɭʌ
пролежал	prʌɭʲiʒˈɑɭ
успела	uspʲˈeɭa
быстром	bˈystrʌm
закрывалось	zʌkryvˈɑɭʌsʲ
несколькими	nʲˈeskʌɭʲkʲimʲɪ
флажка	fɭaʃkˈɑ
объемлющем	ʌbjjˈemɭʲuɕim
ярлыке	jarɭykʲˈe
понимая	pʌnʲimˈɑja
ярлыка	jarɭykˈɑ
слипались	sɭʲipˈɑɭʲisʲ
озвучкаголосовое	ʌzvutʃʲkʌɡʌɭˈosʌvʌjɪ
собираем	sʌbʲirˈɑjim
кускам	kuskˈɑm
разделяем	rʌʑdʲiɭʲˈɑjim
хвосте	xvʌsʲtʲˈe
требовала	trʲˈebʌvʌɭa
ощупанным	ʌɕˈupʌnnym
установки	ustanˈofkʲɪ
недочитанный	nʲidʌtʃʲˈitʌnnyj
текстовые	tʲˈekstʌvyjɪ
исключены	ɪskɭʲutʃʲinˈy
экранную	ɛkrˈɑnnuju
клавиатуру	kɭʌvʲiatˈuru
флажки	fɭaʃkʲˈɪ
безопасны	bʲizʌpˈɑsny
прологу	prʌɭˈoɡu
подтянуть	pʌtʲtʲanˈutʲ
свайпу	svˈɑjpu
переносим	pʲirʲinˈosʲim
прозвучало	prʌzvutʃʲˈɑɭʌ
сбрасывался	zbrˈɑsyvʌɭsʲʌ
обнулял	ʌbnˈuɭʲʌɭ
означало	ʌznatʃʲˈɑɭʌ
надетую	nadʲˈetuju
нажали	naʒˈɑɭʲɪ
перестроился	pʲirʲistrˈoiɭsʲʌ
сказало	skazˈɑɭʌ
предохранителя	prʲidʌxranʲˈitʲiɭʲʌ
мешал	mʲiʃˈɑɭ
подвинуло	pʌdvʲˈinuɭʌ
сменилось	smʲinʲˈiɭʌsʲ
повторные	pʌftˈornyjɪ
возвраты	vʌzvrˈɑty
поуже	pʌˈuʒy
считало	ɕitˈɑɭʌ
множества	mnˈoʒystva
названного	nˈɑzvʌnnʌvʌ
строка-подпись	strʌkˈɑpˈotpʲisʲ
жало	ʒˈɑɭʌ
крошечным	krˈoʃytʃʲnym
флажком	fɭaʃkˈom
переключателе	pʲirʲikɭʲutʃʲˈɑtʲiɭʲi
оторвётся	ʌtʌrvʲˈɵtsʌ
свайп-перелистывание	svˈɑjppʲirʲiɭʲistˈyvʌnʲijɪ
информационные	ɪnfʌrmʌtsyˈonnyjɪ
доступным	dʌstˈupnym
скрывается	skryvˈɑjitsʌ
невидимые	nʲivʲˈidʲimyjɪ
листания	ɭʲistˈɑnʲija
несуществующей	nʲisuɕistvˈujuɕij
утыкался	utykˈɑɭsʲʌ
двойными	dvʌjnˈymʲɪ
касаний	kasˈɑnʲij
убираем	ubʲirˈɑjim
хвосты	xvʌstˈy
дробных	drˈobnyx
пункт-справка	pˈunktsprˈɑfka
видимый	vʲˈidʲimyj
отработает	ʌtrabˈotʌjit
неотличимо	nʲiʌtɭʲitʃʲˈimʌ
карточка-справка	kˈɑrtʌtʃʲkasprˈɑfka
бестиария	bʲisʲtʲiˈɑrʲija
листая	ɭʲistˈɑja
затрагивает	zatrˈɑɡʲivʌjit
подавления	pʌdavɭʲˈenʲija
ставим	stˈɑvʲim
глобальный	ɡɭʌbˈɑɭʲnyj
синтетический	sʲintʲitʲˈitʃʲiskʲij
давая	davˈɑja
ломало	ɭʌmˈɑɭʌ
нативных	natʲˈivnyx
слушателях	sɭˈuʃʌtʲiɭʲʌx
подобные	pʌdˈobnyjɪ
происходило	prʌisxʌdʲˈiɭʌ
перехвачено	pʲirʲixvˈɑtʃʲinʌ
отложенного	ʌtɭˈoʒynnʌvʌ
выполнялась	vypʌɭnʲˈɑɭʌsʲ
обнулять	ʌbnuɭʲˈɑtʲ
повторяем	pʌftʌrʲˈɑjim
действовали	dʲˈejstvʌvʌɭʲɪ
одноимённое	ʌdnʌimʲˈɵnnʌjɪ
медленным	mʲˈedɭʲinnym
трудновоспроизводимым	trudnʌvʌsprʌizvˈodʲimym
тремя-четырьмя	trʲimʲˈɑtʃʲityrɪmʲˈɑ
совпали	sʌfpˈɑɭʲɪ
одиночные	ʌdʲinˈotʃʲnyjɪ
двойные	dvʌjnˈyjɪ
тройные	trʌjnˈyjɪ
приучена	prʲiˈutʃʲina
нынешнюю	nˈynʲiʃnʲuju
назначаемую	nʌznatʃʲˈɑjimuju
влево-вверх	vɭʲˈevʌvvʲˈerx
вниз-вправо	vnʲˈisfprˈɑvʌ
распознаются	rʌspʌznˈɑjutsʌ
распознаватель	rʌspʌznavˈɑtʲilʲ
перекинуть	pʲirʲikʲˈinutʲ
встречали	fstrʲitʃʲˈɑɭʲɪ
вешает	vʲˈeʃʌjit
удобна	udˈobna
назначить	naznˈɑtʃʲitʲ
назначил	naznˈɑtʃʲiɭ
возвращены	vʌzvrʌɕinˈy
потерянным	pʌtʲˈerʲʌnnym
щёлкать	ɕˈɵɭkʌtʲ
перерисовываем	pʲirʲirʲisʌvˈyvʌjim
исчезнет	ɪɕˈeʑnʲit
зависимости	zavʲˈisʲimʌsʲtʲɪ
подводят	pʌdvˈodʲʌt
открывалось	ʌtkryvˈɑɭʌsʲ
сбору	zbˈoru
свериться	svʲˈerʲitsʌ
встав	fstˈɑf
догадаться	dʌɡadˈɑtsʌ
свайпнуть	svajpnˈutʲ
доводит	dʌvˈodʲit
привычным	prʲivˈytʃʲnym
видах	vʲˈidʌx
вызывал	vyzyvˈɑɭ
несуществующую	nʲisuɕistvˈujuɕuju
спасал	spasˈɑɭ
предохранитель	prʲidʌxranʲˈitʲilʲ
отмеченное	ʌtmʲˈetʃʲinnʌjɪ
экземпляр	ɛɡʑimpɭʲˈɑr
настройке	nastrˈojkʲi
неизученный	nʲiizˈutʃʲinnyj
полусекунды	pʌɭusʲˈekundy
применял	prʲimʲinʲˈɑɭ
подтверждения	pʌdtvʲirʒdʲˈenʲija
применяет	prʲimʲinʲˈɑjit
зависало	zʌvʲisˈɑɭʌ
строку-подпись	strʌkˈupˈotpʲisʲ
прыгал	prˈyɡʌɭ
случившееся	sɭutʃʲˈifʃyjisʲʌ
успевала	uspʲivˈɑɭa
ехал	jˈexʌɭ
неподвижным	nʲipʌdvʲˈiʒnym
целился	tsˈɛɭʲiɭsʲʌ
вычислялась	vytʃʲisɭʲˈɑɭʌsʲ
прокрутки	prʌkrˈutkʲɪ
перерисоваться	pʲirʲirʲˈisʌvʌtsʌ
лечатся	ɭʲˈetʃʲʌtʲsʲʌ
двигая	dvʲˈiɡʌja
текущему	tʲikˈuɕimu
подтвердить	pʌdtvʲirdʲˈitʲ
коснуться	kʌsnˈutsʌ
выполняем	vypʌɭnʲˈɑjim
затевался	zʌtʲivˈɑɭsʲʌ
исключений	ɪskɭʲutʃʲˈenʲij
заглавном	zaɡɭˈɑvnʌm
строго	strˈoɡʌ
наметило	namʲˈetʲiɭʌ
подъехала	pʌdjjˈexʌɭa
попавший	pʌpˈɑfʃyj
попадал	pʌpˈɑdʌɭ
взведённое	vzvʲidʲˈɵnnʌjɪ
максимум	mˈɑksʲimum
коснувшихся	kʌsnˈufʃyxsʲʌ
якорный	ˈjakʌrnyj
измеряется	ɪzmʲirʲˈɑjitsʌ
описывался	ʌpʲˈisyvʌɭsʲʌ
отрывает	ʌtryvˈɑjit
количеством	kʌɭʲˈitʃʲistvʌm
сдвинутый	zdvʲˈinutyj
отменял	ʌtmʲinʲˈɑɭ
нелепость	nʲiɭʲˈepʌstʲ
перепишется	pʲirʲipʲˈiʃytsʌ
лежащему	ɭʲiʒˈɑɕimu
выполняли	vypʌɭnʲˈɑɭʲɪ
последующего	pʌsɭʲˈedujuɕivʌ
протягивания	prʌtʲaɡʲˈivʌnʲija
оверлея	ʌvʲˈerɭʲija
коснувшись	kʌsnˈufʃysʲ
обрывалось	ʌbryvˈɑɭʌsʲ
выжидает	vyʒydˈɑjit
неспешном	nʲispʲˈeʃnʌm
узнавала	uznavˈɑɭa
начавшемся	natʃʲˈɑfʃymsʲʌ
лежащего	ɭʲiʒˈɑɕivʌ
неощутима	nʲiʌɕutʲˈima
замерший	zˈɑmʲirʃyj
многопальцевых	mnʌɡʌpˈɑɭʲtsyvyx
тапов	tˈɑpʌf
неизбежно	nʲiizbʲˈeʒnʌ
перекатываются	pʲirʲikˈɑtyvʌjutsʌ
диагональ	dʲiʌɡʌnˈɑlʲ
ведём	vʲidʲˈɵm
проводим	prʌvˈodʲim
пятью	pʲatʲjˈju
недочитанными	nʲidʌtʃʲˈitʌnnymʲɪ
разгоняется	rʌzɡʌnʲˈɑjitsʌ
отрываясь	ʌtryvˈɑjasʲ
оставшееся	ʌstˈɑfʃyjisʲʌ
спокойного	spʌkˈojnʌvʌ
ведения	vʲidʲˈenʲija
озвучиваем	ʌzvutʃʲˈivʌjim
непрерывно	nʲiprʲirˈyvnʌ
вызванное	vˈyzvʌnnʌjɪ
прощупать	prʌɕˈupʌtʲ
начавшуюся	natʃʲˈɑfʃujusʲʌ
ругается	ruɡˈɑjitsʌ
таймер	tˈɑjmʲir
сбрасывается	zbrˈɑsyvʌjitsʌ
микро-движение	mʲˈikrʌdvʲiʒˈɛnʲijɪ
включиться	fkɭʲutʃʲˈitsʌ
идеально	ɪdʲiˈɑɭʲnʌ
неподвижном	nʲipʌdvʲˈiʒnʌm
ощущались	ʌɕuɕˈɑɭʲisʲ
уточнять	utʌtʃʲnʲˈɑtʲ
сбрасывая	zbrˈɑsyvʌja
смещением	smʲiɕˈenʲijim
дребезг	drʲˈebʲisk
обрабатывалось	ʌbrabˈɑtyvʌɭʌsʲ
досылал	dʌsˈyɭʌɭ
снялся	sʲnʲˈɑɭsʲʌ
добавляло	dʌbavɭʲˈɑɭʌ
никем	nʲikʲˈem
спрошенное	sprˈoʃynnʌjɪ
выполнило	vˈypʌɭnʲiɭʌ
лежавшего	ɭʲiʒˈɑfʃyvʌ
якорному	ˈjakʌrnʌmu
пальцу	pˈɑɭʲtsu
мягким	mʲˈɑxkʲim
выполняют	vypʌɭnʲˈɑjut
поставленные	pʌstˈɑvɭʲinnyjɪ
четвёртое	tʃʲitvʲˈɵrtʌjɪ
переставали	pʲirʲistavˈɑɭʲɪ
складываться	skɭˈɑdyvʌtsʌ
закрывалась	zʌkryvˈɑɭʌsʲ
немедленным	nʲimʲˈedɭʲinnym
запаздывать	zapˈɑzdyvʌtʲ
переназначенная	pʲirʲinaznˈɑtʃʲinnʌja
выполняются	vypʌɭnʲˈɑjutsʌ
неотличимая	nʲiʌtɭʲitʃʲˈimʌja
зависшей	zavʲˈiʃʃyj
модальна	mʌdˈɑɭʲna
упиралось	upʲirˈɑɭʌsʲ
подсказку	pʌtskˈɑsku
советовала	sʌvʲˈetʌvʌɭa
останавливают	ʌstanˈɑvɭʲivʌjut
неназначенный	nʲinaznˈɑtʃʲinnyj
удержанию	udʲirʒˈɑnʲiju
задержал	zʌdʲirʒˈɑɭ
собираясь	sʌbʲirˈɑjasʲ
растянуто	rasʲtʲˈɑnutʌ
пропадало	prʌpadˈɑɭʌ
чувствительность	tʃʲustvʲˈitʲiɭʲnʌstʲ
листало	ɭʲistˈɑɭʌ
перелистывания	pʲirʲiɭʲistˈyvʌnʲija
перевыбор	pʲirʲivˈybʌr
уезжает	ujiʒʒˈɑjit
двигаем	dvʲˈiɡʌjim
выполнит	vˈypʌɭnʲit
невозможен	nʲivʌzmˈoʒyn
подсказываем	pʌtskˈɑzyvʌjim
фокусе	fˈokusʲi
равным	rˈɑvnym
является	javɭʲˈɑjitsʌ
глушить	ɡɭuʃˈytʲ
подтвердивший	pʌdtvʲirdʲˈifʃyj
дальнейшее	daɭʲnʲˈejʃyjɪ
повторил	pʌftʌrʲˈiɭ
пообещала	pʌʌbʲiɕˈɑɭa
вынесены	vˈynʲisʲiny
группам	ɡrˈuppʌm
обстоятельствам	ʌpstʌˈjatʲiɭʲstvʌm
быстрым	bˈystrym
групп	ɡrˈupp
естественно	jɪsʲtʲˈɛstvʲinnʌ
просмотреть	prʌsmʌtrʲˈetʲ
окупится	ʌkˈupʲitsʌ
глушью	ɡɭˈuʃjju
почаще	pʌtʃʲˈɑɕi
бирки	bʲˈirkʲɪ
расходуются	rasxˈodujutsʌ
берите	bʲirʲˈitʲi
начинаете	nʌtʃʲinˈɑjitʲi
выборе	vˈybʌrʲi
седьмая	sʲidʲmˈɑja
обработчиках	ʌbrabˈottʃʲikʌx
миллисекунду	mʲiɭɭʲisʲˈekundu
кажутся	kˈɑʒutʲsʲʌ
неспешной	nʲispʲˈeʃnʌj
запятой	zʌpʲatˈoj
запятая	zʌpʲatˈɑja
полноправный	pʌɭnʌprˈɑvnyj
заходя	zʌxʌdʲˈɑ
показом	pʌkˈɑzʌm
обновляются	ʌbnʌvɭʲˈɑjutsʌ
зовутся	zʌvˈutʲsʲʌ
пятому	pʲˈɑtʌmu
шестому	ʃystˈomu
мерил	mʲˈerʲiɭ
жирная	ʒˈyrnʌja
заголовкам	zʌɡʌɭˈofkʌm
ленты	ɭʲˈenty
видимости	vʲˈidʲimʌsʲtʲɪ
вызвавший	vˈyzvʌfʃyj
пробегает	prʌbʲiɡˈɑjit
нужные	nˈuʒnyjɪ
исчезает	ɪɕizˈɑjit
ремесленником	rʲimʲˈesɭʲinnʲikʌm
охотником	ʌxˈotʲnʲikʌm
писарем	pʲˈisʌrʲim
исследователем	ɪssɭʲˈedʌvʌtʲiɭʲim
свайпать	svajpˈɑtʲ
неосторожного	nʲiʌstʌrˈoʒnʌvʌ
превращает	prʲivraɕˈɑjit
полезное	pʌɭʲˈeznʌjɪ
вырубить	vˈyrubʲitʲ
нахожусь	nʌxʌʒˈusʲ
вкл	vˌɛkˌɑˈɛɭ
скачивание	skˈɑtʃʲivʌnʲijɪ
гомункулом	ɡʌmˈunkuɭʌm
влез	vɭʲˈes
незнанию	nʲiznˈɑnʲiju
предлагался	prʲidɭaɡˈɑɭsʲʌ
попытаться	pʌpytˈɑtsʌ
уместный	umʲˈesnyj
заголовков	zʌɡʌɭˈofkʌf
искалась	ɪskˈɑɭʌsʲ
повтором	pʌftˈorʌm
исчезало	ɪɕizˈɑɭʌ
объединённая	ʌbjjidʲinʲˈɵnnʌja
незрячим	nʲizrʲˈɑtʃʲim
слабовидящим	sɭʌbʌvʲˈidʲʌɕim
запомнив	zapˈomnʲif
касаетесь	kasˈɑjitʲisʲ
ползунку	pʌɭzunkˈu
отчитывается	ʌttʃʲˈityvʌjitsʌ
произносило	prʌiznʌsʲˈiɭʌ
сообщат	sʌʌpɕˈɑt
намеренные	namʲˈerʲinnyjɪ
справки	sprˈɑfkʲɪ
задержите	zadʲˈerʒytʲi
собирали	sʌbʲirˈɑɭʲɪ
проиграет	prʌiɡrˈɑjit
собирался	sʌbʲirˈɑɭsʲʌ
продублированы	prʌdubɭʲˈirʌvʌny
неудобен	nʲiudˈobʲin
абсолютное	apsʌɭʲˈutnʌjɪ
локаций	ɭʌkˈɑtsyj
слабослышащих	sɭʌbʌsɭˈyʃʌɕix
эффектов	ɛffʲˈektʌf
запоминая	zʌpʌmʲinˈɑja
медленной	mʲˈedɭʲinnʌj
выключатель	vykɭʲutʃʲˈɑtʲilʲ
онлайн-голосов	ʌnɭˈɑjŋɡʌɭʌsˈof
коллекция	kʌɭɭʲˈektsyja
разложенная	razɭˈoʒynnʌja
звуках	zvˈukʌx
доходишь	dʌxˈodʲiʃ
пополнением	pʌpʌɭnʲˈenʲijim
обновлении	ʌbnʌvɭʲˈenʲiɪ
натяжением	nʌtʲaʒˈɛnʲijim
срывом	srˈyvʌm
узнаваемы	uznavˈɑjimy
ритму	rʲˈitmu
характерным	xʌraktʲˈernym
учёного	utʃʲˈɵnʌvʌ
простолюдина	prʌstʌɭʲudʲˈina
зарегистрированный	zʌrʲiɡʲistrʲˈirʌvʌnnyj
монстрами	mˈonstrʌmʲɪ
главу	ɡɭavˈu
определяются	ʌprʲidʲiɭʲˈɑjutsʌ
близостью	bɭʲˈizʌstʲjju
правителями	pravʲˈitʲiɭʲʌmʲɪ
магов	mˈɑɡʌf
приближении	prʲibɭʲiʒˈɛnʲiɪ
управляется	upravɭʲˈɑjitsʌ
панелью	panʲˈeɭjju
клавиша	kɭˈɑvʲiʃa
освобождается	ʌsvʌbʌʒdˈɑjitsʌ
крепостная	krʲipʌsnˈɑja
многоуровневые	mnʌɡʌˈurʌvnʲivyjɪ
снаряжением	snʌrʲaʒˈɛnʲijim
материалами	mʌtʲirʲiˈɑɭʌmʲɪ
реликвиями	rʲiɭʲˈikvʲijamʲɪ
факелы-ориентиры	fˈɑkʲiɭyʌrʲijintʲˈiry
петлями	pʲˈetɭʲʌmʲɪ
лязгают	ɭʲˈɑzɡʌjut
аккордом	akkˈordʌm
сетку	sʲˈetku
одной-единственной	ʌdnˈojjɪdʲˈinstvʲinnʌj
воротным	vʌrˈotnym
лязгом	ɭʲˈɑzɡʌm
похожим	pʌxˈoʒym
отпираете	ʌtpʲirˈɑjitʲi
грохотом	ɡrˈoxʌtʌm
магистры	maɡʲˈistry
священную	svʲaɕˈennuju
невыполненным	nʲivˈypʌɭnʲinnym
войнами	vˈojnʌmʲɪ
избытком	ɪzbˈytkʌm
прибылью	prʲˈibyɭjju
схема	sxˈema
купите	kupʲˈitʲi
избытке	ɪzbˈytkʲi
местному	mʲˈesnʌmu
поворачивают	pʌvʌrˈɑtʃʲivʌjut
встретив	fstrʲˈetʲif
войсковые	vʌjskʌvˈyjɪ
рейсами	rʲˈejsʌmʲɪ
ценами	tsˈɛnʌmʲɪ
корабельным	kʌrabʲˈeɭʲnym
портовым	pʌrtˈovym
рвущим	rvˈuɕim
пиратских	pʲirˈɑtskʲix
ватаг	vatˈɑk
флагами	fɭˈɑɡʌmʲɪ
грабит	ɡrˈɑbʲit
неудачное	nʲiudˈɑtʃʲnʌjɪ
залпом	zˈɑɭpʌm
абордажем	abʌrdˈɑʒym
бестиарии	bʲisʲtʲiˈɑrʲiɪ
уживается	uʒyvˈɑjitsʌ
поштучно	pʌʃtˈutʃʲnʌ
партией	pˈɑrtʲijij
предложат	prʲidɭˈoʒʌt
сухопутной	suxʌpˈutnʌj
подсечёте	pʌtʲsʲitʃʲˈɵtʲi
забрасывать	zabrˈɑsyvʌtʲ
опоздаете	ʌpʌzdˈɑjitʲi
ловится	ɭˈovʲitsʌ
скатов	skˈɑtʌf
жемчужницу	ʒymtʃʲˈuʒnʲitsu
местным	mʲˈesnym
бойца	bʌjtsˈɑ
происхождении	prʌisxʌʒdʲˈenʲiɪ
вверху	vvʲirxˈu
родственные	rˈotstvʲinnyjɪ
племена	pɭʲimʲinˈɑ
наследует	nasɭʲˈedujit
бог-соперник	bˈoksʌpʲˈernʲik
разделены	rʌʑdʲiɭʲinˈy
бесплатна	bʲispɭˈɑtna
приняв	prʲinʲˈɑf
возможна	vʌzmˈoʒna
союзом	sʌˈjuzʌm
дружбой	drˈuʒbʌj
напряжением	nʌprʲaʒˈɛnʲijim
открывайте	ʌtkryvˈɑjtʲi
причинами	prʲitʃʲˈinʌmʲɪ
текущие	tʲikˈuɕijɪ
помогая	pʌmʌɡˈɑja
улучшаете	uɭutʃʲʃˈɑjitʲi
снижаются	sʲnʲiʒˈɑjutsʌ
куста	kustˈɑ
стеклянным	sʲtʲikɭʲˈɑnnym
осыпью	ˈosypjju
панорамируются	pʌnʌramʲˈirujutsʌ
выдумывается	vydumˈyvʌjitsʌ
выведено	vˈyvʲidʲinʌ
перекрёстков	pʲirʲikrʲˈɵstkʌf
напряжении	nʌprʲaʒˈɛnʲiɪ
разумеется	rʌzumʲˈejitsʌ
добавило	dʌbˈɑvʲiɭʌ
ответам	ʌtvʲˈetʌm
горские	ɡˈorskʲijɪ
литаврами	ɭʲitˈɑvrʌmʲɪ
порывом	pʌrˈyvʌm
вьюгой	vjˈjuɡʌj
оклику	ˈokɭʲiku
копытам	kʌpˈytʌm
фырканью	fˈyrkʌnjju
верблюду	vʲirbɭʲˈudu
турнир	turnʲˈir
крадущимся	kradˈuɕimsʲʌ
оркестровых	ʌrkʲistrˈovyx
предвестий	prʲidvʲˈesʲtʲij
вспыхивает	fspˈyxivʌjit
дымкой	dˈymkʌj
ореолом	ʌrʲiˈoɭʌm
одобрительным	ʌdʌbrʲˈitʲiɭʲnym
ушедшей	uʃˈɛtʃyj
палой	pˈɑɭʌj
листвой	ɭʲistvˈoj
щебнем	ɕˈebnʲim
раскисает	rʌskʲisˈɑjit
соломой	sʌɭˈomʌj
притвора	prʲitvˈora
креплений	krʲipɭʲˈenʲij
забрались	zʌbraɭʲˈisʲ
играете	ɪɡrˈɑjitʲi
наушников	naˈuʃnʲikʌf
шаткая	ʃˈɑtkʌja
перил	pʲirʲˈiɭ
вздох	vzdˈox
возвращаетесь	vʌzvraɕˈɑjitʲisʲ
отвесна	ʌtvʲˈesna
покинутый	pʌkʲˈinutyj
будущий	bˈuduɕij
одинаковой	ʌdʲinˈɑkʌvʌj
веху	vʲˈexu
повышение	pʌvyʃˈɛnʲijɪ
понижение	pʌnʲiʒˈɛnʲijɪ
павшем	pˈɑfʃym
герое	ɡʲirˈojɪ
упавшего	upˈɑfʃyvʌ
струнными	strˈunnymʲɪ
распадом	raspˈɑdʌm
сумеречным	sˈumʲirʲitʃʲnym
тетиву	tʲitʲivˈu
щипком	ɕˈipkʌm
попаданием	pʌpadˈɑnʲijim
скользящий	skʌɭʲʑˈɑɕij
порчей	pˈortʃʲij
разрядом	razrʲˈɑdʌm
мехами	mʲixˈɑmʲɪ
записях	zˈɑpʲisʲʌx
блеет	bɭʲˈejit
лают	ɭˈɑjut
человеческих	tʃʲiɭʌvʲˈetʃʲiskʲix
кружками	kruʃkˈɑmʲɪ
льющийся	ɭjˈjuɕijsʲʌ
разряжается	rʌzrʲaʒˈɑjitsʌ
подставках	pʌtstˈɑfkʌx
оброненные	ʌbrˈonʲinnyjɪ
аналои	anaɭˈoɪ
сохраняет	sʌxranʲˈɑjit
учащает	utʃʲaɕˈɑjit
экономит	ɛkʌnˈomʲit
пятнадцати	pʲatnˈɑttsʌtʲɪ
изученный	ɪzˈutʃʲinnyj
согревают	sʌɡrʲivˈɑjut
пополняют	pʌpʌɭnʲˈɑjut
судачат	sudˈɑtʃʲʌt
люстра	ɭʲˈustra
фитиля	fʲitʲiɭʲˈɑ
сотней	sˈotʲnʲij
вытканная	vˈytkʌnnʌja
написанного	napʲˈisʌnnʌvʌ
стоящие	stʌˈjaɕijɪ
настенная	nasʲtʲˈennʌja
ближайшими	bɭʲiʒˈɑjʃymʲɪ
оружию	ʌrˈuʒyju
точится	tʌtʃʲˈitsʌ
вязанка	vʲazˈɑnka
растопку	rastˈopku
взвешивают	vzvʲˈeʃyvʌjut
спрятали	sprʲˈɑtʌɭʲɪ
съедобное	sjjidˈobnʌjɪ
сталагмиты	stʌɭaɡmʲˈity
водомёт	vʌdʌmʲˈɵt
умыться	umˈytsʌ
канат	kanˈɑt
присесть	prʲisʲˈestʲ
перевести	pʲirʲivʲisʲtʲˈɪ
отсидишься	ʌtʲsʲidʲˈiʃsʲʌ
поить	pʌˈitʲ
постоите	pʌstʌˈitʲi
сдвинутся	zdvʲˈinutʲsʲʌ
готова	ɡʌtˈova
поленницы	pʌɭʲˈennʲitsy
груды	ɡrˈudy
грибницы	ɡrʲibnʲˈitsy
тронув	trˈonuf
отговорка	ʌdɡʌvˈorka
кормила	kʌrmʲˈiɭa
нами	nˈɑmʲɪ
одиночная	ʌdʲinˈotʃʲnʌja
ролевая	rʌɭʲivˈɑja
историческая	ɪstʌrʲˈitʃʲiskʌja
древности	drʲˈevnʌsʲtʲɪ
фэнтезийном	fɛntʲiʑˈijnʌm
индейцы	ɪndʲˈejtsy
персы	pʲˈersy
египтяне	jɪɡʲiptʲˈɑnʲi
норманны	nʌrmˈɑnny
демона	dʲˈemʌna
хищных	xˈiɕnyx
боевого	bʌjivˈovʌ
гоночная	ɡˈonʌtʃʲnʌja
гонок	ɡˈonʌk
недобрый	nʲidˈobryj
иное	ɪnˈojɪ
первоисточник	pʲirvʌistˈotʃʲnʲik
копировать	kʌpʲˈirʌvʌtʲ
распространять	rʌsprʌstranʲˈɑtʲ
изменять	ɪzmʲinʲˈɑtʲ
коммерческих	kʌmmʲˈertʃʲiskʲix
целях	tsˈɛɭʲʌx
изменённые	ɪzmʲinʲˈɵnnyjɪ
соблюдены	sʌbɭʲudʲinˈy
краткое	krˈɑtkʌjɪ
изложение	ɪzɭʌʒˈɛnʲijɪ
названные	nˈɑzvʌnnyjɪ
драм-машина	drˈɑmmaʃˈyna
покрыто	pʌkrˈytʌ
коллектив	kʌɭɭʲiktʲˈif
общественным	ʌpɕˈestvʲinnym
достоянием	dʌstʌˈjanʲijim
библиотек	bʲibɭʲiʌtʲˈek
русской	rˈusskʌj
средствами	srʲˈetstvʌmʲɪ
сконструированы	skʌnstruˈirʌvʌny
женский	ʒˈɛnskʲij
условиям	usɭˈovʲijam
полученный	pʌɭˈutʃʲinnyj
владельцу	vɭadʲˈeɭʲtsu
требуется	trʲˈebujitsʌ
воспроизводят	vʌsprʌizvˈodʲʌt
синтезирована	sʲintʲiʑˈirʌvʌna
русских	rˈusskʲix
заказал	zʌkazˈɑɭ
перечисленных	pʲirʲitʃʲˈisɭʲinnyx
оговоркой	ʌɡʌvˈorkʌj
играх	ˈɪɡrʌx
совместимо	sʌvmʲisʲtʲˈimʌ
собранием	sʌbrˈɑnʲijim
свёртку	svʲˈɵrtku
левое	ɭʲˈevʌjɪ
воспроизводит	vʌsprʌizvˈodʲit
абсолютные	apsʌɭʲˈutnyjɪ
юге	ˈjuɡʲi
поворачиваться	pʌvʌrˈɑtʃʲivʌtsʌ
делая	dʲˈeɭʌja
разместить	rʌzmʲisʲtʲˈitʲ
дотянетесь	dʌtʲˈɑnʲitʲisʲ
горожанина	ɡʌrʌʒˈɑnʲina
отойдёте	ʌtʌjdʲˈɵtʲi
подойдёте	pʌdʌjdʲˈɵtʲi
отслеживают	ʌtsɭʲˈeʒyvʌjut
обхода	ʌpxˈoda
бескрылым	bʲiskrˈyɭym
попытке	pʌpˈytkʲi
выбирая	vybʲirˈɑja
выбираете	vybʲirˈɑjitʲi
садитесь	sadʲˈitʲisʲ
соотношению	sʌʌtnʌʃˈɛnʲiju
шагая	ʃaɡˈɑja
незнакомый	nʲiznakˈomyj
сажусь	saʒˈusʲ
крылу	kryɭˈu
пересечь	pʲirʲisʲˈetʃʲ
снижение	sʲnʲiʒˈɛnʲijɪ
сядете	sʲˈɑdʲitʲi
крылаты	kryɭˈɑty
рассечь	rasʲsʲˈetʃʲ
спишет	spʲˈiʃyt
магией	mˈɑɡʲijij
измерение	ɪzmʲirʲˈenʲijɪ
доберётесь	dʌbʲirʲˈɵtʲisʲ
взлёте	vzɭʲˈɵtʲi
заметив	zamʲˈetʲif
лугами	ɭuɡˈɑmʲɪ
скалистых	skaɭʲˈistyx
выбитые	vˈybʲityjɪ
похожий	pʌxˈoʒyj
летя	ɭʲitʲˈɑ
теряете	tʲirʲˈɑjitʲi
садились	sadʲˈiɭʲisʲ
прилетели	prʲiɭʲitʲˈeɭʲɪ
посадки	pʌsˈɑtkʲɪ
бескрылому	bʲiskrˈyɭʌmu
загадок	zaɡˈɑdʌk
знающие	znˈɑjuɕijɪ
выносливое	vynˈosɭʲivʌjɪ
крылатых	kryɭˈɑtyx
азартный	azˈɑrtnyj
гончарной	ɡʌntʃʲˈɑrnʌj
обойдя	ʌbʌjdʲˈɑ
застанете	zastˈɑnʲitʲi
рудничные	rudnʲˈitʃʲnyjɪ
встретятся	fstrʲˈetʲʌtsʌ
пауки	pʌukʲˈɪ
деваются	dʲivˈɑjutsʌ
объяснит	ʌbjjasʲnʲˈit
отправит	ʌtprˈɑvʲit
покрывают	pʌkryvˈɑjut
враждебному	vraʒdʲˈebnʌmu
просьб	prˈosʲp
туманах	tumˈɑnʌx
велик	vʲiɭʲˈik
виденная	vʲˈidʲinnʌja
расспросом	rassprˈosʌm
ближнем	bɭʲˈiʒnʲim
расспрос	rassprˈos
подскажет	pʌtskˈɑʒyt
загрузку	zaɡrˈusku
гильдейскую	ɡʲiɭʲdʲˈejskuju
сходную	sxˈodnuju
избу	ɪzbˈu
ледниковую	ɭʲidnʲikˈovuju
килевую	kʲiɭʲivˈuju
кулачную	kuɭˈɑtʃʲnuju
золоту	zˈoɭʌtu
применяются	prʲimʲinʲˈɑjutsʌ
здешнюю	ʑdʲˈeʃnʲuju
разовых	rˈɑzʌvyx
сдали	zdˈɑɭʲɪ
советника	sʌvʲˈetʲnʲika
звёздную	zvʲˈɵznuju
третьих	trʲˈetʲjix
устраивает	ustrˈɑivʌjit
меткой	mʲˈetkʌj
чутьём	tʃʲutʲjˈɵm
скорым	skˈorym
мешками	mʲiʃkˈɑmʲɪ
вдруг	vdrˈuk
опишет	ʌpʲˈiʃyt
опустошают	ʌpustʌʃˈɑjut
народ-заказчик	narˈotzakˈɑɕik
выведут	vˈyvʲidut
съеденного	sjjˈedʲinnʌvʌ
сроками	srˈokʌmʲɪ
оплоты	ʌpɭˈoty
золоте	zˈoɭʌtʲi
всемеро	fsʲˈemʲirʌ
примешиваются	prʲimʲˈeʃyvʌjutsʌ
двенадцатого	dvʲinˈɑttsʌtʌvʌ
спуску	spˈusku
надетому	nadʲˈetʌmu
мешку	mʲiʃkˈu
тяжёлому	tʲaʒˈoɭʌmu
воротному	vʌrˈotnʌmu
лязгу	ɭʲˈɑzɡu
повторится	pʌftʌrʲˈitsʌ
сокровищ	sʌkrˈovʲiɕ
венца	vʲintsˈɑ
гвоздя	ɡvʌʑdʲˈɑ
отвесен	ʌtvʲˈesʲin
стоящая	stʌˈjaɕʌja
твердынями	tvʲirdˈynʲʌmʲɪ
четверо-шестеро	tʃʲˈetvʲirʌʃˈɛsʲtʲirʌ
два-три	dvˈɑtrʲˈɪ
солдата	sʌɭdˈɑta
попросит	pʌprˈosʲit
сдавленным	zdˈɑvɭʲinnym
невернувшихся	nʲivʲirnˈufʃyxsʲʌ
приговорённого	prʲiɡʌvʌrʲˈɵnnʌvʌ
контрабандиста	kʌntrʌbandʲˈista
отступника	ʌtstˈupnʲika
перевоза	pʲirʲivˈoza
колодок	kʌɭˈodʌk
приближает	prʲibɭʲiʒˈɑjit
истоков	ɪstˈokʌf
училищная	utʃʲˈiɭʲiɕnʌja
заграничная	zʌɡranʲˈitʃʲnʌja
истока	ɪstˈoka
одна-две	ʌdnˈɑdvʲˈe
купленная	kˈupɭʲinnʌja
слав	sɭˈɑf
утонувшая	utʌnˈufʃʌja
усыпальница	usypˈɑɭʲnʲitsa
перевёрнутый	pʲirʲivʲˈɵrnutyj
негаснущая	nʲiɡasnˈuɕʌja
стоячее	stʌˈjatʃʲijɪ
разы	razˈy
вкладывай	fkɭˈɑdyvʌj
выдуманной	vˈydumʌnnʌj
вынутая	vˈynutʌja
зачарований	zʌtʃʲarˈovʌnʲij
спорящие	spˈorʲʌɕijɪ
срежет	srʲˈeʒyt
потратят	pʌtrˈɑtʲʌt
неудаче	nʲiudˈɑtʃʲi
жадная	ʒˈɑdnʌja
гордая	ɡˈordʌja
незакрытую	nʲizakrˈytuju
работающий	rabˈotʌjuɕij
полусотней	pʌɭusˈotʲnʲij
заголовками	zʌɡʌɭˈofkʌmʲɪ
купленный	kˈupɭʲinnyj
предметам	prʲidmʲˈetʌm
рассчитывать	rasɕˈityvʌtʲ
обжитых	ʌbʒytˈyx
тяжёлыми	tʲaʒˈoɭymʲɪ
сырых	syrˈyx
рудном	rˈudnʌm
немой	nʲimˈoj
переходите	pʲirʲixˈodʲitʲi
одиннадцатый	ʌdʲˈinnʌttsʌtyj
тринадцатью	trʲinˈɑttsʌtʲjju
девяностом	dʲivʲanˈostʌm
листал	ɭʲistˈɑɭ
махал	maxˈɑɭ
съезжало	sjjiʒʒˈɑɭʌ
чутких	tʃʲˈutkʲix
спокойных	spʌkˈojnyx
стучать	stutʃʲˈɑtʲ
значений	znatʃʲˈenʲij
засчитывается	zaɕˈityvʌjitsʌ
росчерк	rˈoɕirk
задержался	zʌdʲirʒˈɑɭsʲʌ
включённой	fkɭʲutʃʲˈɵnnʌj
настройку	nastrˈojku
лёгкой	ɭʲˈɵxkʌj
подкрутить	pʌtkrutʲˈitʲ
пробежать	prʌbʲiʒˈɑtʲ
подписаны	pʌtpʲˈisʌny
прятала	prʲˈɑtʌɭa
перешагнуть	pʲirʲiʃaɡnˈutʲ
добираются	dʌbʲirˈɑjutsʌ
четырнадцатью	tʃʲitˈyrnʌttsʌtʲjju
интерфейсе	ɪntɛrfˈɛjsʲi
жестах	ʒˈɛstʌx
потерялась	pʌtʲirʲˈɑɭʌsʲ
девятая	dʲivʲˈɑtʌja
вписали	fpʲisˈɑɭʲɪ
повесьте	pʌvʲˈesʲtʲi
обходя	ʌpxʌdʲˈɑ
вешается	vʲˈeʃʌjitsʌ
разделом	raʑdʲˈeɭʌm
далее	dˈɑɭʲijɪ
речевых	rʲitʃʲivˈyx
назначьте	naznˈɑtʃʲtʲi
заработает	zʌrabˈotʌjit
назначайте	nʌznatʃʲˈɑjtʲi
находите	naxˈodʲitʲi
повесив	pʌvʲˈesʲif
снимаете	sʲnʲimˈɑjitʲi
тройкой	trˈojkʌj
способу	spˈosʌbu
аспекту	aspʲˈektu
искре	ˈɪskrʲi
здоровью	zdʌrˈovjju
мутит	mutʲˈit
технику	tʲˈexnʲiku
прочтёте	prʌtʃʲtʲˈɵtʲi
разгоняет	rʌzɡʌnʲˈɑjit
объявят	ʌbjˈjavʲʌt
присказкой	prʲˈiskʌskʌj
поломано	pʌɭˈomʌnʌ
колеблет	kʌɭʲibɭʲˈet
жилое	ʒyɭˈojɪ
разъездами	razjjˈezdʌmʲɪ
учёные	utʃʲˈɵnyjɪ
объявит	ʌbjˈjavʲit
закрывшейся	zakrˈyfʃyjsʲʌ
вежливым	vʲˈeʒɭʲivym
вражде	vraʒdʲˈe
связной	svʲˈɑznʌj
поставь	pʌstˈɑfʲ
наследной	nasɭʲˈednʌj
создателю	sʌzdˈɑtʲiɭʲu
похожих	pʌxˈoʒyx
бросков	brʌskˈof
девятисот	dʲivʲʌtʲisˈot
умножаются	umnʌʒˈɑjutsʌ
усилением	usʲiɭʲˈenʲijim
опознаватель	ʌpʌznˈɑvʌtʲilʲ
усилению	usʲiɭʲˈenʲiju
спрашивала	sprˈɑʃyvʌɭa
дорогого	dʌrʌɡˈovʌ
дешёвого	dʲiʃˈovʌvʌ
выдуман	vˈydumʌn
дешева	dʲˈeʃyva
заморская	zamˈorskʌja
деревенским	dʲirʲivʲˈenskʲim
вечных	vʲˈetʃʲnyx
мерах	mʲˈerʌx
девятьсот	dʲivʲatʲsˈot
сравнений	sravnʲˈenʲij
лазейки	ɭaʑˈejkʲɪ
рунник	runnʲˈik
сбрасывают	zbrˈɑsyvʌjut
вытягивание	vytʲˈɑɡʲivʌnʲijɪ
восемьсот	vʌsʲimʲsˈot
дальностью	dˈɑɭʲnʌstʲjju
радиусом	rˈɑdʲiusʌm
откатом	ʌtkˈɑtʌm
исцеления	ɪstsyɭʲˈenʲija
отбора	ʌdbˈora
помечено	pʌmʲˈetʃʲinʌ
годных	ɡˈodnyx
четвёрок	tʃʲitvʲˈɵrʌk
переделам	pʲirʲidʲˈeɭʌm
уцелевшая	utsyɭʲˈefʃʌja
спасёт	spasʲˈɵt
сожжена	sʌʒʒynˈɑ
глубоким	ɡɭubˈokʲim
дефицитом	dʲifʲitsˈytʌm
возню	vʌʑnʲˈu
отстроятся	ʌtstrˈojatsʌ
прибавились	prʲibˈɑvʲiɭʲisʲ
такты	tˈɑkty
каков	kakˈof
адресом	ˈɑdrʲisʌm
зевом	ʑˈevʌm
подбор	pʌdbˈor
разряда	razrʲˈɑda
наказанной	nakˈɑzʌnnʌj
отношений	ʌtnʌʃˈɛnʲij
секретов	sʲikrʲˈetʌf
разведки	razvʲˈetkʲɪ
выплавить	vˈypɭʌvʲitʲ
переплетаются	pʲirʲipɭʲitˈɑjutsʌ
клеёного	kɭʲiˈɵnʌvʌ
деревообрабатывающей	dʲirʲivʌʌbrabˈɑtyvʌjuɕij
алхимическом	aɭximʲˈitʃʲiskʌm
концентрате	kʌntsyntrˈɑtʲi
гладилкой	ɡɭadʲˈiɭkʌj
именном	ɪmʲinnˈom
мерки	mʲˈerkʲɪ
разном	rˈɑznʌm
реликтовая	rʲiɭʲˈiktʌvʌja
возможной	vʌzmˈoʒnʌj
первородная	pʲirvʌrˈodnʌja
реликтовых	rʲiɭʲˈiktʌvyx
первородных	pʲirvʌrˈodnyx
запредельную	zʌprʲidʲˈeɭʲnuju
оставленного	ʌstˈɑvɭʲinnʌvʌ
пятнадцатого	pʲatnˈɑttsʌtʌvʌ
крепит	krʲˈepʲit
удержите	udʲˈerʒytʲi
совместимости	sʌvmʲisʲtʲˈimʌsʲtʲɪ
удаться	udˈɑtsʌ
теснее	tʲisʲnʲˈejɪ
сильных	sʲˈiɭʲnyx
родственных	rˈotstvʲinnyx
вынимает	vynʲimˈɑjit
вживляет	vʒyvɭʲajˈet
побывали	pʌbyvˈɑɭʲɪ
обойдённые	ʌbʌjdʲˈɵnnyjɪ
синергии	sʲinʲˈerɡʲiɪ
стадиях	stˈɑdʲijax
потратите	pʌtrˈɑtʲitʲi
выучили	vˈyutʃʲiɭʲɪ
огненных	ˈoɡnʲinnyx
считано	ɕˈitʌnʌ
разломное	razɭˈomnʌjɪ
попарно	pʌpˈɑrnʌ
духом	dˈuxʌm
пространством	prʌstrˈɑnstvʌm
разумом	rˈɑzumʌm
студят	stˈudʲʌt
качают	katʃʲˈɑjut
нестабильной	nʲistabʲˈiɭʲnʌj
честные	tʃʲˈesnyjɪ
добавит	dʌbˈɑvʲit
притворяться	prʲitvʌrʲˈɑtsʌ
школьных	ʃkˈoɭʲnyx
заставляет	zʌstavɭʲˈɑjit
обезвреживает	ʌbʲizvrʲˈeʒyvʌjit
сжигает	ʒʒyɡˈɑjit
переставляет	pʲirʲistavɭʲˈɑjit
забывает	zʌbyvˈɑjit
сохранится	sʌxranʲˈitsʌ
сотворится	sʌtvʌrʲˈitsʌ
рассыпаться	rassˈypʌtsʌ
запуском	zˈɑpuskʌm
таком-то	takˈomtˈo
звучащие	zvutʃʲˈɑɕijɪ
важности	vˈɑʒnʌsʲtʲɪ
существующий	suɕistvˈujuɕij
сложиться	sɭʌʒˈytsʌ
сбросить	zbrˈosʲitʲ
породить	pʌrʌdʲˈitʲ
фазовая	fˈɑzʌvʌja
смертная	smʲˈertnʌja
реакции	rʲiˈɑktsyɪ
обычными	ʌbˈytʃʲnymʲɪ
шестом	ʃystˈom
стрелой	strʲiɭˈoj
целительная	tsyɭʲˈitʲiɭʲnʌja
скрытная	skrˈytnʌja
управляющая	upravɭʲˈɑjuɕʌja
облегчает	ʌbɭʲixtʃʲˈɑjit
бессмысленных	bʲissmˈysɭʲinnyx
творятся	tvʌrʲˈɑtsʌ
слоями	sɭʌˈjamʲɪ
строился	strˈoiɭsʲʌ
утварью	ˈutvʌrɪjju
письменные	pʲˈisʲmʲinnyjɪ
лихость	ɭʲˈixʌstʲ
строгость	strˈoɡʌstʲ
отнимается	ʌtʲnʲimˈɑjitsʌ
полезно	pʌɭʲˈeznʌ
растить	rasʲtʲˈitʲ
удавшейся	udˈɑfʃyjsʲʌ
проведённого	prʌvʲidʲˈɵnnʌvʌ
биологического	bʲiʌɭʌɡʲˈitʃʲiskʌvʌ
расскажите	rʌsskaʒˈytʲi
спотыкается	spʌtykˈɑjitsʌ
внутренним	vnˈutrʲinnʲim
расходился	rʌsxʌdʲˈiɭsʲʌ
ручку	rˈutʃʲku
уронит	urˈonʲit
честное	tʃʲˈesnʌjɪ
споткнулась	spʌtknˈuɭʌsʲ
забывший	zabˈyfʃyj
лопнувшая	ɭˈopnufʃʌja
упрям	uprʲˈɑm
веселее	vʲisʲiɭʲˈejɪ
вола	vʌɭˈɑ
возницы	vʌʑnʲˈitsy
незадачливого	nʲizadˈɑtʃʲɭʲivʌvʌ
численности	tʃʲˈisɭʲinnʌsʲtʲɪ
поставщику	pʌstʌfɕikˈu
обаянии	ʌbaˈjanʲiɪ
диверсанту	dʲivʲirsˈɑntu
командиру	kʌmandʲˈiru
перевесом	pʲirʲivʲˈesʌm
сдвиге	zdvʲˈiɡʲi
утолённой	utʌɭʲˈɵnnʌj
разведённых	rʌzvʲidʲˈɵnnyx
начертанных	natʃʲˈertʌnnyx
лучник	ɭˈutʃʲnʲik
стоустым	stʌˈustym
задолго	zadˈoɭɡʌ
прорубленных	prʌrˈubɭʲinnyx
штреки	ʃtrʲˈekʲɪ
рудному	rˈudnʌmu
хрустальному	xrustˈɑɭʲnʌmu
костяному	kʌsʲtʲanˈomu
глухому	ɡɭuxˈomu
отдёргиваются	ʌdʲdʲˈɵrɡʲivʌjutsʌ
мутнеют	mutʲnʲˈejut
ступили	stupʲˈiɭʲɪ
возьмите	vʌʑmʲˈitʲi
просматривать	prʌsmˈɑtrʲivʌtʲ
сделанный	ʑdʲˈeɭʌnnyj
стройки	strˈojkʲɪ
посылает	pʌsyɭˈɑjit
вытащите	vˈytʌɕitʲi
дослушивая	dʌsɭuʃˈyvʌja
темнел	tʲimnʲˈeɭ
тяжелела	tʲʌʒyɭʲˈeɭa
ощутимо	ʌɕutʲˈimʌ
страннике	strˈɑnnʲikʲi
сбывать	zbyvˈɑtʲ
промывают	prʌmyvˈɑjut
называя	nʌzyvˈɑja
виной	vʲinˈoj
набирать	nʌbʲirˈɑtʲ
тронуло	trˈonuɭʌ
подешевевший	pʌdʲiʃyvʲˈefʃyj
вмещал	vmʲiɕˈɑɭ
мирного	mʲˈirnʌvʌ
уступчивее	ustˈuptʃʲivʲijɪ
незнакомого	nʲiznakˈomʌvʌ
великому	vʲiɭʲˈikʌmu
доплате	dʌpɭˈɑtʲi
приглушается	prʲiɡɭuʃˈɑjitsʌ
убавляют	ubavɭʲˈɑjut
переключатель	pʲirʲikɭʲutʃʲˈɑtʲilʲ
месячный	mʲˈesʲʌtʃʲnyj
окончательные	ʌkʌntʃʲˈɑtʲiɭʲnyjɪ
запишут	zapʲˈiʃut
изменится	ɪzmʲˈenʲitsʌ
подгоняют	pʌdɡʌnʲˈɑjut
приводят	prʲivˈodʲʌt
дубля	dˈubɭʲʌ
основная	ʌsnʌvnˈɑja
медианную	mʲidʲiˈɑnnuju
частоту	tʃʲʌstʌtˈu
подгоняет	pʌdɡʌnʲˈɑjit
уточняет	utʌtʃʲnʲˈɑjit
неслышное	nʲisɭˈyʃnʌjɪ
форманты	fʌrmˈɑnty
разложено	razɭˈoʒynʌ
смысловой	smysɭʌvˈoj
исторический	ɪstʌrʲˈitʃʲiskʲij
вставлялась	fstavɭʲˈɑɭʌsʲ
хвоста	xvʌstˈɑ
выслушивать	vysɭˈuʃyvʌtʲ
заголовок-пункт	zʌɡʌɭˈovʌkpˈunkt
вставили	fstˈɑvʲiɭʲɪ
нажимать	nʌʒymˈɑtʲ
ухом	ˈuxʌm
набито	nabʲˈitʌ
частями	tʃʲasʲtʲˈɑmʲɪ
предыдущая	prʲidydˈuɕʌja
частях	tʃʲasʲtʲˈɑx
смысловому	smysɭʌvˈomu
массив	masʲsʲˈif
исторически	ɪstʌrʲˈitʃʲiskʲɪ
миллиона	mʲiɭɭʲiˈona
исправлено	ɪsprˈɑvɭʲinʌ
требовалось	trʲˈebʌvʌɭʌsʲ
абсолютных	apsʌɭʲˈutnyx
подобранных	pʌdˈobrʌnnyx
кэши	kˈɛʃy
росли	rʌsɭʲˈɪ
задаётся	zʌdaˈɵtsʌ
списках	spʲˈiskʌx
чешуйчатая	tʃʲiʃˈujtʃʲʌtʌja
основана	ʌsnˈovʌna
гномьи	ɡnˈomʲjɪ
ограниченная	ʌɡranʲˈitʃʲinnʌja
оплачивать	ʌpɭˈɑtʃʲivʌtʲ
земледельческая	ʑimɭʲidʲˈeɭʲtʃʲiskʌja
орочьих	ʌrˈotʃʲjix
проиграла	prʌiɡrˈɑɭa
выиграла	vˈyiɡrʌɭa
негласное	nʲiɡɭˈɑsnʌjɪ
смог	smok
сгнили	zɡnʲˈiɭʲɪ
договорах	dʌɡʌvˈorʌx
возник	vʌʑnʲˈik
купленных	kˈupɭʲinnyx
меховая	mʲixʌvˈɑja
хранительная	xranʲˈitʲiɭʲnʌja
ледники-склады	ɭʲidnʲikʲˈɪskɭˈɑdy
корабельных	kʌrabʲˈeɭʲnyx
затонувшего	zʌtʌnˈufʃyvʌ
выгодной	vˈyɡʌdnʌj
сделкой	ʑdʲˈeɭkʌj
скотоводческая	skʌtʌvˈottʃʲiskʌja
распалась	raspˈɑɭʌsʲ
распад	raspˈɑt
тис	tʲˈis
определены	ʌprʲidʲiɭʲinˈy
ничьими	nʲitʃʲjˈimʲɪ
доходили	dʌxʌdʲˈiɭʲɪ
обсерватория	ʌpsʲirvatˈorʲija
засыпанный	zasˈypʌnnyj
плавке	pɭˈɑfkʲi
доковые	dˈokʌvyjɪ
корабельного	kʌrabʲˈeɭʲnʌvʌ
отливавшая	ʌtɭʲivˈɑfʃʌja
переслушивают	pʲirʲisɭuʃˈyvʌjut
лучшим	ɭˈutʃʲʃym
подданства	pˈoddʌnstva
держателей	dʲirʒˈɑtʲiɭʲij
извозная	ɪzvˈoznʌja
страховка	straxˈofka
углом	uɡɭˈom
закалочная	zakˈɑɭʌtʃʲnʌja
селились	sʲiɭʲˈiɭʲisʲ
диаграмма	dʲiaɡrˈɑmma
вороного	vʌrʌnˈovʌ
переписывания	pʲirʲipʲˈisyvʌnʲija
геометрии	ɡʲiʌmʲˈetrʲiɪ
горский	ɡˈorskʲij
волынщик	vʌɭˈynɕik
узнаваемых	uznavˈɑjimyx
колышутся	kʌɭˈyʃutʲsʲʌ
накатывают	nakˈɑtyvʌjut
стрекочут	strʲikˈotʃʲut
реалистичных	rʲiʌɭʲisʲtʲˈitʃʲnyx
царский	tsˈɑrskʲij
ольховый	ʌɭʲxˈovyj
заревой	zʌrʲivˈoj
оловянный	ʌɭʌvʲˈɑnnyj
гончий	ɡˈontʃʲij
кремнёвый	krʲimnʲˈɵvyj
волок	vʌɭˈok
одинаковая	ʌdʲinˈɑkʌvʌja
царскую	tsˈɑrskuju
вывода	vˈyvʌda
хребту	xrʲiptˈu
проложишь	prʌɭˈoʒyʃ
колея	kʌɭʲiˈja
укатана	ukˈɑtʌna
колёсами	kʌɭʲˈɵsʌmʲɪ
просится	prˈosʲitsʌ
заброшенного	zabrˈoʃynnʌvʌ
зазвучал	zʌzvutʃʲˈɑɭ
заросшая	zarˈoʃʃʌja
луг	ɭˈuk
сбитая	zbʲˈitʌja
широкая	ʃyrˈokʌja
обочина	ʌbˈotʃʲina
пробилась	prʌbʲˈiɭʌsʲ
заросла	zʌrʌsɭˈɑ
листву	ɭʲistvˈu
тоннели	tʌnnʲˈeɭʲɪ
перекинул	pʲirʲikʲˈinuɭ
свёл	svʲˈɵɭ
мелкому	mʲˈeɭkʌmu
обвалился	ʌbvaɭʲˈiɭsʲʌ
рекой	rʲikˈoj
тоннелем	tʌnnʲˈeɭʲim
седловиной	sʲidɭʌvʲˈinʌj
отрезку	ʌtrʲˈesku
тёсаного	tʲˈɵsʌnʌvʌ
навесной	nʌvʲisnˈoj
провалом	prʌvˈɑɭʌm
каньона	kanjˈɵna
выложено	vˈyɭʌʒynʌ
разрушенный	razrˈuʃynnyj
переходить	pʲirʲixʌdʲˈitʲ
седловину	sʲidɭʌvʲˈinu
замеру	zamʲˈeru
полтораста	pʌɭtʌrˈɑsta
раздай	razdˈɑj
отрезкам	ʌtrʲˈeskʌm
сменяющих	smʲinʲˈɑjuɕix
гряды	ɡrʲadˈy
отсёк	ʌtʲsʲˈɵk
съездами	sjjˈezdʌmʲɪ
пропорционально	prʌpʌrtsyʌnˈɑɭʲnʌ
седой	sʲidˈoj
расколотый	raskˈoɭʌtyj
перст	pʲˈerst
обелиск	ʌbʲiɭʲˈisk
дольмен	dʌɭʲmʲˈen
двадцатая	dvattsˈɑtʌja
родительный	rʌdʲˈitʲiɭʲnyj
уродливым	urˈodɭʲivym
рекиа	rʲikʲˈia
известнее	ɪzvʲˈesnʲijɪ
мгновенен	mɡnʌvʲˈenʲin
изменений	ɪzmʲinʲˈenʲij
слог	sɭˈok
связных	svʲaznˈyx
горных	ɡˈornyx
хребтов	xrʲiptˈof
скрадывалось	skrˈɑdyvʌɭʌsʲ
пятидесяти	pʲatʲˈidʲisʲʌtʲɪ
материки	mʌtʲirʲikʲˈɪ
нагорьям	naɡˈorɪjjam
величин	vʲiɭʲitʃʲˈin
переходные	pʲirʲixˈodnyjɪ
редколесьем	rʲitkʌɭʲˈesʲjjim
степью	sʲtʲˈepjju
полупустыней	pʌɭupustˈynʲij
биомами	bʲiˈomʌmʲɪ
складчатый	skɭˈɑttʃʲʌtyj
посчитаны	pʌɕˈitʌny
квантилям	kvantʲˈiɭʲʌm
точностью	tˈotʃʲnʌstʲjju
сглаживание	zɡɭˈɑʒyvʌnʲijɪ
частот	tʃʲastˈot
рябь	rʲˈɑpʲ
непрерывны	nʲiprʲirˈyvny
стыкуются	stykˈujutsʌ
встык	fstˈyk
краёв	kraˈɵf
холодно	xˈoɭʌdnʌ
близ	bɭʲˈis
квантили	kvantʲˈiɭʲɪ
посчитанные	pʌɕˈitʌnnyjɪ
пену	pʲˈenu
рифовая	rʲˈifʌvʌja
озёрный	ʌʑˈɵrnyj
перешейки	pʲirʲiʃˈɛjkʲɪ
рассыпаны	rassˈypʌny
хвойный	xvˈojnyj
лиственный	ɭʲˈistvʲinnyj
прогалины	prʌɡˈɑɭʲiny
джунгли	dʒˈunɡɭʲɪ
душно	dˈuʃnʌ
зелено	ʑˈeɭʲinʌ
хлюпает	xɭʲˈupʌjit
вразброс	vrazbrˈos
полыни	pʌɭˈynʲɪ
саванна	savˈɑnna
жаркая	ʒˈɑrkʌja
плоской	pɭˈoskʌj
кроной	krˈonʌj
луга	ɭˈuɡa
насекомых	nʌsʲikˈomyx
карликовый	kˈɑrɭʲikʌvyj
гнуть	ɡnˈutʲ
погибший	pʌɡʲˈipʃyj
угадываются	uɡˈɑdyvʌjutsʌ
плитняк	pɭʲitʲnʲˈɑk
голо	ɡˈoɭʌ
горячо	ɡʌrʲatʃʲˈo
полупустыня	pʌɭupustˈynʲʌ
клочками	kɭʌtʃʲkˈɑmʲɪ
грядой	ɡrʲadˈoj
высокогорье	vysʌkʌɡˈorɪjjɪ
каньон	kanjˈɵn
вулканическая	vuɭkanʲˈitʃʲiskʌja
снежный	sʲnʲˈeʒnyj
срывает	sryvˈɑjit
ступаешь	stupˈɑjiʃ
мангры	mˈɑnɡry
низинная	nʲiʑˈinnʌja
источен	ɪstˈotʃʲin
воронки	vʌrˈonkʲɪ
гулкие	ɡˈuɭkʲijɪ
каверны	kavʲˈerny
лавовая	ɭˈɑvʌvʌja
проплавленный	prʌpɭˈɑvɭʲinnyj
гладкий	ɡɭˈɑtkʲij
недоразумению	nʲidʌrʌzumʲˈenʲiju
встречался	fstrʲitʃʲˈɑɭsʲʌ
убрала	ubraɭˈɑ
обнажила	ʌbnaʒˈyɭa
четырёхстах	tʃʲityrʲʌxstˈɑx
нею	nʲˈeju
недостижимы	nʲidʌsʲtʲiʒˈymy
возвратом	vʌzvrˈɑtʌm
рассыпанного	rassˈypʌnnʌvʌ
ужат	uʒˈɑt
освободившееся	ʌsvʌbʌdʲˈifʃyjisʲʌ
срединной	srʲidʲˈinnʌj
ходьбе	xʌdʲbʲˈe
заглушает	zʌɡɭuʃˈɑjit
тонкими	tˈonkʲimʲɪ
извилистыми	ɪzvʲˈiɭʲistymʲɪ
вьётся	vjˈɵtsʌ
ветвится	vʲitvʲˈitsʌ
влажных	vɭˈɑʒnyx
редеют	rʲidʲˈejut
низинах	nʲiʑˈinʌx
низинном	nʲiʑˈinnʌm
карсте	kˈɑrsʲtʲi
низине	nʲiʑˈinʲi
зерне	ʑirnʲˈe
присвоен	prʲisvˈojin
здешнего	ʑdʲˈeʃnʲivʌ
обвалившегося	ʌbvaɭʲˈifʃyvʌsʲʌ
клан-хранитель	kɭˈɑŋxranʲˈitʲilʲ
распределены	rʌsprʲidʲiɭʲinˈy
разомкнутым	razˈomknutym
вытянутых	vˈytʲʌnutyx
восходит	vʌsxˈodʲit
солнце	sˈoɭntsy
исцеляют	ɪstsyɭʲˈɑjut
данное	dˈɑnnʌjɪ
выковал	vˈykʌvʌɭ
гвоздей	ɡvʌʑdʲˈej
прибил	prʲibʲˈiɭ
улетело	uɭʲitʲˈeɭʌ
недоделанной	nʲidʌdʲˈeɭʌnnʌj
двуликая	dvuɭʲˈikʌja
оборотни	ˈobʌrʌtʲnʲɪ
полумесяца	pʌɭumʲˈesʲʌtsa
обменяла	ʌbmʲinʲˈɑɭa
перекричит	pʲirʲikrʲitʃʲˈit
промолчали	prʌmʌɭtʃʲˈɑɭʲɪ
молниями	mˈoɭnʲijamʲɪ
высокие	vysˈokʲijɪ
упрямства	uprʲˈɑmstva
сокрушительной	sʌkruʃˈytʲiɭʲnʌj
собрала	sʌbraɭˈɑ
вылила	vˈyɭʲiɭa
слезу	sɭʲˈezu
пополняется	pʌpʌɭnʲˈɑjitsʌ
осушать	ʌsuʃˈɑtʲ
пятилистник	pʲʌtʲiɭʲˈisnʲik
пня	pnʲˈɑ
спала	spˈɑɭa
проснувшись	prʌsnˈufʃysʲ
обнаружила	ʌbnarˈuʒyɭa
дополнительную	dʌpʌɭnʲˈitʲiɭʲnuju
срубить	srubʲˈitʲ
углями	ˈuɡɭʲʌmʲɪ
слепил	sɭʲipʲˈiɭ
мёртвого	mʲˈɵrtvʌvʌ
воры	vˈory
овал	ʌvˈɑɭ
украла	ukrˈɑɭa
надела	nadʲˈeɭa
заключённый	zʌkɭʲutʃʲˈɵnnyj
заключённым	zʌkɭʲutʃʲˈɵnnym
завязанная	zavʲˈɑzʌnnʌja
загадками	zaɡˈɑtkʌmʲɪ
клясться	kɭʲˈɑstsʌ
прошлым	prˈoʃɭym
терпеливый	tʲirpʲiɭʲˈivyj
землетрясения	ʑimɭʲitrʲasʲˈenʲija
мастером	mˈɑsʲtʲirʌm
неоплаченным	nʲiʌpɭˈɑtʃʲinnym
закрытая	zakrˈytʌja
когда-либо	kʌɡdˈɑɭʲˈibʌ
тревожить	trʲivˈoʒytʲ
бога-покровителя	bˈoɡapʌkrʌvʲˈitʲiɭʲʌ
рельефы	rʲiɭjjˈefy
поймы	pˈojmy
выстроили	vˈystrʌiɭʲɪ
смешанная	smʲˈeʃʌnnʌja
пойм	pˈojm
наследные	nasɭʲˈednyjɪ
короли	kʌrʌɭʲˈɪ
ограниченные	ʌɡranʲˈitʃʲinnyjɪ
советами	sʌvʲˈetʌmʲɪ
караулы	kʌraˈuɭy
мирятся	mʲˈirʲʌtsʌ
жалование	ʒˈɑɭʌvʌnʲijɪ
вылепил	vˈyɭʲipʲiɭ
рассказывал	rasskˈɑzyvʌɭ
людских	ɭʲutskʲˈix
плохими	pɭʌxˈimʲɪ
союзниками	sʌˈjuʑnʲikʌmʲɪ
тисовые	tʲˈisʌvyjɪ
предпочитают	prʲitpʌtʃʲitˈɑjut
старейшин	starʲˈejʃyn
принятым	prʲˈinʲʌtym
лесорубами	ɭʲisʌrˈubʌmʲɪ
сражения	sraʒˈɛnʲija
засад	zasˈɑt
уснула	usnˈuɭa
эльфами	ˈɛɭʲfʌmʲɪ
корнях	kʌrnʲˈɑx
письменностью	pʲˈisʲmʲinnʌstʲjju
родословную	rʌdʌsɭˈovnuju
долговую	dʌɭɡʌvˈuju
горнодобывающая	ɡʌrnʌdʌbyvˈɑjuɕʌja
кредит	krʲidʲˈit
гномьих	ɡnˈomʲjix
расплатятся	raspɭˈɑtʲʌtsʌ
пробило	prʌbʲˈiɭʌ
выгнал	vˈyɡnʌɭ
высокогорья	vysʌkʌɡˈorɪjja
презирают	prʲiʑirˈɑjut
назначает	nʌznatʃʲˈɑjit
откочёвывают	ʌtkʌtʃʲˈɵvyvʌjut
заключаются	zʌkɭʲutʃʲˈɑjutsʌ
ущелье	uɕˈeɭjjɪ
родились	rʌdʲˈiɭʲisʲ
ломят	ɭˈomʲʌt
главным	ɡɭˈɑvnym
достижением	dʌsʲtʲiʒˈɛnʲijim
фермерская	fʲˈermʲirskʌja
сыры	syrˈy
старост	stˈɑrʌst
спорные	spˈornyjɪ
уцелели	utsyɭʲˈeɭʲɪ
узелок	uʑiɭˈok
обедом	ʌbʲˈedʌm
крошек	krˈoʃyk
пригласили	prʲiɡɭasʲˈiɭʲɪ
свежее	svʲiʒˈɛjɪ
заброшенным	zabrˈoʃynnym
штольням	ʃtˈoɭʲnʲʌm
подорожным	pʌdʌrˈoʒnym
ямам	ˈjamʌm
барахолочная	bʌraxˈoɭʌtʃʲnʌja
поделки	pʌdʲˈeɭkʲɪ
удачливого	udˈɑtʃʲɭʲivʌvʌ
главаря	ɡɭʌvarʲˈɑ
неудачного	nʲiudˈɑtʃʲnʌvʌ
налёта	naɭʲˈɵta
хлам	xɭˈɑm
налёты	naɭʲˈɵty
объявляла	ʌbjjavɭʲˈɑɭa
подписывать	pʌtpʲˈisyvʌtʲ
рассмеялась	rʌssmʲiˈjaɭʌsʲ
кривых	krʲivˈyx
ногах	nʌɡˈɑx
древнейший	drʲivnʲˈejʃyj
пошлинная	pˈoʃɭʲinnʌja
каменоломни	kʌmʲinʌɭˈomnʲɪ
ошибаются	ʌʃybˈɑjutsʌ
выступают	vystupˈɑjut
обрушивают	ʌbrˈuʃyvʌjut
огромный	ʌɡrˈomnyj
подмастерьями	pʌdmasʲtʲˈerɪjjamʲɪ
артельная	artʲˈeɭʲnʌja
обвалами	ʌbvˈɑɭʌmʲɪ
ловушками	ɭʌvˈuʃkʌmʲɪ
уронил	urʌnʲˈiɭ
шерстью	ʃˈɛrstʲjju
вожаков	vʌʒakˈof
охоте	ʌxˈotʲi
проводников	prʌvʌdnʲikˈof
корзины	kʌrʑˈiny
перепутались	pʲirʲipˈutʌɭʲisʲ
кочуют	kʌtʃʲˈujut
скалам	skˈɑɭʌm
собственностью	sˈopstvʲinnʌstʲjju
курьерская	kurɪjjˈerskʌja
добывающая	dʌbyvˈɑjuɕʌja
яиц	jaˈits
раковин	rˈɑkʌvʲin
матерей	mʌtʲirʲˈej
улететь	uɭʲitʲˈetʲ
раковины	rˈɑkʌvʲiny
лоцманство	ɭʌtsmˈɑnstvʌ
аракокрами	arakˈokrʌmʲɪ
подарил	pʌdarʲˈiɭ
кланяться	kɭˈɑnʲʌtsʌ
приближение	prʲibɭʲiʒˈɛnʲijɪ
города-лабиринты	ɡʌrˈodaɭʌbʲirʲˈinty
провожатого	prʌvʌʒˈɑtʌvʌ
добровольной	dʌbrʌvˈoɭʲnʌj
жертвой	ʒˈɛrtvʌj
каменотёсная	kʌmʲinʌtʲˈɵsnʌja
арендная	arʲˈendnʌja
избираемый	ɪzbʲirˈɑjimyj
кандидат	kʌndʲidˈɑt
лабиринт	ɭʌbʲirʲˈint
наёмная	naˈɵmnʌja
пехота	pʲixˈota
запер	zˈɑpʲir
степные	sʲtʲipnˈyjɪ
признающие	prʲiznaˈjuɕijɪ
табунная	tabˈunnʌja
молочные	mʌɭˈotʃʲnyjɪ
продукты	prʌdˈukty
кобылицы	kʌbyɭʲˈitsy
скаку	skakˈu
совершают	sʌvʲirʃˈɑjut
распахивает	raspˈɑxivʌjit
заключили	zʌkɭʲutʃʲˈiɭʲɪ
полосе	pʌɭʌsʲˈe
пастбищ	pˈɑsdbʲiɕ
гнался	ɡnˈɑɭsʲʌ
оседлать	ʌsʲidɭˈɑtʲ
догнав	dʌɡnˈɑf
сросся	srˈosʲsʲʌ
восторга	vʌstˈorɡa
рождению	rʌʒdʲˈenʲiju
обращённые	ʌbraɕˈɵnnyjɪ
затмения	zatmʲˈenʲija
егерская	jˈeɡʲirskʌja
лунным	ɭˈunnym
принимаются	prʲinʲimˈɑjutsʌ
охотниками	ʌxˈotʲnʲikʌmʲɪ
жрецами	ʒrʲitsˈɑmʲɪ
надел	nadʲˈeɭ
срубленное	srˈubɭʲinnʌjɪ
дарственная	dˈɑrstvʲinnʌja
обещаниями	ʌbʲiɕˈɑnʲijamʲɪ
услугами	usɭˈuɡʌmʲɪ
рощевой	rʌɕˈevʌj
голосуют	ɡʌɭʌsˈujut
закрываться	zʌkryvˈɑtsʌ
заблудившаяся	zʌbɭudʲˈifʃʌjasʲʌ
дриада	drʲiˈɑda
уговора	uɡʌvˈora
фее	fʲˈejɪ
принятая	prʲˈinʲʌtʌja
понятой	pʌnʲˈɑtʌj
любезности	ɭʲubʲˈeznʌsʲtʲɪ
заклинательная	zʌkɭʲinˈɑtʲiɭʲnʌja
понятие	pʌnʲˈɑtʲijɪ
временам	vrʲimʲinˈɑm
длятся	dɭʲˈɑtsʌ
сезону	sʲizˈonu
втягивают	ftʲˈɑɡʲivʌjut
расправили	rasprˈɑvʲiɭʲɪ
аукнется	aˈuknʲitsʌ
прибрежные	prʲibrʲˈeʒnyjɪ
помнящие	pˈomnʲʌɕijɪ
матери	mˈɑtʲirʲɪ
браконьеров	brʌkʌnjjˈerʌf
конкурентов	kʌnkurʲˈentʌf
вольными	vˈoɭʲnymʲɪ
островами	ʌstrʌvˈɑmʲɪ
улова	uɭˈova
разрешила	rʌzrʲiʃˈyɭa
дочерям	dʌtʃʲirʲˈɑm
запретила	zʌprʲitʲˈiɭa
высыхать	vysyxˈɑtʲ
восстанавливаются	vʌsstanˈɑvɭʲivʌjutsʌ
птицелюди	ptʲitsˈɛɭʲudʲɪ
карнизов	karnʲˈizʌf
календарь	kʌɭʲindˈɑrɪ
имперского	ɪmʲpʲˈerskʌvʌ
сигнальные	sʲiɡnˈɑɭʲnyjɪ
наблюдателей	nʌbɭʲudˈɑtʲiɭʲij
прожитых	prˈoʒytyx
помноженное	pʌmnˈoʒynnʌjɪ
послал	pʌsɭˈɑɭ
попытку	pʌpˈytku
пересёк	pʲirʲisʲˈɵk
почту	pˈotʃʲtu
мягкого	mʲˈɑxkʌvʌ
воевавшие	vʌjivˈɑfʃyjɪ
меж	mʲˈeʃ
долетела	dʌɭʲitʲˈeɭa
пережившие	pʲirʲiʒˈyfʃyjɪ
затопления	zʌtʌpɭʲˈenʲija
ил-удобрение	ˈɪɭudʌbrʲˈenʲijɪ
топям	tˈopʲʌm
кладка-клан	kɭˈɑtkakɭˈɑn
вылуплений	vyɭupɭʲˈenʲij
обороняются	ʌbʌrʌnʲˈɑjutsʌ
наступательных	nʌstupˈɑtʲiɭʲnyx
торопиться	tʌrʌpʲˈitsʌ
выкатила	vˈykʌtʲiɭa
терпеливее	tʲirpʲiɭʲˈivʲijɪ
одноглазые	ʌdnʌɡɭˈɑzyjɪ
великаны-кузнецы	vʲiɭʲikˈɑnykuʑnʲitsˈy
островных	ʌstrʌvnˈyx
огромное	ʌɡrˈomnʌjɪ
изделий	ɪʑdʲˈeɭʲij
изделия	ɪʑdʲˈeɭʲija
змеиные	zmʲiˈinyjɪ
законники	zakˈonnʲikʲɪ
колец	kʌɭʲˈets
имперских	ɪmʲpʲˈerskʲix
кодексов	kˈodʲiksʌf
судятся	sˈudʲʌtsʌ
водных	vˈodnyx
правовая	prʌvʌvˈɑja
третейский	trʲitʲˈejskʲij
жрецов-судей	ʒrʲitsˈofsˈudʲij
толкует	tʌɭkˈujit
армий	ˈɑrmʲij
нанимают	nʌnʲimˈɑjut
проигранная	prʌˈiɡrʌnnʌja
проигранной	prʌˈiɡrʌnnʌj
попросила	pʌprʌsʲˈiɭa
потомки	pʌtˈomkʲɪ
подписал	pʌtpʲisˈɑɭ
изгнаны	ˈɪzɡnʌny
ростовщическая	rʌstʌfɕˈitʃʲiskʌja
страхование	strʌxʌvˈɑnʲijɪ
непредвиденного	nʲiprʲidvʲˈidʲinnʌvʌ
дома-договоры	dˈomadʌɡʌvˈory
семье	sʲimʲjjˈe
обязательств	ʌbʲazˈɑtʲiɭʲstf
расписки	raspʲˈiskʲɪ
финансируют	fʲinansʲˈirujut
векселей	vʲiksʲiɭʲˈej
поставила	pʌstˈɑvʲiɭa
рискнёт	rʲisknʲˈɵt
связавшие	svʲazˈɑfʃyjɪ
оазисами	ʌˈɑʑisʌmʲɪ
халифата	xʌɭʲifˈɑta
обязательства	ʌbʲazˈɑtʲiɭʲstva
стихийная	sʲtʲixˈijnʌja
мельниц	mʲˈeɭʲnʲits
сосуды	sʌsˈudy
жарких	ʒˈɑrkʲix
созданные	sˈozdʌnnyjɪ
принадлежащие	prʲinʌdɭʲiʒˈɑɕijɪ
големами	ɡʌɭʲˈemʌmʲɪ
трудовая	trudʌvˈɑja
неутомимая	nʲiutʌmʲˈimʌja
материалом	mʌtʲirʲiˈɑɭʌm
починки	pʌtʃʲˈinkʲɪ
обороне	ʌbʌrˈonʲi
отступают	ʌtstupˈɑjut
печатях	pʲitʃʲˈɑtʲʌx
глиняном	ɡɭʲˈinʲʌnʌm
передвижение	pʲirʲidvʲiʒˈɛnʲijɪ
спускающийся	spuskˈɑjuɕijsʲʌ
вестовая	vʲistˈovʌja
погодная	pʌɡˈodnʌja
бурь	bˈurɪ
воздушная	vʌzdˈuʃnʌja
дирижаблей	dʲirʲiʒˈɑbɭʲij
потоку	pʌtˈoku
соответствует	sʌʌtvʲˈetstvujit
прогнозы	prʌɡnˈozy
уклоняются	ukɭʌnʲˈɑjutsʌ
выдохнулся	vydˈoxnuɭsʲʌ
жерлах	ʒˈɛrɭʌx
печах	pʲitʃʲˈɑx
посредников	pʌsrʲˈednʲikʌf
дворцов	dvʌrtsˈof
огненное	ˈoɡnʲinnʌjɪ
стеклодувное	sʲtʲikɭʌdˈuvnʌjɪ
семьи	sʲˈemʲjɪ
непогасший	nʲipʌɡˈɑʃʃyj
кампаний	kampˈɑnʲij
уголёк	uɡʌɭʲˈɵk
отрастил	ʌtrasʲtʲˈiɭ
причиняют	prʲitʃʲinʲˈɑjut
знаках	znˈɑkʌx
веществе	vʲiɕistvʲˈe
бороды	bʌrˈody
заплетены	zʌpɭʲitʲinˈy
читаемые	tʃʲitˈɑjimyjɪ
резчиков	rʲˈeɕikʌf
руне	rˈunʲi
лишает	ɭʲiʃˈɑjit
выдерживали	vydʲˈerʒyvʌɭʲɪ
наступать	nʌstupˈɑtʲ
произнёс	prʌiʑnʲˈɵs
зачарованные	zʌtʃʲarˈovʌnnyjɪ
похоронил	pʌxʌrʌnʲˈiɭ
исчезнувшие	ɪɕˈeznufʃyjɪ
памятная	pˈɑmʲʌtnʌja
предками	prʲˈetkʌmʲɪ
душевных	duʃˈɛvnyx
шатры	ʃatrˈy
эпические	ɛpʲˈitʃʲiskʲijɪ
рождены	rʌʒdʲinˈy
легионы	ɭʲiɡʲiˈony
военно-податная	vʌjˈennʌpʌdatnˈɑja
чешуйчатые	tʃʲiʃˈujtʃʲʌtyjɪ
выронив	vˈyrʌnʲif
тенями	tʲinʲˈɑmʲɪ
шпионами	ʃpʲiˈonʌmʲɪ
вынос	vˈynʌs
беглецов	bʲiɡɭʲitsˈof
незапертой	nʲizˈɑpʲirtʌj
пережили	pʲirʲiʒˈyɭʲɪ
извержение	ɪzvʲirʒˈɛnʲijɪ
погубившее	pʌɡubʲˈifʃyjɪ
страну	stranˈu
смогли	smʌɡɭʲˌɪ
родины	rˈodʲiny
строительная	strʌˈitʲiɭʲnʌja
дамб	dˈɑmp
завалов	zavˈɑɭʌf
раскалённых	rʌskaɭʲˈɵnnyx
карьерах	kʌrɪjjˈerʌx
нош	nˈoʃ
дамбы	dˈɑmby
доказывать	dʌkˈɑzyvʌtʲ
сожжённым	sʌʒʒˈonnym
упав	upˈɑf
великанами	vʲiɭʲikˈɑnʌmʲɪ
сотрясают	sʌtrʲasˈɑjut
медлят	mʲˈedɭʲʌt
принявшие	prʲinʲˈɑfʃyjɪ
заключать	zʌkɭʲutʃʲˈɑtʲ
каганата	kʌɡanˈɑta
подписанный	pʌtpʲˈisʌnnyj
растает	rastˈɑjit
замораживают	zʌmʌrˈɑʒyvʌjut
вторжением	ftʌrʒˈɛnʲijim
льдов	ɭʲdˈof
откладывают	ʌtkɭˈɑdyvʌjut
коснулась	kʌsnˈuɭʌsʲ
оттаяла	ʌttˈɑjaɭa
поющим	pʌˈjuɕim
сердцем	sʲˈertsym
тоном	tˈonʌm
кристаллидом	krʲistaɭɭʲˈidʌm
резонансная	rʲizʌnˈɑnsnʌja
точные	tˈotʃʲnyjɪ
несогласный	nʲisʌɡɭˈɑsnyj
кристаллида	krʲistˈɑɭɭʲida
оборона	ʌbʌrˈona
застыла	zastˈyɭa
странствуют	strˈɑnstvujut
эфиру	ɛfʲˈiru
смогла	smʌɡɭˌa
проводниковая	prʌvʌdnʲikˈovʌja
застрявших	zastrʲˈɑfʃyx
попутчика	pʌpˈuttʃʲika
якорные	ˈjakʌrnyjɪ
гулять	ɡuɭʲˈɑtʲ
сородичей	sʌrˈodʲitʃʲij
уйдя	ujdʲˈɑ
приливом	prʲiɭʲˈivʌm
лунном	ɭˈunnʌm
радуются	rˈɑdujutsʌ
предсказательная	prʲitskazˈɑtʲiɭʲnʌja
гороскопы	ɡʌrʌskˈopy
пророческий	prʌrˈotʃʲiskʲij
предсказания	prʲitskazˈɑnʲija
заканчивали	zakˈɑntʃʲivʌɭʲɪ
чьи-либо	tʃʲjˈɪɭʲˈibʌ
посмотрела	pʌsmʌtrʲˈeɭa
увидела	uvʲˈidʲiɭa
предсказывают	prʲitskˈɑzyvʌjut
возрождаются	vʌzrʌʒdˈɑjutsʌ
обрядовая	ʌbrʲˈɑdʌvʌja
коронациях	kʌrʌnˈɑtsyjax
одиночки	ʌdʲinˈotʃʲkʲɪ
феникса	fʲˈenʲiksa
пообещал	pʌʌbʲiɕˈɑɭ
выполнять	vypʌɭnʲˈɑtʲ
смертельный	smʲirtʲˈeɭʲnyj
сотканы	sˈotkʌny
посланы	pˈosɭʌny
засвидетельствовать	zʌsvʲidʲˈetʲiɭʲstvʌvʌtʲ
нерушимым	nʲiruʃˈymym
приглашают	prʲiɡɭaʃˈɑjut
свидетельская	svʲidʲˈetʲiɭʲskʌja
скрепление	skrʲipɭʲˈenʲijɪ
неизлечимого	nʲiizɭʲitʃʲˈimʌvʌ
бойню	bˈojnʲu
пастыри	pˈɑstyrʲɪ
привычном	prʲivˈytʃʲnʌm
смысле	smˈysɭʲi
древесину	drʲivʲisʲˈinu
смениться	smʲinʲˈitsʌ
остановятся	ʌstanˈovʲʌtsʌ
повелевают	pʌvʲiɭʲivˈɑjut
грозовыми	ɡrʌzʌvˈymʲɪ
фронтами	frʌntˈɑmʲɪ
фронтом	frˈontʌm
вирмом	vʲˈirmʌm
сильные	sʲˈiɭʲnyjɪ
раскатом	raskˈɑtʌm
падающих	pˈɑdʌjuɕix
обрезать	ʌbrʲˈezʌtʲ
заплетать	zʌpɭʲitˈɑtʲ
судьбенная	sudʲbʲˈennʌja
распутывание	rʌsputˈyvʌnʲijɪ
незаконченным	nʲizakˈontʃʲinnym
отказываются	ʌtkˈɑzyvʌjutsʌ
изгоняли	ɪzɡʌnʲˈɑɭʲɪ
разорвал	rʌzʌrvˈɑɭ
пробуждаясь	prʌbuʒdˈɑjasʲ
летописях	ɭʲˈetʌpʲisʲʌx
обозначены	ʌbʌznˈɑtʃʲiny
предыдущих	prʲidydˈuɕix
длилась	dɭʲˈiɭʌsʲ
стёрла	sʲtʲˈɵrɭa
глубокую	ɡɭubˈokuju
прошедшем	prʌʃˈɛtʃym
рискнула	rʲisknˈuɭa
веку	vʲˈeku
записывать	zapʲˈisyvʌtʲ
обменивают	ʌbmʲinʲˈivʌjut
хроносец	xrʌnʌsʲˈets
утраченного	utrˈɑtʃʲinnʌvʌ
несбывшееся	nʲizbˈyfʃyjisʲʌ
участвуют	utʃʲˈɑstvujut
изменит	ɪzmʲˈenʲit
ума	umˈɑ
хроносцем	xrʌnˈostsym
изучают	ɪzutʃʲˈɑjut
наблюдении	nʌbɭʲudʲˈenʲiɪ
наблюдателями	nʌbɭʲudˈɑtʲiɭʲʌmʲɪ
расплачиваются	raspɭˈɑtʃʲivʌjutsʌ
говорящее	ɡʌvʌrʲˈɑɕijɪ
пустотника	pustˈotʲnʲika
впечатления	fpʲitʃʲatɭʲˈenʲija
посмотрело	pʌsmʌtrʲˈeɭʌ
укрывают	ukryvˈɑjut
поднимал	pʌdnʲimˈɑɭ
горизонт	ɡʌrʲizˈont
обходиться	ʌpxʌdʲˈitsʌ
погаснуть	pʌɡˈɑsnutʲ
владеют	vɭadʲˈejut
единогласно	jɪdʲinʌɡɭˈɑsnʌ
обречённым	ʌbrʲitʃʲˈɵnnym
вмешались	vmʲiʃˈɑɭʲisʲ
устали	ustˈɑɭʲɪ
подставили	pʌtstˈɑvʲiɭʲɪ
смертельного	smʲirtʲˈeɭʲnʌvʌ
титана	tʲitˈɑna
указом	ukˈɑzʌm
титан	tʲitˈɑn
отцы	ʌttsˈy
чешуйчатых	tʃʲiʃˈujtʃʲʌtyx
пиком	pʲˈikʌm
законами	zakˈonʌmʲɪ
младшему	mɭˈɑtʃymu
драконью	drakˈonjju
жертвы	ʒˈɛrtvy
прародитель	prʌrʌdʲˈitʲilʲ
разрушительны	rʌzruʃˈytʲiɭʲny
встреченное	fstrʲˈetʃʲinnʌjɪ
помечаются	pʌmʲitʃʲˈɑjutsʌ
уникальные	unʲikˈɑɭʲnyjɪ
версий	vʲˈersʲij
потерялось	pʌtʲirʲˈɑɭʌsʲ
наёмное	naˈɵmnʌjɪ
выросшее	vˈyrʌʃʃyjɪ
скрепляет	skrʲipɭʲˈɑjit
неофициально	nʲiʌfʲitsyˈɑɭʲnʌ
представительство	prʲitstavʲˈitʲiɭʲstvʌ
рассудит	rassˈudʲit
северных	sʲˈevʲirnyx
егерей	jɪɡʲirʲˈej
сгори	zɡʌrʲˈɪ
начни	natʃʲnʲˈɪ
легионами	ɭʲiɡʲiˈonʌmʲɪ
отчитываются	ʌttʃʲˈityvʌjutsʌ
рунных	rˈunnyx
коллегий	kʌɭɭʲˈeɡʲij
нагов-судей	nˈɑɡʌfsˈudʲij
лоцманов	ɭˈotsmʌnʌf
бери	bʲirʲˈɪ
друидов	druˈidʌf
энтов	ˈɛntʌf
имперская	ɪmʲpʲˈerskʌja
лесопилка	ɭʲisʌpʲˈiɭka
прогнозам	prʌɡnˈozʌm
послам	pʌsɭˈɑm
погребальное	pʌɡrʲibˈɑɭʲnʌjɪ
нуждаются	nuʒdˈɑjutsʌ
похоронах	pʌxʌrʌnˈɑx
базовая	bˈɑzʌvʌja
подбирают	pʌdbʲirˈɑjut
добываются	dʌbyvˈɑjutsʌ
выносят	vynˈosʲʌt
концентрата	kʌntsyntrˈɑta
детерминированной	dʲitʲirmʲinʲirˈovʌnnʌj
эпохам	ɛpˈoxʌm
перевалах	pʲirʲivˈɑɭʌx
священных	svʲaɕˈennyx
клятвопреступника	kɭʲʌtvʌprʲistˈupnʲika
водопое	vʌdʌpˈojɪ
колодцах	kʌɭˈottsʌx
союзный	sʌˈjuznyj
династический	dʲinasʲtʲˈitʃʲiskʲij
уния	ˈunʲija
пересобирается	pʲirʲisʌbʲˈirʌjitsʌ
вчерашнюю	ftʃʲirˈɑʃnʲuju
выдерживает	vydʲˈerʒyvʌjit
две-три	dvʲˈetrʲˈɪ
убавляли	ubˈɑvɭʲʌɭʲɪ
фронты	frʌntˈy
вычитать	vytʃʲitˈɑtʲ
улучшает	uɭutʃʲʃˈɑjit
односторонний	ʌdnʌstʌrˈonnʲij
вовне	vʌvnʲˈe
вассала	vassˈɑɭa
вражды	vraʒdˈy
наценки	natsˈɛnkʲɪ
втянутая	ftʲˈɑnutʌja
нелепым	nʲiɭʲˈepym
узнан	ˈuznʌn
узнанный	ˈuznʌnnyj
недружественные	nʲidrˈuʒystvʲinnyjɪ
аресты	arʲˈesty
мерит	mʲˈerʲit
вассалитета	vʌssʌɭʲitʲˈeta
действующие	dʲˈejstvujuɕijɪ
пересчётов	pʲirʲiɕˈɵtʌf
эпохой	ɛpˈoxʌj
вес-вес	vʲˈesvʲˈes
вассалу	vassˈɑɭu
походы	pʌxˈody
произведение	prʌizvʲidʲˈenʲijɪ
перемножения	pʲirʲimnʌʒˈɛnʲija
садилась	sadʲˈiɭʌsʲ
мелком	mʲˈeɭkʌm
втягивает	ftʲˈɑɡʲivʌjit
крайней	krˈɑjnʲij
посредник	pʌsrʲˈednʲik
показали	pʌkazˈɑɭʲɪ
втянул	ftʲanˈuɭ
обваливается	ʌbvˈɑɭʲivʌjitsʌ
перекрывают	pʲirʲikryvˈɑjut
амбары	ambˈɑry
выгорели	vˈyɡʌrʲiɭʲɪ
завалило	zʌvaɭʲˈiɭʌ
карантине	kʌrantʲˈinʲi
морское	mʌrskˈojɪ
завалены	zavˈɑɭʲiny
заказала	zʌkazˈɑɭa
дотянутся	dʌtʲˈɑnutʲsʲʌ
подешевела	pʌdʲiʃyvʲˈeɭa
съестное	sjjisnˈojɪ
выгорел	vˈyɡʌrʲiɭ
стройку	strˈojku
ненадолго	nʲinadˈoɭɡʌ
низкую	nʲˈiskuju
торгуем	tʌrɡˈujim
маршрута	marʃrˈuta
товарная	tʌvˈɑrnʌja
переворачивает	pʲirʲivʌrˈɑtʃʲivʌjit
выгодными	vˈyɡʌdnymʲɪ
сводкой	svˈotkʌj
колебания	kʌɭʲibˈɑnʲija
месяцы	mʲˈesʲʌtsy
летних	ɭʲˈetʲnʲix
седмиц	sʲidmʲˈits
осенью	ˈosʲinjju
производственной	prʌizvˈotstvʲinnʌj
дорожала	dʌrʌʒˈɑɭa
пятнадцатую	pʲatnˈɑttsʌtuju
переключили	pʲirʲikɭʲutʃʲˈiɭʲɪ
решению	rʲiʃˈɛnʲiju
покупал	pʌkupˈɑɭ
выплату	vˈypɭʌtu
обгонит	ʌbɡˈonʲit
заведутся	zʌvʲidˈutʲsʲʌ
вечные	vʲˈetʃʲnyjɪ
народа-соперника	narˈodasʌpʲˈernʲika
расположены	rʌspʌɭˈoʒyny
чужака	tʃʲuʒakˈɑ
желают	ʒyɭˈɑjut
переехала	pʲirʲijˈexʌɭa
накладывалась	nakɭˈɑdyvʌɭʌsʲ
полагалось	pʌɭaɡˈɑɭʌsʲ
утягивал	utʲaɡʲˈivʌɭ
небольшие	nʲibʌɭʲʃˈyjɪ
ограничены	ʌɡranʲˈitʃʲiny
пастуший	pastˈuʃyj
повторено	pʌftʌrʲinˈo
просматривается	prʌsmˈɑtrʲivʌjitsʌ
стужаа	stuʒˈɑa
встречались	fstrʲitʃʲˈɑɭʲisʲ
платил	pɭatʲˈiɭ
бесконечные	bʲiskʌnʲˈetʃʲnyjɪ
нажатием	naʒˈɑtʲijim
вечное	vʲˈetʃʲnʌjɪ
плачу	pɭˈɑtʃʲu
заработать	zʌrabˈotʌtʲ
факторам	fˈɑktʌrʌm
нехватку	nʲixvˈɑtku
попасться	pʌpˈɑstsʌ
поднимала	pʌdnʲimˈɑɭa
переделе	pʲirʲidʲˈeɭʲi
скупать	skupˈɑtʲ
осаждённой	ʌsaʒdʲˈɵnnʌj
перепадает	pʲirʲipˈɑdʌjit
бед	bʲˈet
уязвимость	ujazvʲˈimʌstʲ
состоянии	sʌstʌˈjanʲiɪ
выглядели	vˈyɡɭʲʌdʲiɭʲɪ
добывать	dʌbyvˈɑtʲ
рудной	rˈudnʌj
постоянен	pʌstʌˈjanʲin
запретного	zaprʲˈetnʌvʌ
таможни	tamˈoʒnʲɪ
недородом	nʲidʌrˈodʌm
частая	tʃʲˈɑstʌja
дороговизны	dʌrʌɡʌvʲˈizny
контрабанду	kʌntrabˈɑndu
оценил	ʌtsynʲˈiɭ
уступали	ustupˈɑɭʲɪ
прохожего	prʌxˈoʒyvʌ
запрос	zaprˈos
подешевевшего	pʌdʲiʃyvʲˈefʃyvʌ
заслуженному	zasɭˈuʒynnʌmu
прохожему	prʌxˈoʒymu
незнакомцу	nʲiznakˈomtsu
исправлена	ɪsprˈɑvɭʲina
спорный	spˈornyj
оставляем	ʌstavɭʲˈɑjim
паломничий	pʌɭʌmnʲˈitʃʲij
парами	parˈɑmʲɪ
ночёвкой	nʌtʃʲˈɵfkʌj
перегона	pʲirʲiɡˈona
ходила	xʌdʲˈiɭa
дальними	dˈɑɭʲnʲimʲɪ
стремени	strʲˈemʲinʲɪ
щитах	ɕitˈɑx
шестеро	ʃˈɛsʲtʲirʌ
пешем	pʲˈeʃym
строю	strˈoju
объезд	ʌbjjˈest
провожатыми	prʌvʌʒˈɑtymʲɪ
возы	vˈozy
перегонов	pʲirʲiɡˈonʌf
ответственность	ʌtvʲˈetstvʲinnʌstʲ
воевали	vʌjivˈɑɭʲɪ
целёхонька	tsyɭʲˈɵxʌnʲka
торговала	tʌrɡʌvˈɑɭa
бывало	byvˈɑɭʌ
докладе	dʌkɭˈɑdʲi
доведённая	dʌvʲidʲˈɵnnʌja
застают	zʌstaˈjut
отстраивают	ʌtstraˈivʌjut
выгорела	vˈyɡʌrʲiɭa
забора	zabˈora
выжжена	vˈyʒʒyna
трубы	trˈuby
золы	zʌɭˈy
отстраивается	ʌtstrˈɑivʌjitsʌ
тёсом	tʲˈɵsʌm
выжженного	vˈyʒʒynnʌvʌ
подорожал	pʌdʌrʌʒˈɑɭ
четыреста	tʃʲitˈyrʲista
дешёвая	dʲiʃˈovʌja
дешёвый	dʲiʃˈovyj
квадрата	kvadrˈɑta
расспросы	rassprˈosy
копытами	kʌpˈytʌmʲɪ
фырканьем	fˈyrkʌnjjim
верблюдом	vʲirbɭʲˈudʌm
таблой	tˈɑbɭʌj
табла	tˈɑbɭa
барабана	bʌrabˈɑna
распродан	rasprˈodʌn
проходило	prʌxʌdʲˈiɭʌ
кошелька	kʌʃyɭʲkˈɑ
кошелёк	kʌʃyɭʲˈɵk
везите	vʲiʑˈitʲi
приходила	prʲixʌdʲˈiɭa
вероятнее	vʲirʌˈjatʲnʲijɪ
разложенные	razɭˈoʒynnyjɪ
требованию	trʲˈebʌvʌnʲiju
отключается	ʌtkɭʲutʃʲˈɑjitsʌ
рвущий	rvˈuɕij
зыбь	zˈypʲ
пирсе	pʲˈirsʲi
корпус	kˈorpus
шкоты	ʃkˈoty
канаты	kanˈɑty
булькающая	bˈuɭʲkʌjuɕʌja
основании	ʌsnʌvˈɑnʲiɪ
гитара	ɡʲitˈɑra
сказителя	skaʑˈitʲiɭʲʌ
рояль	rʌˈjalʲ
свирели	svʲirʲˈeɭʲɪ
выданные	vˈydʌnnyjɪ
базар	bazˈɑr
ситар	sʲˈitʌr
заклятья	zakɭʲˈɑtʲjja
челеста	tʃʲiɭʲˈesta
тремоло	trʲˈemʌɭʌ
погони	pʌɡˈonʲɪ
струн	strˈun
тревоге	trʲivˈoɡʲi
замковая	zamkˈovʌja
учтивость	utʃʲtʲˈivʌstʲ
оркестровому	ʌrkʲistrˈovʌmu
деревянному	dʲirʲivʲˈɑnnʌmu
блоку	bɭˈoku
плотницкой	pɭˈotʲnʲitskʌj
струнный	strˈunnyj
ансамбль	ansˈɑmblʲ
сякухати	sʲakˈuxʌtʲɪ
щипок	ɕipˈok
далёкой	daɭʲˈɵkʌj
стада	stˈɑda
далёкая	daɭʲˈɵkʌja
дождевая	dʌʒdʲivˈɑja
пелена	pʲiɭʲinˈɑ
нарастающий	nʌrastˈɑjuɕij
знамением	znamʲˈenʲijim
смычковый	smytʃʲkˈovyj
тревоги	trʲivˈoɡʲɪ
попутная	pʌpˈutnʌja
музыкальная	muzykˈɑɭʲnʌja
шкатулка	ʃkatˈuɭka
спрятанная	sprʲˈɑtʌnnʌja
пиццикато	pʲitstsykˈɑtʌ
крадущегося	kradˈuɕivʌsʲʌ
цыпочках	tsˈypʌtʃʲkʌx
колокольчики	kʌɭʌkˈoɭʲtʃʲikʲɪ
трубчатый	trˈuptʃʲʌtyj
святыни	svʲatˈynʲɪ
пляска	pɭʲˈɑska
указаны	ukˈɑzʌny
взлетает	vzɭʲitˈɑjit
кольчужное	kʌɭʲtʃʲˈuʒnʌjɪ
металлическая	mʲitaɭɭʲˈitʃʲiskʌja
верблюд	vʲirbɭʲˈut
громадный	ɡrʌmˈɑdnyj
свиньи	svʲˈinjɪ
овцы	ˈoftsy
отражён	ʌtraʒˈon
охватывает	ʌxvˈɑtyvʌjit
вздрагивает	vzdrˈɑɡʲivʌjit
колосу	kˈoɭʌsu
бревну	brʲivnˈu
плотницкая	pɭˈotʲnʲitskʌja
вагонетка	vʌɡʌnʲˈetka
костяку	kʌsʲtʲakˈu
громаде	ɡrʌmˈɑdʲi
гоблину	ɡʌbɭʲˈinu
могильной	mʌɡʲˈiɭʲnʌj
героиня	ɡʲirʌˈinʲʌ
героине	ɡʲirʌˈinʲi
лёгком	ɭʲˈɵxkʌm
заглавная	zaɡɭˈɑvnʌja
умирающей	umʲirˈɑjuɕij
торговка	tʌrɡˈofka
копыта	kʌpˈyta
чередование	tʃʲirʲidʌvˈɑnʲijɪ
неважный	nʲivˈɑʒnyj
щиту	ɕitˈu
первее	pʲirvʲˈejɪ
загрузилась	zʌɡruʑˈiɭʌsʲ
звучащий	zvutʃʲˈɑɕij
проигрывания	prʌˈiɡryvʌnʲija
канала	kanˈɑɭa
позиционного	pʌʑitsyˈonnʌvʌ
зазвучит	zʌzvutʃʲˈit
правах	pravˈɑx
провалится	prʌvˈɑɭʲitsʌ
играющий	ɪɡrˈɑjuɕij
дубль	dˈublʲ
выключала	vykɭʲutʃʲˈɑɭa
осечку	ʌsʲˈetʃʲku
вызывала	vyzyvˈɑɭa
порождает	pʌrʌʒdˈɑjit
замолкали	zʌmʌɭkˈɑɭʲɪ
выключаем	vykɭʲutʃʲˈɑjim
загрузилось	zʌɡruʑˈiɭʌsʲ
непрерывная	nʲiprʲirˈyvnʌja
разрешает	rʌzrʲiʃˈɑjit
остановкой	ʌstanˈofkʌj
сводится	svˈodʲitsʌ
прямому	prʲamˈomu
видам	vʲˈidʌm
подхватывается	pʌtxvˈɑtyvʌjitsʌ
дальности	dˈɑɭʲnʌsʲtʲɪ
свёртка	svʲˈɵrtka
размещаются	rʌzmʲiɕˈɑjutsʌ
равна	ravnˈɑ
единицам	jɪdʲinʲˈitsʌm
неслышным	nʲisɭˈyʃnym
ширины	ʃyrʲinˈy
поставке	pʌstˈɑfkʲi
некоторым	nʲˈekʌtʌrym
плоская	pɭˈoskʌja
единицах	jɪdʲinʲˈitsʌx
крутизна	krutʲiznˈɑ
затухания	zʌtuxˈɑnʲija
звуке	zvˈukʲi
съедены	sjjˈedʲiny
погребе	pˈoɡrʲibʲi
гаснущий	ɡˈɑsnuɕij
степени	sʲtʲˈepʲinʲɪ
полюсом	pˈoɭʲusʌm
ранними	rˈɑnnʲimʲɪ
отражениями	ʌtraʒˈɛnʲijamʲɪ
тесных	tʲˈesnyx
твёрдых	tvʲˈɵrdyx
слипается	sɭʲipˈɑjitsʌ
коэффициент	kʌɛffʲitsyjˈent
однополюсного	ʌdnʌpˈoɭʲusnʌvʌ
сглаживания	zɡɭˈɑʒyvʌnʲija
частоте	tʃʲʌstʌtʲˈe
съедаем	sjjidˈɑjim
ранние	rˈɑnnʲijɪ
всплесков	fspɭʲˈeskʌf
близкие	bɭʲˈiskʲijɪ
баня	bˈɑnʲʌ
размеру	razmʲˈeru
растягивает	rasʲtʲˈɑɡʲivʌjit
каморки	kamˈorkʲɪ
подменяется	pʌdmʲinʲˈɑjitsʌ
наезжает	nʌjiʒʒˈɑjit
резкая	rʲˈeskʌja
слушателя	sɭˈuʃʌtʲiɭʲʌ
поднявшегося	pʌdnʲˈɑfʃyvʌsʲʌ
прописывать	prʌpʲˈisyvʌtʲ
отсчитана	ʌtɕˈitʌna
разрастаться	rʌzrastˈɑtsʌ
дублирует	dubɭʲˈirujit
преград	prʲiɡrˈɑt
слушателем	sɭˈuʃʌtʲiɭʲim
источником	ɪstˈotʃʲnʲikʌm
перекрытие	pʲirʲikrˈytʲijɪ
преграждают	prʲiɡraʒdˈɑjut
объёмное	ʌbjˈɵmnʌjɪ
удалился	udaɭʲˈiɭsʲʌ
преграды	prʲiɡrˈɑdy
перекрытием	pʲirʲikrˈytʲijim
акустикой	akˈusʲtʲikʌj
преградой	prʲiɡrˈɑdʌj
прямого	prʲamˈovʌ
основном	ʌsnʌvnˈom
семенем	sʲˈemʲinʲim
говорящими	ɡʌvʌrʲˈɑɕimʲɪ
победные	pʌbʲˈednyjɪ
проигрышные	prˈoiɡryʃnyjɪ
боли	bˈoɭʲɪ
фэнтезийного	fɛntʲiʑˈijnʌvʌ
одноканальные	ʌdnʌkˈɑnʌɭʲnyjɪ
позиционному	pʌʑitsyˈonnʌmu
моно-источник	mˈonʌɪstˈotʃʲnʲik
стереопара	sʲtʲirʲiˈopʌra
мешала	mʲiʃˈɑɭa
полдневный	pʌɭdnʲˈevnyj
пчелиный	ptʃʲiɭʲˈinyj
бык	bˈyk
корова	kʌrˈova
мечника	mʲˈetʃʲnʲika
урожая	urʌʒˈɑja
оземь	ˈoʑimʲ
осадная	ʌsˈɑdnʌja
камнемёта	kʌmnʲimʲˈɵta
выпад	vˈypʌt
окончена	ʌkˈontʃʲina
развеян	razvʲˈejan
всплески	fspɭʲˈeskʲɪ
моделей	mʌdˈɛɭʲij
косяк	kʌsʲˈɑk
отпирается	ʌtpʲirˈɑjitsʌ
ригель	rʲˈiɡʲilʲ
ригеля	rʲˈiɡʲiɭʲʌ
подземную	pʌdʲʑˈemnuju
стволу	stvʌɭˈu
валится	vˈɑɭʲitsʌ
принюхивается	prʲinʲˈuxivʌjitsʌ
лает	ɭˈɑjit
птаха	ptˈɑxa
ветвях	vʲitvʲˈɑx
отворяется	ʌtvʌrʲˈɑjitsʌ
захлопывается	zaxɭˈopyvʌjitsʌ
точным	tˈotʃʲnym
автором	ˈɑftʌrʌm
проектная	prʌˈɛktnʌja
пропущены	prʌpˈuɕiny
падающая	pˈɑdʌjuɕʌja
тик	tʲˈik
гашение	ɡaʃˈɛnʲijɪ
костницу	kʌsnʲˈitsu
авторами	ˈɑftʌrʌmʲɪ
подземельного	pʌdʲʑimʲˈeɭʲnʌvʌ
пофайлово	pʌfˈɑjɭʌvʌ
ссыпаемое	ssypajˈemʌjɪ
предсмертный	prʲitsmʲˈertnyj
отстроили	ʌtstrˈoiɭʲɪ
органный	ʌrɡˈɑnnyj
землеройка	ʑimɭʲirˈojka
ионный	ɪˈonnyj
плазменный	pɭˈɑzmʲinnyj
бездны	bʲˈezny
метеор	mʲitʲiˈor
рыхлого	rˈyxɭʌvʌ
ломкого	ɭˈomkʌvʌ
песку	pʲiskˈu
стеклу	sʲtʲikɭˈu
калитка	kaɭʲˈitka
наигрыш	nˈɑiɡryʃ
вересковые	vʲˈerʲiskʌvyjɪ
усадьбы	usˈɑdʲby
одиночество	ʌdʲinˈotʃʲistvʌ
прибытия	prʲibˈytʲija
сада	sˈɑda
долины	dʌɭʲˈiny
залива	zaɭʲˈiva
проигрышная	prˈoiɡryʃnʌja
челестой	tʃʲiɭʲˈestʌj
путало	pˈutʌɭʌ
сдвигаются	zdvʲiɡˈɑjutsʌ
разбилось	razbʲˈiɭʌsʲ
жаровне	ʒarˈovnʲi
лампада	ɭampˈɑda
тронулся	trˈonuɭsʲʌ
платформа	pɭatfˈorma
вгрызается	vɡryzˈɑjitsʌ
вращаются	vraɕˈɑjutsʌ
насос	nasˈos
крыльчатка	kryɭʲtʃʲˈɑtka
паровая	pʌrʌvˈɑja
лесопилки	ɭʲisʌpʲˈiɭkʲɪ
твёрдому	tvʲˈɵrdʌmu
гребок	ɡrʲibˈok
пловца	pɭʌftsˈɑ
жуёт	ʒuˈɵt
ранен	rˈɑnʲin
выкопан	vˈykʌpʌn
положена	pʌɭˈoʒyna
натянут	natʲˈɑnut
колчана	kʌɭtʃʲˈɑna
воткнулся	vʌtknˈuɭsʲʌ
катапульта	kʌtapˈuɭʲta
клюнула	kɭʲˈunuɭa
раскопать	rʌskʌpˈɑtʲ
закопать	zʌkʌpˈɑtʲ
жаркий	ʒˈɑrkʲij
средней	srʲˈednʲij
дровосека	drʌvʌsʲˈeka
лесосека	ɭʲisʌsʲˈeka
овечий	ʌvʲˈetʃʲij
вращается	vraɕˈɑjitsʌ
перевёрнута	pʲirʲivʲˈɵrnuta
оскал	ʌskˈɑɭ
достиг	dʌsʲtʲˈik
приземление	prʲiʑimɭʲˈenʲijɪ
сломан	sɭˈomʌn
брызги	brˈyzɡʲɪ
копившийся	kʌpʲˈifʃyjsʲʌ
распылился	rʌspyɭʲˈiɭsʲʌ
подменён	pʌdmʲinʲˈɵn
дрогнул	drˈoɡnuɭ
принюхаться	prʲinʲˈuxʌtsʌ
опасного	ʌpˈɑsnʌvʌ
заело	zajˈeɭʌ
окаменение	ʌkʌmʲinʲˈenʲijɪ
чудовищу	tʃʲudˈovʲiɕu
поднявшаяся	pʌdnʲˈɑfʃʌjasʲʌ
ревели	rʲivʲˈeɭʲɪ
кричали	krʲitʃʲˈɑɭʲɪ
стонут	stˈonut
достраивает	dʌstrˈɑivʌjit
гибнет	ɡʲˈibnʲit
третьим	trʲˈetʲjim
оркестровой	ʌrkʲistrˈovʌj
краски	krˈɑskʲɪ
по-птичьи	pˈoptʲˈitʃʲjɪ
хищной	xˈiɕnʌj
шип	ʃˈyp
рычала	rytʃʲˈɑɭa
прекрасно	prʲikrˈɑsnʌ
превращаются	prʲivraɕˈɑjutsʌ
объёмного	ʌbjˈɵmnʌvʌ
ранение	ranʲˈenʲijɪ
злоба	zɭˈoba
торжество	tʌrʒystvˈo
особенное	ʌsˈobʲinnʌjɪ
ползучее	pʌɭzˈutʃʲijɪ
бес	bʲˈes
читателю	tʃʲitˈɑtʲiɭʲu
сложение	sɭʌʒˈɛnʲijɪ
указано	ukˈɑzʌnʌ
формат	fʌrmˈɑt
писком	pʲˈiskʌm
фэнтезийной	fɛntʲiʑˈijnʌj
тембра	tʲˈembra
отрыжка	ʌtrˈyʃka
драм-машины	drˈɑmmaʃˈyny
бродячая	brʌdʲˈɑtʃʲʌja
рыком	rˈykʌm
крепостью	krʲˈepʌstʲjju
подворьем	pʌdvˈorɪjjim
трактирным	traktʲˈirnym
казармой	kazˈɑrmʌj
узнаёшь	uznaˈɵʃ
оттенку	ʌtʲtʲˈenku
шарманкой	ʃarmˈɑnkʌj
откликались	ʌtkɭʲikˈɑɭʲisʲ
отзывалась	ʌdzyvˈɑɭʌsʲ
костром	kʌstrˈom
отличать	ʌtɭʲitʃʲˈɑtʲ
колокольчика	kʌɭʌkˈoɭʲtʃʲika
кипящим	kʲipʲˈɑɕim
вознёй	vʌʑnʲˈɵj
лавкой	ɭˈɑfkʌj
пищал	pʲiɕˈɑɭ
земледелец	ʑimɭʲidʲˈeɭʲits
гроз	ɡrˈos
принятие	prʲinʲˈɑtʲijɪ
покровительства	pʌkrʌvʲˈitʲiɭʲstva
перекликается	pʲirʲikɭʲikˈɑjitsʌ
зазывают	zʌzyvˈɑjut
сценами	stsˈɛnʌmʲɪ
опечаткой	ʌpʲitʃʲˈɑtkʌj
кресалом	krʲisˈɑɭʌm
торгом	tˈorɡʌm
тележки	tʲiɭʲˈeʃkʲɪ
сигналами	sʲiɡnˈɑɭʌmʲɪ
утопь	ˈutʌpʲ
воет	vˈojit
высотным	vysˈotnym
фонов	fˈonʌf
слышишь	sɭˈyʃyʃ
кузницу	kˈuʑnʲitsu
сливались	sɭʲivˈɑɭʲisʲ
ветреные	vʲˈetrʲinyjɪ
якор	ˈjakʌr
чайк	tʃʲˈɑjk
мачт	mˈɑtʃʲt
бухт	bˈuxt
гавань	ɡˈɑvʌnʲ
ное	nˈojɪ
морях	mʌrʲˈɑx
штормах	ʃtʌrmˈɑx
удочки	ˈudʌtʃʲkʲɪ
стайная	stˈɑjnʌja
холодноводная	xʌɭʌdnˈovʌdnʌja
удилище	udʲˈiɭʲiɕi
жемчугом	ʒˈɛmtʃʲuɡʌm
водоём	vʌdʌˈɵm
пресной	prʲˈesnʌj
сидите	sʲidʲˈitʲi
водоёма	vʌdʌˈɵma
милости	mʲˈiɭʌsʲtʲɪ
удочку	ˈudʌtʃʲku
рыболовную	rybʌɭˈovnuju
ждите	ʒdʲˈitʲi
зацеп	zatsˈɛp
дёрнуло	dʲˈɵrnuɭʌ
забрасывайте	zʌbrasˈyvʌjtʲi
среагировал	srʲiaɡʲˈirʌvʌɭ
забросьте	zabrˈosʲtʲi
забросить	zabrˈosʲitʲ
привлекла	prʲivɭʲikɭˈɑ
проверялся	prʌvʲirʲˈɑɭsʲʌ
зашло	zaʃɭˈo
мифологию	mʲifʌɭˈoɡʲiju
устанут	ustˈɑnut
грести	ɡrʲisʲtʲˈɪ
солёную	sʌɭʲˈɵnuju
охотиться	ʌxˈotʲitsʌ
акулы	akˈuɭy
вёсел	vʲˈɵsʲiɭ
моряки	mʌrʲakʲˈɪ
решились	rʲiʃˈyɭʲisʲ
рыбацкие	rybˈɑtskʲijɪ
барки	bˈɑrkʲɪ
отвести	ʌtvʲisʲtʲˈɪ
бортов	bʌrtˈof
сирены	sʲirʲˈeny
подобрали	pʌdʌbrˈɑɭʲɪ
отрицают	ʌtrʲitsˈɑjut
ныряльщики	nyrʲˈɑɭʲɕikʲɪ
флаг	fɭˈɑk
откупаться	ʌtkupˈɑtsʌ
полупираты-полукупцы	pʌɭupʲˈirʌtypʌɭˈukuptsy
грабят	ɡrˈɑbʲʌt
нанимаются	nʌnʲimˈɑjutsʌ
морского	mʌrskˈovʌ
кораблекрушения	kʌrʌbɭʲikruʃˈɛnʲija
гиганты	ɡʲiɡˈɑnty
тактах	tˈɑktʌx
пил	pʲˈiɭ
усвоил	usvˈoiɭ
внутреннему	vnˈutrʲinnʲimu
штормовому	ʃtʌrmʌvˈomu
ледяному	ɭʲidʲanˈomu
льдины	ɭʲdʲˈiny
тёплому	tʲˈɵpɭʌmu
мелководью	mʲiɭkʌvˈodʲjju
глубоководной	ɡɭubʌkʌvˈodnʌj
впадине	fpˈɑdʲinʲi
лот	ɭˈot
магическому	maɡʲˈitʃʲiskʌmu
рывками	ryfkˈɑmʲɪ
уберегло	ubʲirʲiɡɭˈo
пропали	prʌpˈɑɭʲɪ
выпила	vˈypʲiɭa
флаги	fɭˈɑɡʲɪ
вытащенные	vˈytʌɕinnyjɪ
вулканический	vuɭkanʲˈitʃʲiskʲij
вершиной	vʲirʃˈynʌj
летающий	ɭʲitˈɑjuɕij
аномальный	anʌmˈɑɭʲnyj
необитаемый	nʲiʌbʲitˈɑjimyj
цивилизации	tsyvʲiɭʲizˈɑtsyɪ
сол	sˈoɭ
кам	kˈɑm
тум	tˈum
вет	vʲˈet
чай	tʃʲˈɑj
кит	kʲˈit
пен	pʲˈen
гряд	ɡrʲˈɑt
ний	nʲˈij
ун	ˈun
ань	ˈɑnʲ
архипелага	arxipʲiɭˈɑɡa
приставать	prʲistavˈɑtʲ
береговой	bʲirʲiɡʌvˈoj
пират	pʲirˈɑt
встретили	fstrʲˈetʲiɭʲɪ
клинками	kɭʲinkˈɑmʲɪ
пустили	pusʲtʲˈiɭʲɪ
рейда	rʲˈejda
отправили	ʌtprˈɑvʲiɭʲɪ
пополнил	pʌpˈoɭnʲiɭ
летающего	ɭʲitˈɑjuɕivʌ
коралловая	kʌrˈɑɭɭʌvʌja
пёстрые	pʲˈɵstryjɪ
рыбья	rˈybjja
нависшим	navʲˈiʃʃym
кораблекрушение	kʌrʌbɭʲikruʃˈɛnʲijɪ
обросший	ʌbrˈoʃʃyj
ресурсное	rʲisˈursnʌjɪ
усыпано	usˈypʌnʌ
раковинами	rˈɑkʌvʲinʌmʲɪ
кристаллами	krʲistˈɑɭɭʌmʲɪ
гигантов	ɡʲiɡˈɑntʌf
вертится	vʲˈertʲitsʌ
риф	rʲˈif
тактам	tˈɑktʌm
каюте	kaˈjutʲi
уцелела	utsyɭʲˈeɭa
гигант	ɡʲiɡˈɑnt
поглощения	pʌɡɭʌɕˈenʲija
величиной	vʲiɭʲitʃʲinˈoj
морей	mʌrʲˈej
замечено	zamʲˈetʃʲinʌ
наветренной	navʲˈetrʲinnʌj
судне	sˈudnʲi
впились	fpʲiɭʲˈisʲ
перегружен	pʲirʲiɡrˈuʒyn
отстала	ʌtstˈɑɭa
отошёл	ʌtʌʃˈoɭ
вместит	vmʲisʲtʲˈit
смыло	smˈyɭʌ
палубу	pˈɑɭubu
заливает	zʌɭʲivˈɑjit
ушиблись	uʃˈybɭʲisʲ
спущены	spˈuɕiny
раздаётся	rʌzdaˈɵtsʌ
кренится	krʲinʲˈitsʌ
обменялся	ʌbmʲinʲˈɑɭsʲʌ
почтой	pˈotʃʲtʌj
матросов	matrˈosʌf
переваливал	pʲirʲivˈɑɭʲivʌɭ
смывающая	smyvˈɑjuɕʌja
находку	naxˈotku
шквал	ʃkvˈɑɭ
обвисли	ʌbvʲˈisɭʲɪ
наследия	nasɭʲˈedʲija
людское	ɭʲutskˈojɪ
невзлюбил	nʲivzɭʲubʲˈiɭ
аш	ˈɑʃ
бер	bʲˈer
вел	vʲˈeɭ
эл	ˈɛɭ
зеф	ʑˈef
каэ	kˈɑɛ
раг	rˈɑk
тар	tˈɑr
уль	ˈulʲ
фен	fʲˈen
хал	xˈɑɭ
цер	tsˈɛr
юв	ˈjuf
аг	ˈɑk
ин	ˈɪn
етта	jˈetta
ик	ˈɪk
ия	ˈɪja
енн	jˈenn
али	ˈɑɭʲɪ
есса	jˈessa
ог	ˈok
берёз	bʲirʲˈɵs
дубов	dubˈof
речн	rʲˈetʃʲn
злат	zɭˈɑt
солнц	sˈoɭnts
ольх	ˈoɭʲx
ясен	ˈjasʲin
овка	ˈofka
ино	ˈɪnʌ
ово	ˈovʌ
ье	jjˈe
пьяный	pjˈjanyj
отважный	ʌtvˈɑʒnyj
гусь	ɡˈusʲ
грифон	ɡrʲifˈon
ёж	jˈɵʃ
барсук	barsˈuk
погубит	pʌɡˈubʲit
вернутся	vʲirnˈutʲsʲʌ
помяните	pʌmʲanʲˈitʲi
сегодняшним	sʲivˈodnʲʌʃnʲim
потерял	pʌtʲirʲˈɑɭ
отчислен	ʌttʃʲˈisɭʲin
служил	sɭuʒˈyɭ
странствует	strˈɑnstvujit
мечтает	mʲitʃʲtˈɑjit
шалят	ʃaɭʲˈɑt
востоке	vʌstˈokʲi
одарённых	ʌdarʲˈɵnnyx
поговаривают	pʌɡʌvˈɑrʲivʌjut
неинтересно	nʲiintʲirʲˈesnʌ
перелетал	pʲirʲiɭʲitˈɑɭ
наземному	naʑˈemnʌmu
мифология	mʲifʌɭˈoɡʲija
пятам	pʲatˈɑm
обогнала	ʌbʌɡnaɭˈɑ
налогом	naɭˈoɡʌm
тенетник	tʲinʲitʲnʲˈik
запрета	zaprʲˈeta
паутину	pʌutʲˈinu
гоблины-налётчики	ɡˈobɭʲinynaɭʲˈɵttʃʲikʲɪ
изгои	ɪzɡˈoɪ
гоблинские	ɡˈobɭʲinskʲijɪ
барахолки	bʌraxˈoɭkʲɪ
высохла	vˈysʌxɭa
поползла	pʌpʌɭzɭˈɑ
неразумным	nʲirazˈumnym
голодом	ɡˈoɭʌdʌm
позор	pʌzˈor
смывают	smyvˈɑjut
тролли-мостовики	trˈoɭɭʲɪmʌstʌvʲikʲˈɪ
стыдятся	stydʲˈɑtsʌ
попробовавший	pʌprˈobʌvʌfʃyj
сумевший	sumʲˈefʃyj
огров	ˈoɡrʌf
передних	pʲirʲˈednʲix
рядах	rʲadˈɑx
големы-братства	ɡʌɭʲˈemybrˈɑtstva
разбивают	rʌzbʲivˈɑjut
вышедший	vˈyʃytʃyj
погулять	pʌɡuɭʲˈɑtʲ
выкупают	vykupˈɑjut
молодых	mʌɭʌdˈyx
отказавшийся	ʌtkazˈɑfʃyjsʲʌ
карнизы	karnʲˈizy
оплакивать	ʌpɭˈɑkʲivʌtʲ
забыла	zabˈyɭa
разбудить	rʌzbudʲˈitʲ
проснулся	prʌsnˈuɭsʲʌ
обиделся	ʌbʲˈidʲiɭsʲʌ
джиннам	dʒˈynnʌm
законным	zakˈonnym
измерить	ɪzmʲˈerʲitʲ
рухами	ruxˈɑmʲɪ
влетевший	vɭʲitʲˈefʃyj
вылетевший	vˈyɭʲitʲifʃyj
взаимным	vzaˈimnym
ската	skˈɑta
обнаружил	ʌbnarˈuʒyɭ
ушедшим	uʃˈɛtʃym
гостем	ɡˈosʲtʲim
оброс	ʌbrˈos
долетел	dʌɭʲitʲˈeɭ
мотыльницу	mʌtˈyɭʲnʲitsu
подкова	pʌtkˈova
тележный	tʲiɭʲˈeʒnyj
сарай	sarˈɑj
книжная	knʲˈiʒnʌja
обитель	ʌbʲˈitʲilʲ
толкователей	tʌɭkʌvˈɑtʲiɭʲij
целебных	tsyɭʲˈebnyx
хранилось	xranʲˈiɭʌsʲ
предгорьях	prʲidɡˈorɪjjax
подземьях	pʌdʲʑˈemʲjjax
заменить	zʌmʲinʲˈitʲ
серебряную	sʲirʲˈebrʲʌnuju
товарами	tʌvˈɑrʌmʲɪ
слитком	sɭʲˈitkʌm
самоцветом	sʌmʌtsvʲˈetʌm
ледниках	ɭʲidnʲikˈɑx
рыжими	rˈyʒymʲɪ
прожилками	prʌʒˈyɭkʌmʲɪ
зелёные	ʑiɭʲˈɵnyjɪ
потёки	pʌtʲˈɵkʲɪ
серому	sʲˈerʌmu
тусклая	tˈuskɭʌja
мягкая	mʲˈɑxkʌja
жёлтые	ʒˈoɭtyjɪ
зёрна	ʑˈɵrna
голубоватый	ɡʌɭubʌvˈɑtyj
крапчатый	krˈɑptʃʲʌtyj
твёрдый	tvʲˈɵrdyj
пористый	pˈorʲistyj
источила	ɪstʌtʃʲˈiɭa
застывшая	zastˈyfʃʌja
столбами	stʌɭbˈɑmʲɪ
прозрачные	prʌzrˈɑtʃʲnyjɪ
жилкой	ʒˈyɭkʌj
невнятная	nʲivnʲˈɑtnʌja
разве	rˈɑzvʲi
переплавку	pʲirʲipɭˈɑfku
плещется	pɭʲˈeɕitsʌ
голой	ɡˈoɭʌj
неуютно	nʲiuˈjutnʌ
холодит	xʌɭʌdʲˈit
рукавицу	rukavʲˈitsu
полевая	pʌɭʲivˈɑja
годное	ɡˈodnʌjɪ
подстилку	pʌtsʲtʲˈiɭku
целебная	tsyɭʲˈebnʌja
неосторожно	nʲiʌstʌrˈoʒnʌ
съедобные	sjjidˈobnyjɪ
нарост	narˈost
годен	ɡˈodʲin
трут	trˈut
бледная	bɭʲˈednʌja
красивая	krasʲˈivʌja
кислые	kʲˈisɭyjɪ
сладкие	sɭˈɑtkʲijɪ
медовая	mʲidˈovʌja
приторная	prʲˈitʌrnʌja
мёдом	mʲˈɵdʌm
прихвачена	prʲixvˈɑtʃʲina
горькие	ɡˈorɪkʲijɪ
хороша	xʌrʌʃˈɑ
смолистое	smʌɭʲˈistʌjɪ
живицей	ʒyvʲˈitsyj
липнут	ɭʲˈipnut
отскакивает	ʌtskˈɑkʲivʌjit
трухлявое	truxɭʲˈɑvʌjɪ
трухлявый	truxɭʲˈɑvyj
давняя	dˈɑvnʲʌja
трапеза	trˈɑpʲiza
полая	pˈoɭʌja
рогатая	rʌɡˈɑtʌja
витой	vʲitˈoj
крепкий	krʲˈepkʲij
отшлифованная	ʌtʃɭʲifˈovʌnnʌja
перламутровая	pʲirɭamˈutrʌvʌja
повернуть	pʌvʲirnˈutʲ
жемчужная	ʒymtʃʲˈuʒnʌja
обычном	ʌbˈytʃʲnʌm
недостижим	nʲidʌsʲtʲiʒˈym
построению	pʌstrʌjˈenʲiju
значились	znˈɑtʃʲiɭʲisʲ
просились	prʌsʲˈiɭʲisʲ
рождался	rʌʒdˈɑɭsʲʌ
пещерном	pʲiɕˈernʌm
кавернах	kavʲˈernʌx
озёрами	ʌʑˈɵrʌmʲɪ
выпадало	vypadˈɑɭʌ
беден	bʲˈedʲin
отнесли	ʌtʲnʲisɭʲˈɪ
собираемые	sʌbʲirˈɑjimyjɪ
сгущается	zɡuɕˈɑjitsʌ
окаменением	ʌkʌmʲinʲˈenʲijim
неподъёмным	nʲipʌdjˈɵmnym
резцом	rʲistsˈom
внутренняя	vnˈutrʲinnʲʌja
статические	statʲˈitʃʲiskʲijɪ
меняться	mʲinʲˈɑtsʌ
рантайме	rantˈɑjmʲi
опечатки-присваивания	ʌpʲitʃʲˈɑtkʲɪprʲisvˈɑivʌnʲija
этапе	ɛtˈɑpʲi
игровому	ɪɡrʌvˈomu
непреднамеренно	nʲiprʲidnamʲˈerʲinnʌ
исказить	ɪskaʑˈitʲ
справочные	sprˈɑvʌtʃʲnyjɪ
рановник	rʌnʌvnʲˈik
матовые	mˈɑtʌvyjɪ
стебле	sʲtʲibɭʲˈe
узловатый	uzɭʌvˈɑtyj
молочным	mʌɭˈotʃʲnym
соком	sˈokʌm
мохнатый	mʌxnˈɑtyj
жгучий	ʒɡˈutʃʲij
немеет	nʲimʲˈejit
искровник	ɪskrʌvnʲˈik
покрытый	pʌkrˈytyj
инеем	ˈɪnʲijim
отломить	ʌtɭʌmʲˈitʲ
тёплого	tʲˈɵpɭʌvʌ
щипцами	ɕiptsˈɑmʲɪ
вырвать	vˈyrvʌtʲ
вянет	vʲˈɑnʲit
распускается	rʌspuskˈɑjitsʌ
плодами	pɭʌdˈɑmʲɪ
плод	pɭˈot
бледный	bɭʲˈednyj
светогриб	svʲitʌɡrʲˈip
шляпке	ʃɭʲˈɑpkʲi
плеть	pɭʲˈetʲ
пахнущая	pˈɑxnuɕʌja
снежная	sʲnʲˈeʒnʌja
лепестков	ɭʲipʲistkˈof
голом	ɡˈoɭʌm
дыша	dyʃˈɑ
прихватил	prʲixvatʲˈiɭ
дёрнул	dʲˈɵrnuɭ
встречено	fstrʲˈetʃʲinʌ
лечебное	ɭʲitʃʲˈebnʌjɪ
отдохнуло	ʌddʌxnˈuɭʌ
плотной	pɭˈotnʌj
наливаются	nʌɭʲivˈɑjutsʌ
печка	pʲˈetʃʲka
холодок	xʌɭʌdˈok
очищения	ʌtʃʲiɕˈenʲija
маскировки	mʌskʲirˈofkʲɪ
настороженные	nʌstʌrˈoʒynnyjɪ
выведен	vˈyvʲidʲin
изъяном	ɪzjˈjanʌm
нестабилен	nʲistabʲˈiɭʲin
подействовал	pʌdʲˈejstvʌvʌɭ
побочно	pʌbˈotʃʲnʌ
подмешиваются	pʌdmʲiʃˈyvʌjutsʌ
каменеет	kʌmʲinʲˈejit
отправляют	ʌtpravɭʲˈɑjut
потерями	pʌtʲˈerʲʌmʲɪ
переписью	pʲˈerʲipʲisʲjju
сильнейшего	sʲiɭʲnʲˈejʃyvʌ
ранил	rˈɑnʲiɭ
выжил	vˈyʒyɭ
подменой	pʌdmʲˈenʌj
подменяют	pʌdmʲinʲˈɑjut
полководца	pʌɭkʌvˈottsa
осад	ʌsˈɑt
подкапываются	pʌtkˈɑpyvʌjutsʌ
тлеющее	tɭʲˈejuɕijɪ
сжигают	ʒʒyɡˈɑjut
поколениями	pʌkʌɭʲˈenʲijamʲɪ
переговоры	pʲirʲiɡʌvˈory
пустотелых	pustʌtʲˈeɭyx
углах	uɡɭˈɑx
доходила	dʌxʌdʲˈiɭa
торги	tʌrɡʲˈɪ
торгов	tʌrɡˈof
победителю	pʌbʲidʲˈitʲiɭʲu
пересматриваются	pʲirʲismatrʲˈivʌjutsʌ
луну	ɭunˈu
переделом	pʲirʲidʲˈeɭʌm
проигравшего	prʌiɡrˈɑfʃyvʌ
владельцем	vɭadʲˈeɭʲtsym
опусканием	ʌpuskˈɑnʲijim
оказываются	ʌkˈɑzyvʌjutsʌ
проводит	prʌvˈodʲit
оцепление	ʌtsypɭʲˈenʲijɪ
отсечённых	ʌtʲsʲitʃʲˈɵnnyx
обводят	ʌbvʌdʲˈɑt
отсечённые	ʌtʲsʲitʃʲˈɵnnyjɪ
нарушенный	narˈuʃynnyj
украденное	ukrˈɑdʲinnʌjɪ
вскрытая	fskrˈytʌja
прорытый	prʌrˈytyj
гнилью	ɡnʲˈiɭjju
выводка	vˈyvʌtka
съеденный	sjjˈedʲinnyj
смещены	smʲiɕinˈy
империями	ɪmʲpʲˈerʲijamʲɪ
побеждённого	pʌbʲiʒdʲˈɵnnʌvʌ
эпох	ɛpˈox
меньшее	mʲˈenʲʃyjɪ
безымянных	bʲizymʲˈɑnnyx
червоточин	tʃʲirvʌtˈotʃʲin
отражённых	ʌtraʒˈonnyx
набата	nabˈɑta
опущенной	ʌpˈuɕinnʌj
опущенных	ʌpˈuɕinnyx
скобках	skˈopkʌx
спрашивало	sprˈɑʃyvʌɭʌ
экспорта	ˈɛkspʌrta
сойка	sˈojka
мышь	mˈyʃ
коршун	kˈorʃun
визгунья	vʲizɡˈunjja
терзающих	tʲirzaˈjuɕix
пустотелая	pustʌtʲˈeɭʌja
шрама	ʃrˈɑma
плакальщица	pɭˈɑkʌɭʲɕitsa
утопшее	utˈopʃyjɪ
провозвестника	prʌvʌzvʲˈesnʲika
летучий	ɭʲitˈutʃʲij
грызущий	ɡryzˈuɕij
освежёванный	ʌsvʲiʒˈovʌnnyj
пепельнорождённый	pʲipʲiɭʲnʌrʌʒdʲˈɵnnyj
утопшая	utˈopʃʌja
невеста	nʲivʲˈesta
терзающий	tʲirzˈɑjuɕij
шелкопряд	ʃyɭkʌprʲˈɑt
гнилокоронный	ɡnʲiɭʌkˈorʌnnyj
шагающий	ʃaɡˈɑjuɕij
жильнорождённый	ʒyɭʲnʌrʌʒdʲˈɵnnyj
наземная	naʑˈemnʌja
выношена	vˈynʌʃyna
наказанием	nʌkazˈɑnʲijim
общество	ˈopɕistvʌ
иная	ɪnˈɑja
порезанный	pʌrʲˈezʌnnyj
списчик	spʲiɕˈik
копающий	kʌpˈɑjuɕij
подали	pˈodʌɭʲɪ
неудавшейся	nʲiudˈɑfʃyjsʲʌ
углежог	uɡɭʲiʒˈok
доучивается	dʌˈutʃʲivʌjitsʌ
уровням	ˈurʌvnʲʌm
направлениям	nʌpravɭʲˈenʲijam
лёгких	ɭʲˈɵxkʲix
оглушение	ʌɡɭuʃˈɛnʲijɪ
дрёма	drʲˈɵma
летающие	ɭʲitˈɑjuɕijɪ
непохожих	nʲipʌxˈoʒyx
выжженной	vˈyʒʒynnʌj
серединой	sʲirʲidʲˈinʌj
стеклянного	sʲtʲikɭʲˈɑnnʌvʌ
губы	ɡˈuby
зашитые	zaʃˈytyjɪ
правоту	prʌvʌtˈu
гири	ɡʲˈirʲɪ
пробы	prˈoby
скитание	skʲitˈɑnʲijɪ
попутные	pʌpˈutnyjɪ
чёрточек	tʃʲˈɵrtʌtʃʲik
веером	vʲˈejirʌm
враньём	vranjˈɵm
замороженное	zʌmʌrˈoʒynnʌjɪ
сосудах	sʌsˈudʌx
восходом	vʌsxˈodʌm
обвивший	ʌbvʲˈifʃyj
утверждение	utvʲirʒdʲˈenʲijɪ
уцелевшее	utsyɭʲˈefʃyjɪ
звучание	zvutʃʲˈɑnʲijɪ
сохранению	sʌxranʲˈenʲiju
покрову	pʌkrˈovu
уходу	uxˈodu
стойкости	stˈojkʌsʲtʲɪ
отражениям	ʌtraʒˈɛnʲijam
подменам	pʌdmʲˈenʌm
взгляду	vzɡɭʲˈɑdu
корню	kˈornʲu
метено	mʲitʲinˈo
запирает	zʌpʲirˈɑjit
горела	ɡʌrʲˈeɭa
доделал	dʌdʲˈeɭʌɭ
переезд	pʲirʲijˈest
миллионы	mʲiɭɭʲiˈony
тварью	tvˈɑrɪjju
нетронута	nʲitrˈonuta
единожды	jɪdʲˈinʌʒdy
потеряло	pʌtʲirʲˈɑɭʌ
сруб	srˈup
потемнел	pʌtʲimnʲˈeɭ
закопчённых	zʌkʌptʃʲˈɵnnyx
гас	ɡˈɑs
недогоревшие	nʲidʌɡˈorʲifʃyjɪ
вывернутый	vˈyvʲirnutyj
корой	kʌrˈoj
сухую	suxˈuju
плоских	pɭˈoskʲix
складывают	skɭˈɑdyvʌjut
счастье	ɕˈɑstʲjjɪ
туру	tˈuru
выдолблено	vˈydʌɭbɭʲinʌ
дупло	dupɭˈo
заложено	zaɭˈoʒynʌ
летком	ɭʲitkˈom
прошлогодней	prʌʃɭʌɡˈodnʲij
малиной	maɭʲˈinʌj
бежите	bʲiʒˈytʲi
колоде	kʌɭˈodʲi
днище	dnʲˈiɕi
кверху	kvʲˈerxu
проломлен	prʌɭˈomɭʲin
обшивка	ʌpʃˈyfka
выбросило	vˈybrʌsʲiɭʌ
шпангоут	ʃpanɡˈout
кормовой	kʌrmʌvˈoj
банкой	bˈɑnkʌj
рыбака	rybakˈɑ
примятой	prʲimʲˈɑtʌj
квадратом	kvadrˈɑtʌm
отсевом	ʌtʲsʲˈevʌm
зовов	zˈovʌf
выметал	vˈymʲitʌɭ
вдавлены	vdˈɑvɭʲiny
наложены	naɭˈoʒyny
набил	nabʲˈiɭ
корнями	kʌrnʲˈɑmʲɪ
обвязанный	ʌbvʲˈɑzʌnnyj
повязали	pʌvʲazˈɑɭʲɪ
жёрнова	ʒˈornʌva
ручье	rutʃʲjjˈe
скелет	skʲiɭʲˈet
выбеленный	vˈybʲiɭʲinnyj
солнцем	sˈoɭntsym
позвонки	pʌzvʌnkʲˈɪ
ломаются	ɭʌmˈɑjutsʌ
бедро	bʲidrˈo
зубам	zubˈɑm
ручья	rutʃʲjˈja
умывшись	umˈyfʃysʲ
почувствовали	pʌtʃʲˈustvʌvʌɭʲɪ
хвои	xvˈoɪ
муравьи	muravjˈɪ
кислоты	kʲisɭˈoty
наберёшь	nʌbʲirʲˈɵʃ
дождались	dʌʒdaɭʲˈisʲ
обмахнули	ʌbmaxnˈuɭʲɪ
муравьиная	muravjˈinʌja
травника	trʌvnʲikˈɑ
срезано	srʲˈezʌnʌ
слабым	sɭˈɑbym
выброшенного	vˈybrʌʃynnʌvʌ
обкатанная	ʌpkˈɑtʌnnʌja
комля	kˈomɭʲʌ
въелась	vjjˈeɭʌsʲ
цветным	tsvʲitnˈym
пламенем	pɭˈɑmʲinʲim
замшелый	zamʃˈɛɭyj
гербами	ɡʲirbˈɑmʲɪ
свежей	svʲˈeʒyj
краской	krˈɑskʌj
сера	sʲˈera
соскоблили	sʌskʌbɭʲˈiɭʲɪ
нарастёт	nʌrasʲtʲˈɵt
нескоро	nʲiskˈorʌ
жёлтый	ʒˈoɭtyj
серный	sʲˈernyj
обтаявшие	ʌptˈɑjafʃyjɪ
вмёрз	vmʲˈɵrs
корку	kˈorku
взломали	vzɭʌmˈɑɭʲɪ
солят	sˈoɭʲʌt
натёк	natʲˈɵk
блеснуло	bɭʲisnˈuɭʌ
откололась	ʌtkʌɭˈoɭʌsʲ
потраченное	pʌtrˈɑtʃʲinnʌjɪ
остова	ˈostʌva
ускоренный	uskˈorʲinnyj
поживы	pʌʒˈyvy
пограничную	pʌɡranʲˈitʃʲnuju
шагают	ʃaɡˈɑjut
схрона	sxrˈona
непроходимого	nʲiprʌxʌdʲˈimʌvʌ
исправляют	ɪspravɭʲˈɑjut
садиться	sadʲˈitsʌ
скальное	skˈɑɭʲnʌjɪ
убыль	ˈubylʲ
удалением	udaɭʲˈenʲijim
делитель	dʲiɭʲˈitʲilʲ
служила	sɭuʒˈyɭa
предельный	prʲidʲˈeɭʲnyj
отойдя	ʌtʌjdʲˈɑ
околицы	ʌkˈoɭʲitsy
предельных	prʲidʲˈeɭʲnyx
появлялись	pʌjavɭʲˈɑɭʲisʲ
существом	suɕistvˈom
хранения	xranʲˈenʲija
выражается	vyraʒˈɑjitsʌ
хранением	xranʲˈenʲijim
зависимостью	zavʲˈisʲimʌstʲjju
встретите	fstrʲˈetʲitʲi
слыхать	sɭyxˈɑtʲ
водопою	vʌdʌpˈoju
роем	rˈojim
приписаны	prʲipʲˈisʌny
тварям	tvˈɑrʲʌm
зверинцем	zvʲirʲˈintsym
склеивается	skɭʲˈeivʌjitsʌ
необязательные	nʲiʌbʲazˈɑtʲiɭʲnyjɪ
засадник	zasˈɑdnʲik
заставала	zʌstavˈɑɭa
потомство	pʌtˈomstvʌ
коротки	kʌrʌtkʲˈɪ
ручьёв	rutʃʲjˈɵf
дожди	dʌʒdʲˈɪ
зачастили	zʌtʃʲasʲtʲˈiɭʲɪ
нагуливает	nʌɡuɭʲˈivʌjit
холодами	xʌɭʌdˈɑmʲɪ
малая	mˈɑɭʌja
троллиные	trʌɭɭʲˈinyjɪ
деятельна	dʲˈejatʲiɭʲna
грозового	ɡrʌzʌvˈovʌ
ястреба	ˈjastrʲiba
пометка	pʌmʲˈetka
подходящих	pʌtxʌdʲˈɑɕix
обитаемой	ʌbʲitˈɑjimʌj
встречаешь	fstrʲitʃʲˈɑjiʃ
подобрана	pʌdˈobrʌna
логов	ɭˈoɡʌf
присмотром	prʲismˈotrʌm
спрошенной	sprˈoʃynnʌj
надбавкой	nadbˈɑfkʌj
поможет	pʌmˈoʒyt
отсеять	ʌtʲsʲˈejatʲ
считая	ɕitˈɑja
спрошены	sprˈoʃyny
иллюзиониста	ɪɭɭʲuʑiʌnʲˈista
сведённый	svʲidʲˈɵnnyj
званием	zvˈɑnʲijim
мерят	mʲˈerʲʌt
безвестный	bʲizvʲˈesnyj
известный	ɪzvʲˈesnyj
признанный	prʲˈiznʌnnyj
славный	sɭˈɑvnyj
потускнело	pʌtusknʲˈeɭʌ
понижено	pʌnʲˈiʒynʌ
зайдя	zajdʲˈɑ
подорожает	pʌdʌrʌʒˈɑjit
осадой	ʌsˈɑdʌj
затяжная	zʌtʲaʒnˈɑja
новостей	nʌvʌsʲtʲˈej
искажаются	ɪskaʒˈɑjutsʌ
сползают	spʌɭzaˈjut
делаете	dʲˈeɭʌjitʲi
день-было	dʲˈenʲbˌyɭʌ
славой	sɭˈɑvʌj
наступлении	nʌstupɭʲˈenʲiɪ
повернул	pʌvʲirnˈuɭ
открывая	ʌtkryvˈɑja
заводим	zavˈodʲim
четверых	tʃʲitvʲirˈyx
изучает	ɪzutʃʲˈɑjit
адаптивных	adaptʲˈivnyx
обслуживает	ʌpsɭˈuʒyvʌjit
узлах	uzɭˈɑx
интерфейсные	ɪntɛrfˈɛjsnyjɪ
адаптивной	adaptʲˈivnʌj
поглотителю	pʌɡɭʌtʲˈitʲiɭʲu
воспоминания	vʌspʌmʲinˈɑnʲija
пометке	pʌmʲˈetkʲi
хоронил	xʌrʌnʲˈiɭ
встречных	fstrʲˈetʃʲnyx
обществе	ˈopɕistvʲi
пугается	puɡˈɑjitsʌ
трус	trˈus
смелого	smʲˈeɭʌvʌ
добрый	dˈobryj
по-хорошему	pˈoxʌrˈoʃymu
подозрительный	pʌdʌzrʲˈitʲiɭʲnyj
здоровается	zdʌrˈovʌjitsʌ
невыгодно	nʲivˈyɡʌdnʌ
присутствующим	prʲisˈutstvujuɕim
трусливый	trusɭʲˈivyj
смелый	smʲˈeɭyj
фанатичный	fʌnatʲˈitʃʲnyj
рациональный	rʌtsyʌnˈɑɭʲnyj
цифры	tsˈyfry
высокомерный	vysʌkʌmʲˈernyj
ростом	rˈostʌm
сострадательный	sʌstradˈɑtʲiɭʲnyj
жестокий	ʒystˈokʲij
мягкость	mʲˈɑxkʌstʲ
разновидностью	rʌznʌvʲˈidnʌstʲjju
нейтральный	nʲijtrˈɑɭʲnyj
идеалист	ɪdʲiaɭʲˈist
прагматик	praɡmˈɑtʲik
мятежник	mʲatʲˈeʒnʲik
порядков	pʌrʲˈɑtkʌf
традиционалист	trʌdʲitsyʌnaɭʲˈist
отцах	ʌttsˈɑx
манипулятор	mʌnʲipuɭʲˈɑtʌr
поколении	pʌkʌɭʲˈenʲiɪ
пришлый	prʲˈiʃɭyj
беженец	bʲˈeʒynʲits
приграничья	prʲiɡrˈɑnʲitʃʲjja
сирота	sʲirʌtˈɑ
младший	mɭˈɑtʃyj
высокое	vysˈokʌjɪ
знатное	znˈɑtnʌjɪ
внесён	vnʲisʲˈɵn
всяких	fsʲˈɑkʲix
примеры	prʲimʲˈery
старости	stˈɑrʌsʲtʲɪ
одиночестве	ʌdʲinˈotʃʲistvʲi
цехе	tsˈɛxi
внуков	vnˈukʌf
отстроить	ʌtstrˈoitʲ
продержаться	prʌdʲirʒˈɑtsʌ
вырастить	vˈyrʌsʲtʲitʲ
кашель	kˈɑʃylʲ
подвинул	pʌdvʲˈinuɭ
недостача	nʲidʌstˈɑtʃʲʌ
мешающий	mʲiʃˈɑjuɕij
выручки	vˈyrutʃʲkʲɪ
приехавшая	prʲijˈexʌfʃʌja
поджёг	pʌdʒˈok
родню	rʌdnʲˈu
подделал	pʌdʲdʲˈeɭʌɭ
убивали	ubʲivˈɑɭʲɪ
промолчал	prʌmʌɭtʃʲˈɑɭ
повесят	pʌvʲˈesʲʌt
запрещённого	zʌprʲiɕˈɵnnʌvʌ
деде	dʲˈedʲi
прихожан	prʲixʌʒˈɑn
успеет	uspʲˈejit
летах	ɭʲitˈɑx
до-возр	dˈovˈozr
женщина	ʒˈɛnɕina
мужчина	muɕˈina
насторожен	nʌstʌrˈoʒyn
недругов	nʲˈedruɡʌf
коменданта	kʌmʲindˈɑnta
регистр	rʲiɡʲˈistr
титры	tʲˈitry
эльфийским	ɛɭʲfʲˈijskʲim
секунда	sʲikˈunda
женским	ʒˈɛnskʲim
приветственную	prʲivʲˈetstvʲinnuju
имел	ɪmʲˈeɭ
приятель	prʲiˈjatʲilʲ
четвёртому	tʃʲitvʲˈɵrtʌmu
едином	jɪdʲˈinʌm
ложное	ɭˈoʒnʌjɪ
предполагает	prʲitpʌɭaɡˈɑjit
сдержал	ʑdʲirʒˈɑɭ
соврал	sʌvrˈɑɭ
украл	ukrˈɑɭ
оставлял	ʌstavɭʲˈɑɭ
оказал	ʌkazˈɑɭ
по-соседски	pˈosʌsʲˈetskʲɪ
преступил	prʲistupʲˈiɭ
нашей	nˈɑʃyj
выбалтывают	vybˈɑɭtyvʌjut
провокации	prʌvʌkˈɑtsyɪ
бесконечна	bʲiskʌnʲˈetʃʲna
переезжать	pʲirʲijiʒʒˈɑtʲ
вступать	fstupˈɑtʲ
наживать	nʌʒyvˈɑtʲ
погибать	pʌɡʲibˈɑtʲ
находил	nʌxʌdʲˈiɭ
встречам	fstrʲˈetʃʲʌm
строгие	strˈoɡʲijɪ
пожилому	pʌʒyɭˈomu
должники	dʌɭʒnʲikʲˈɪ
разоряются	rʌzʌrʲˈɑjutsʌ
честолюбивые	tʃʲistʌɭʲubʲˈivyjɪ
сменяет	smʲinʲˈɑjit
замуж	zˈɑmuʃ
прибыло	prʲˈibyɭʌ
фанат	fanˈɑt
высок	vysˈok
нажила	nʌʒyɭˈɑ
довело	dʌvʲiɭˈo
разорилась	rʌzʌrʲˈiɭʌsʲ
уех	ˈujix
перебр	pʲˈerʲibr
уехала	ujˈexʌɭa
умерла	umʲirɭˈɑ
родича	rˈodʲitʃʲʌ
знакомстве	znakˈomstvʲi
умереть	umʲirʲˈetʲ
полгода	pʌɭɡˈoda
бессмертны	bʲissmʲˈertny
предшественник	prʲitʃˈɛstvʲinnʲik
соседская	sʌsʲˈetskʌja
складчина	skɭˈɑttʃʲina
супруг	suprˈuk
нынешним	nˈynʲiʃnʲim
отъезда	ʌtjjˈezda
обновится	ʌbnʌvʲˈitsʌ
равнялось	ravnʲˈɑɭʌsʲ
поступка	pʌstˈupka
тускнеют	tusknʲˈejut
цепкая	tsˈɛpkʌja
дырявая	dyrʲˈɑvʌja
уст	ˈust
уста	ustˈɑ
уцелеть	utsyɭʲˈetʲ
раздуться	razdˈutsʌ
стерёгшее	sʲtʲirʲˈɵkʃyjɪ
поверит	pʌvʲˈerʲit
положил	pʌɭʌʒˈyɭ
перебил	pʲirʲibʲˈiɭ
стерегло	sʲtʲirʲiɡɭˈo
убивал	ubʲivˈɑɭ
царапины	tsarˈɑpʲiny
двадцатым	dvattsˈɑtym
дружбу	drˈuʒbu
кое-что	kˈojɪʃto
убивает	ubʲivˈɑjit
разорения	rʌzʌrʲˈenʲija
перешла	pʲirʲiʃɭˈɑ
искажается	ɪskaʒˈɑjitsʌ
раздувается	rʌzduvˈɑjitsʌ
украшают	ukraʃˈɑjut
кривее	krʲivʲˈejɪ
достоверностью	dʌstʌvʲˈernʌstʲjju
нулевая	nuɭʲivˈɑja
верной	vʲˈernʌj
подробностями	pʌdrˈobnʌsʲtʲʌmʲɪ
манипулятивная	mʌnʲipuɭʲˈɑtʲivnʌja
пущена	pˈuɕina
слышится	sɭˈyʃytsʌ
охотой	ʌxˈotʌj
устаревший	ustarʲˈefʃyj
манипулятивный	mʌnʲipuɭʲatʲˈivnyj
подвинуть	pʌdvʲˈinutʲ
воспринимает	vʌsprʲinʲimˈɑjit
отношениям	ʌtnʌʃˈɛnʲijam
догадываются	dʌɡˈɑdyvʌjutsʌ
разносчик	raznˈoɕik
многоуровневая	mnʌɡʌˈurʌvnʲivʌja
уважать	uvaʒˈɑtʲ
презирает	prʲiʑirˈɑjit
скрытым	skrˈytym
продублирована	prʌdubɭʲˈirʌvʌna
ненависть	nʲˈenʌvʲistʲ
решатся	rʲiʃˈɑtʲsʲʌ
настороженность	nʌstʌrˈoʒynnʌstʲ
присматривают	prʲismˈɑtrʲivʌjut
нейтральность	nʲijtrˈɑɭʲnʌstʲ
симпатия	sʲimpˈɑtʲija
собиранием	sʌbʲirˈɑnʲijim
соперники	sʌpʲˈernʲikʲɪ
обнажённым	ʌbnaʒˈonnym
надавить	nʌdavʲˈitʲ
немедленные	nʲimʲˈedɭʲinnyjɪ
кубика	kˈubʲika
объяснимо	ʌbjjasʲnʲˈimʌ
культурная	kuɭʲtˈurnʌja
решаются	rʲiʃˈɑjutsʌ
поклониться	pʌkɭʌnʲˈitsʌ
додумать	dʌdˈumʌtʲ
уточнить	utʌtʃʲnʲˈitʲ
уточнение	utʌtʃʲnʲˈenʲijɪ
переспросить	pʲirʲisprʌsʲˈitʲ
склонить	skɭʌnʲˈitʲ
устроит	ustrˈoit
хитростей	xˈitrʌsʲtʲij
обман	ʌbmˈɑn
спровоцировать	sprʌvʌtsˈyrʌvʌtʲ
отказать	ʌtkazˈɑtʲ
учёта	utʃʲˈɵta
ожесточает	ʌʒystˈotʃʲʌjit
упираются	upʲirˈɑjutsʌ
вызван	vˈyzvʌn
выданы	vˈydʌny
общими	ˈopɕimʲɪ
лезу	ɭʲˈezu
болтают	bʌɭtˈɑjut
соглашается	sʌɡɭaʃˈɑjitsʌ
пожалуй	pʌʒˈɑɭuj
уговаривайте	uɡʌvˈɑrʲivʌjtʲi
ладно	ɭˈɑdnʌ
запомню	zapˈomnʲu
усмехается	usmʲixˈɑjitsʌ
горазды	ɡʌrˈɑzdy
посмотрим	pʌsmˈotrʲim
правотой	prʌvʌtˈoj
думал	dˈumʌɭ
переубеждённый	pʲirʲiubʲiʒdʲˈɵnnyj
морщится	mˈorɕitsʌ
уступлю	ustupɭʲˈu
прищуривается	prʲiɕˈurʲivʌjitsʌ
путаете	pˈutʌjitʲi
приезжие	prʲijˈeʒʒyjɪ
кланяетесь	kɭˈɑnʲʌjitʲisʲ
насмешкой	nasmʲˈeʃkʌj
холодеет	xʌɭʌdʲˈejit
додумывает	dʌdˈumyvʌjit
целую	tsyɭˈuju
договариваете	dʌɡʌvarʲˈivʌjitʲi
день-другой	dʲˈenʲdruɡˈoj
расспросил	rʌssprʌsʲˈiɭ
недосказанное	nʲidʌskˈɑzʌnnʌjɪ
всплыло	fspɭˈyɭʌ
ложную	ɭˈoʒnuju
попался	pʌpˈɑɭsʲʌ
вранье	vranjjˈe
бледнеет	bɭʲidnʲˈejit
убери	ubʲirʲˈɪ
угрожал	uɡrʌʒˈɑɭ
рассказывайте	rasskˈɑzyvʌjtʲi
скрывал	skryvˈɑɭ
провоцируют	prʌvʌtsˈyrujut
жестоким	ʒystˈokʲim
смелым	smʲˈeɭym
рассчитывал	rasɕˈityvʌɭ
произвели	prʌizvʲiɭʲˈɪ
впечатление	fpʲitʃʲatɭʲˈenʲijɪ
говорящего	ɡʌvʌrʲˈɑɕivʌ
заезженности	zʌjiʒʒˈɛnnʌsʲtʲɪ
бесконечного	bʲiskʌnʲˈetʃʲnʌvʌ
безнадёжно	bʲiznadʲˈɵʒnʌ
религиозная	rʲiɭʲiɡʲiˈoznʌja
религии	rʲiɭʲˈiɡʲiɪ
таковой	tʌkʌvˈoj
мифами	mʲˈifʌmʲɪ
учений	utʃʲˈenʲij
дублируют	dubɭʲˈirujut
пожертвования	pʌʒˈɛrtvʌvʌnʲija
вербовать	vʲirbʌvˈɑtʲ
пророчить	prʌrˈotʃʲitʲ
отвечай	ʌtvʲitʃʲˈɑj
берущий	bʲirˈuɕij
спросится	sprˈosʲitsʌ
возжигание	vʌʒʒyɡˈɑnʲijɪ
узлам	uzɭˈɑm
посолонь	pˈosʌɭʌnʲ
поклон	pʌkɭˈon
борозды	bʌrˈozdy
отданного	ˈoddʌnnʌvʌ
снопа	snʌpˈɑ
прощёных	prʌɕˈɵnyx
сложенного	sɭˈoʒynnʌvʌ
ольна	ˈoɭʲna
проронившая	prʌrʌnʲˈifʃʌja
гедда	ɡʲˈedda
считавший	ɕitˈɑfʃyj
ратник	rˈɑtʲnʲik
свен	svʲˈen
отдавший	ʌddˈɑfʃyj
слепая	sɭʲipˈɑja
иста	ˈɪsta
видевшая	vʲˈidʲifʃʌja
зрячих	zrʲˈɑtʃʲix
морн	mˈorn
переписавший	pʲirʲipʲisˈɑfʃyj
кайра	kˈɑjra
выкупившая	vˈykupʲifʃʌja
отрок	ˈotrʌk
тим	tʲˈim
донёсший	dʌnʲˈɵʃʃyj
балд	bˈɑɭt
ковавший	kʌvˈɑfʃyj
пловчиха	pɭʌftʃʲˈixa
нэрра	nˈɛrra
вернувшаяся	vʲirnˈufʃʌjasʲʌ
пастух	pastˈux
ойн	ˈojn
бросивший	brˈosʲifʃyj
хальд	xˈɑɭʲt
смотрительница	smʌtrʲˈitʲiɭʲnʲitsa
рут	rˈut
закрывшая	zakrˈyfʃʌja
запретны	zaprʲˈetny
терпимы	tʲirpʲˈimy
освящены	ʌsvʲʌɕinˈy
крестят	krʲˈesʲtʲʌt
добродетелью	dʌbrʌdʲˈetʲiɭjju
обращать	ʌbraɕˈɑtʲ
торной	tˈornʌj
обещают	ʌbʲiɕˈɑjut
честной	tʃʲisnˈoj
пророчит	prʌrʌtʃʲˈit
масло	mˈɑsɭʌ
пожертвовать	pʌʒˈɛrtvʌvʌtʲ
жертвовать	ʒˈɛrtvʌvʌtʲ
жертве	ʒˈɛrtvʲi
зайдите	zajdʲˈitʲi
доведите	dʌvʲidʲˈitʲi
желает	ʒyɭˈɑjit
прихожане	prʲixʌʒˈɑnʲi
недобро	nʲidˈobrʌ
стравить	stravʲˈitʲ
соперником	sʌpʲˈernʲikʌm
припомнят	prʲipˈomnʲʌt
амвона	amvˈona
встречают	fstrʲitʃʲˈɑjut
святилищах	svʲatʲˈiɭʲiɕʌx
вершинах	vʲirʃˈynʌx
социальные	sʌtsyˈɑɭʲnyjɪ
пекаря	pʲikˈɑrʲʌ
размечен	razmʲˈetʃʲin
дружит	drˈuʒyt
занятий	zanʲˈɑtʲij
подходящее	pʌtxʌdʲˈɑɕijɪ
распорядку	rʌspʌrʲˈɑtku
побеждает	pʌbʲiʒdˈɑjit
мол	mˈoɭ
приятели	prʲiˈjatʲiɭʲɪ
соперн	sˈopʲirn
предат	prʲidˈɑt
предательство	prʲidˈɑtʲiɭʲstvʌ
подал	pˈodʌɭ
симметрична	sʲimmʲitrʲˈitʃʲna
лезть	ɭʲˈesʲtʲ
следовало	sɭʲˈedʌvʌɭʌ
помирили	pʌmʲirʲˈiɭʲɪ
рассорили	rassˈorʲiɭʲɪ
многолюдна	mnʌɡʌɭʲˈudna
подземному	pʌdʲʑˈemnʌmu
поставку	pʌstˈɑfku
отслеживается	ʌtsɭʲˈeʒyvʌjitsʌ
покупай	pʌkupˈɑj
спускайся	spuskˈɑjsʲʌ
бей	bʲˈej
отнесите	ʌtʲnʲisʲˈitʲi
возложите	vʌzɭˈoʒytʲi
знало	znˈɑɭʌ
портальную	pʌrtˈɑɭʲnuju
поместиться	pʌmʲisʲtʲˈitsʌ
поломку	pʌɭˈomku
восковой	vʌskʌvˈoj
назначаю	nʌznatʃʲˈɑju
зачесть	zatʃʲˈestʲ
щурится	ɕˈurʲitsʌ
примеру	prʲimʲˈeru
кивнул	kʲivnˈuɭ
замолчит	zʌmʌɭtʃʲˈit
вставить	fstˈɑvʲitʲ
выточено	vˈytʌtʃʲinʌ
погасшего	pʌɡˈɑʃʃyvʌ
мигнул	mʲiɡnˈuɭ
держави	dʲirʒˈɑvʲɪ
отправляет	ʌtpravɭʲˈɑjit
сборщика	zbˈorɕika
сунул	sˈunuɭ
нужную	nˈuʒnuju
предложить	prʲidɭʌʒˈytʲ
пополам	pʌpʌɭˈɑm
ворчат	vʌrtʃʲˈɑt
соглашаются	sʌɡɭaʃˈɑjutsʌ
восьмидесяти	vʌsʲmʲˈidʲisʲʌtʲɪ
растворился	rʌstvʌrʲˈiɭsʲʌ
зачла	zatʃʲɭˈɑ
отсчитал	ʌtɕitˈɑɭ
чью	tʃʲjˈju
прокатывается	prʌkˈɑtyvʌjitsʌ
различимы	rʌzɭʲitʃʲˈimy
вобрал	vʌbrˈɑɭ
привёл	prʲivʲˈɵɭ
придорожного	prʲidʌrˈoʒnʌvʌ
собрались	sʌbraɭʲˈisʲ
совершить	sʌvʲirʃˈytʲ
совершён	sʌvʲirʃˈon
отвернуться	ʌtvʲirnˈutsʌ
отвернулись	ʌtvʲirnˈuɭʲisʲ
патрулю	pʌtruɭʲˈu
обыскал	ʌbyskˈɑɭ
лазутчиком	ɭazˈuttʃʲikʌm
бредёт	brʲidʲˈɵt
вереница	vʲirʲinʲˈitsa
выжгла	vˈyʒɡɭa
босиком	bʌsʲikˈom
поделиться	pʌdʲiɭʲˈitsʌ
припасами	prʲipˈɑsʌmʲɪ
почтить	pʌtʃʲtʲˈitʲ
склонили	skɭʌnʲˈiɭʲɪ
рыночной	rˈynʌtʃʲnʌj
найдём	najdʲˈɵm
выломал	vˈyɭʌmʌɭ
оставшиеся	ʌstˈɑfʃyjisʲʌ
напасть	napˈɑstʲ
затаиться	zʌtaˈitsʌ
прижались	prʲiʒˈɑɭʲisʲ
искатели	ɪskˈɑtʲiɭʲɪ
арбалетный	arbaɭʲˈetnyj
выслушали	vˈysɭuʃʌɭʲɪ
проповедь	prˈopʌvʲitʲ
продолжил	prʌdˈoɭʒyɭ
кустов	kustˈof
натянутыми	natʲˈɑnutymʲɪ
луками	ɭˈukʌmʲɪ
засадой	zasˈɑdʌj
налётчики	naɭʲˈɵttʃʲikʲɪ
откупились	ʌtkupʲˈiɭʲisʲ
разграблен	razɡrˈɑbɭʲin
подскочили	pʌtskʌtʃʲˈiɭʲɪ
окольной	ʌkˈoɭʲnʌj
перехватили	pʲirʲixvatʲˈiɭʲɪ
связываться	svʲˈɑzyvʌtsʌ
проводника	prʌvʌdnʲikˈɑ
подрублен	pʌdrˈubɭʲin
шутники	ʃutʲnʲikʲˈɪ
заблудившихся	zʌbɭudʲˈifʃyxsʲʌ
заблудится	zabɭˈudʲitsʌ
думали	dˈumʌɭʲɪ
шутника	ʃutʲnʲikˈɑ
догонять	dʌɡʌnʲˈɑtʲ
внимательного	vnʲimˈɑtʲiɭʲnʌvʌ
отколоть	ʌtkʌɭˈotʲ
раскололись	rʌskʌɭˈoɭʲisʲ
вырастал	vyrastˈɑɭ
переброшен	pʲirʲibrˈoʃyn
бревенчатый	brʲivʲˈentʃʲʌtyj
сходен	sxˈodʲin
палкой	pˈɑɭkʌj
перилам	pʲirʲˈiɭʌm
хмурится	xmˈurʲitsʌ
звякнули	zvʲˈɑknuɭʲɪ
чашке	tʃʲˈɑʃkʲi
жердь	ʒˈɛrtʲ
заспорить	zaspˈorʲitʲ
свободном	svʌbˈodnʌm
поручением	pʌrutʃʲˈenʲijim
затянулся	zʌtʲanˈuɭsʲʌ
подмокла	pʌdmˈokɭa
случаться	sɭutʃʲˈɑtsʌ
царском	tsˈɑrskʌm
верстовые	vʲirstʌvˈyjɪ
гниёт	ɡnʲiˈɵt
хорошей	xʌrˈoʃyj
сотника	sˈotʲnʲika
дорожных	dʌrˈoʒnyx
отплатит	ʌtpɭˈɑtʲit
переломлена	pʲirʲiɭˈomɭʲina
дёрн	dʲˈɵrn
спицах	spʲˈitsʌx
телеге	tʲiɭʲˈeɡʲi
сгнило	zɡnʲˈiɭʌ
сиденьем	sʲidʲˈenjjim
возчика	vˈoɕika
ценное	tsˈɛnnʌjɪ
освободилась	ʌsvʌbʌdʲˈiɭʌsʲ
обходите	ʌpxˈodʲitʲi
копаются	kʌpˈɑjutsʌ
броде	brˈodʲi
прибыла	prʲibyɭˈɑ
держась	dʲirʒˈɑsʲ
обошёлся	ʌbʌʃˈoɭsʲʌ
развернуло	rʌzvʲirnˈuɭʌ
заплечный	zapɭʲˈetʃʲnyj
помельче	pʌmʲˈeɭʲtʃʲi
обронили	ʌbrʌnʲˈiɭʲɪ
обкатанный	ʌpkˈɑtʌnnyj
тоннеле	tʌnnʲˈeɭʲi
выбоину	vˈybʌinu
проходчиками	prʌxˈottʃʲikʌmʲɪ
пробивали	prʌbʲivˈɑɭʲɪ
рубили	rubʲˈiɭʲɪ
придорожном	prʲidʌrˈoʒnʌm
гитарой	ɡʲitˈɑrʌj
послушай	pʌsɭˈuʃʌj
споёт	spʌˈɵt
негромко	nʲiɡrˈomkʌ
переговариваются	pʲirʲiɡʌvˈɑrʲivʌjutsʌ
подсесть	pʌtʲsʲˈestʲ
похлёбкой	pʌxɭʲˈɵpkʌj
подобраться	pʌdʌbrˈɑtsʌ
поклаже	pʌkɭˈɑʒy
седельной	sʲidʲˈeɭʲnʌj
растворились	rʌstvʌrʲˈiɭʲisʲ
тихую	tʲˈixuju
всхрапнула	fsxrapnˈuɭa
вскочили	fskʌtʃʲˈiɭʲɪ
разорвало	rʌzʌrvˈɑɭʌ
толком	tˈoɭkʌm
раскисла	raskʲˈisɭa
скалой	skaɭˈoj
козырьком	kʌzyrɪkˈom
промокли	prʌmˈokɭʲɪ
светлеет	svʲitɭʲˈejit
упрямых	uprʲˈɑmyx
пригоршнями	prʲˈiɡʌrʃnʲʌmʲɪ
загадать	zʌɡadˈɑtʲ
загадали	zʌɡadˈɑɭʲɪ
запоминали	zʌpʌmʲinˈɑɭʲɪ
лечь	ɭʲˈetʃʲ
уснули	usnˈuɭʲɪ
падающими	pˈɑdʌjuɕimʲɪ
отдохнувшим	ʌddʌxnˈufʃym
забита	zabʲˈita
бубен	bˈubʲin
перекрикивают	pʲirʲikrʲikʲˈivʌjut
лавочной	ɭˈɑvʌtʃʲnʌj
зазывалой	zʌzyvˈɑɭʌj
отыграешься	ʌtyɡrˈɑjiʃsʲʌ
стражников	strˈɑʒnʲikʌf
перегородили	pʲirʲiɡʌrʌdʲˈiɭʲɪ
копьями	kˈopjjamʲɪ
совести	sˈovʲisʲtʲɪ
назвались	nazvˈɑɭʲisʲ
броди	brʌdʲˈɪ
сунуть	sˈunutʲ
исчезла	ɪɕˈezɭa
дерзко	dʲˈerskʌ
караулку	kʌraˈuɭku
свистнул	svʲˈisnuɭ
прибежали	prʲibʲiʒˈɑɭʲɪ
толкнул	tʌɭknˈuɭ
толчее	tʌɭtʃʲijˈe
нащупала	naɕˈupʌɭa
ныряет	nyrʲˈɑjit
броситься	brˈosʲitsʌ
прижали	prʲiʒˈɑɭʲɪ
наукой	naˈukʌj
нырнул	nyrnˈuɭ
подворотню	pʌdvʌrˈotʲnʲu
разбитое	razbʲˈitʌjɪ
подняла	pʌdnʲaɭˈɑ
вернули	vʲirnˈuɭʲɪ
вором	vˈorʌm
махнуть	maxnˈutʲ
гнаться	ɡnˈɑtsʌ
наполняются	nʌpʌɭnʲˈɑjutsʌ
помогать	pʌmʌɡˈɑtʲ
тушить	tuʃˈytʲ
саже	sˈɑʒy
сунули	sˈunuɭʲɪ
зубца	zuptsˈɑ
нападавших	nʌpadˈɑfʃyx
дворами	dvʌrˈɑmʲɪ
переулками	pʲirʲiˈuɭkʌmʲɪ
звонили	zvʌnʲˈiɭʲɪ
осудил	ʌsudʲˈiɭ
перегородило	pʲirʲiɡʌrʌdʲˈiɭʌ
произошёл	prʌizʌʃˈoɭ
сбитые	zbʲˈityjɪ
обшарить	ʌpʃˈɑrʲitʲ
блеснула	bɭʲisnˈuɭa
боковым	bʌkʌvˈym
целее	tsyɭʲˈejɪ
бокового	bʌkʌvˈovʌ
сдуло	zdˈuɭʌ
факелом	fˈɑkʲiɭʌm
боковом	bʌkʌvˈom
ходе	xˈodʲi
бросилось	brˈosʲiɭʌsʲ
шепчущее	ʃˈɛptʃʲuɕijɪ
прикованный	prʲikˈovʌnnyj
стенной	sʲtʲinnˈoj
ясные	ˈjasnyjɪ
руби	rubʲˈɪ
лопнуло	ɭˈopnuɭʌ
освобождённый	ʌsvʌbʌʒdʲˈɵnnyj
спасибо	spasʲˈibʌ
оплавлен	ʌpɭˈɑvɭʲin
истлели	ɪstɭʲˈeɭʲɪ
разжечь	raʒʒˈɛtʃʲ
раздули	razdˈuɭʲɪ
холодном	xʌɭˈodnʌm
закрома	zʌkrʌmˈɑ
закромах	zʌkrʌmˈɑx
капюшоне	kʌpʲuʃˈonʲi
беру	bʲirˈu
плащом	pɭaɕˈom
довольны	dʌvˈoɭʲny
подкидывает	pʌtkʲˈidyvʌjit
синим	sʲˈinʲim
мачта	mˈɑtʃʲta
плаву	pɭavˈu
вздулась	vzdˈuɭʌsʲ
выловить	vˈyɭʌvʲitʲ
багром	baɡrˈom
размокшего	razmˈokʃyvʌ
выживших	vˈyʒyfʃyx
мачты	mˈɑtʃʲty
спасённого	spasʲˈɵnnʌvʌ
тонут	tˈonut
зажглись	zaʒɡɭʲˈisʲ
шапку	ʃˈɑpku
растаяли	rastˈɑjaɭʲɪ
расскажешь	rasskˈɑʒyʃ
отвернул	ʌtvʲirnˈuɭ
перепахано	pʲirʲipˈɑxʌnʌ
лошадьми	ɭʌʃadʲmʲˈɪ
убирать	ubʲirˈɑtʲ
мародёров	mʌrʌdʲˈɵrʌf
похоронить	pʌxʌrʌnʲˈitʲ
лопатой	ɭʌpˈɑtʌj
стараясь	starˈɑjasʲ
верности	vʲˈernʌsʲtʲɪ
сдержите	ʑdʲirʒˈytʲi
догнал	dʌɡnˈɑɭ
недоброе	nʲidˈobrʌjɪ
откликнуться	ʌtkɭʲˈiknutsʌ
вестником	vʲˈesnʲikʌm
прикрыть	prʲikrˈytʲ
догоняющие	dʌɡʌnʲˈɑjuɕijɪ
преследователь	prʲisɭʲˈedʌvʌtʲilʲ
вестнику	vʲˈesnʲiku
поводов	pˈovʌdʌf
ходьбы	xʌdʲbˈy
ложились	ɭʌʒˈyɭʲisʲ
обрывался	ʌbryvˈɑɭsʲʌ
рассказывается	rasskˈɑzyvʌjitsʌ
сделав	ʑdʲˈeɭʌf
драконьему	drakˈonjjimu
пику	pʲˈiku
семенами	sʲimʲinˈɑmʲɪ
типами	tʲˈipʌmʲɪ
печам	pʲitʃʲˈɑm
останавливать	ʌstanˈɑvɭʲivʌtʲ
штольне	ʃtˈoɭʲnʲi
остановленного	ʌstanˈovɭʲinnʌvʌ
гильдейским	ɡʲiɭʲdʲˈejskʲim
серебром	sʲirʲibrˈom
травников	trˈɑvnʲikʌf
выкупает	vykupˈɑjit
укос	ukˈos
объявила	ʌbjjavʲˈiɭa
барж	bˈɑrʃ
чистой	tʃʲˈistʌj
приказывает	prʲikˈɑzyvʌjit
плачет	pɭˈɑtʃʲit
стеклодувам	sʲtʲikɭʌdˈuvʌm
храбрость	xrˈɑbrʌstʲ
оазиса	ʌˈɑʑisa
мехом	mʲˈexʌm
застудил	zʌstudʲˈiɭ
зимней	ʑˈimnʲij
зимняя	ʑˈimnʲʌja
расчищенные	raɕˈiɕinnyjɪ
подвиги	pˈodvʲiɡʲɪ
смолить	smʌɭʲˈitʲ
лоцманскую	ɭˈotsmʌnskuju
проводку	prʌvˈotku
промеры	prʌmʲˈery
займитесь	zajmʲˈitʲisʲ
отбился	ʌdbʲˈiɭsʲʌ
жрёт	ʒrʲˈɵt
пойманного	pˈojmʌnnʌvʌ
костяным	kʌsʲtʲanˈym
шаманам	ʃamˈɑnʌm
выкормишь	vˈykʌrmʲiʃ
мясом	mʲˈɑsʌm
разрешил	rʌzrʲiʃˈyɭ
энта	ˈɛnta
отливке	ʌtɭʲˈifkʲi
недобрано	nʲidˈobrʌnʌ
каменоломне	kʌmʲinʌɭˈomnʲi
поселился	pʌsʲiɭʲˈiɭsʲʌ
синоду	sʲinˈodu
непринятым	nʲiprʲinʲˈɑtym
мыса	mˈysa
проушина	prʌˈuʃyna
отлить	ʌtɭʲˈitʲ
обсерватории	ʌpsʲirvatˈorʲiɪ
назначила	naznˈɑtʃʲiɭa
дворового	dvʌrˈovʌvʌ
векселем	vʲˈeksʲiɭʲim
перекладным	pʲirʲikɭadnˈym
отрезке	ʌtrʲˈeskʲi
выбита	vˈybʲita
начисто	nˈɑtʃʲistʌ
постановил	pʌstʌnʌvʲˈiɭ
проезжего	prʌjˈeʒʒyvʌ
держателя	dʲirʒˈɑtʲiɭʲʌ
обкладывают	ʌpkɭˈɑdyvʌjut
обкладку	ʌpkɭˈɑtku
обкладки	ʌpkɭˈɑtkʲɪ
карьере	kʌrɪjjˈerʲi
преступник	prʲistˈupnʲik
приговорён	prʲiɡʌvʌrʲˈɵn
выдадут	vˈydʌdut
запишу	zʌpʲiʃˈu
вычеркну	vˈytʃʲirknu
оставлю	ʌstˈɑvɭʲu
сбежал	zbʲiʒˈɑɭ
досчитал	dʌɕitˈɑɭ
осуждён	ʌsuʒdʲˈɵn
приговоре	prʲiɡʌvˈorʲi
помоги	pʌmʌɡʲˈɪ
вернусь	vʲirnˈusʲ
предал	prʲˈedʌɭ
поменял	pʌmʲinʲˈɑɭ
схроны	sxrˈony
битой	bʲˈitʌj
поздний	pˈoznʲij
насыпью	nˈɑsypjju
расколотой	raskˈoɭʌtʌj
вызывается	vyzyvˈɑjitsʌ
замедлял	zʌmʲidɭʲˈɑɭ
привязан	prʲivʲˈɑzʌn
военного	vʌjˈennʌvʌ
сегодняшняя	sʲivˈodnʲʌʃnʲʌja
вывод	vˈyvʌt
далёких	daɭʲˈɵkʲix
укладываться	ukɭˈɑdyvʌtsʌ
отсекает	ʌtʲsʲikˈɑjit
хешем	xˈeʃym
оставшейся	ʌstˈɑfʃyjsʲʌ
доехать	dʌjˈexʌtʲ
развернуться	rʌzvʲirnˈutsʌ
заставой	zastˈɑvʌj
твоя	tvʌˈja
открывай	ʌtkryvˈɑj
пройди	prʌjdʲˈɪ
заставу	zastˈɑvu
заткнёшь	zatknʲˈɵʃ
сузить	sˈuʑitʲ
умирать	umʲirˈɑtʲ
посмотри	pʌsmʌtrʲˈɪ
вычёркивать	vytʃʲˈɵrkʲivʌtʲ
отнеси	ʌtʲnʲisʲˈɪ
кашляет	kˈɑʃɭʲʌjit
исчезну	ɪɕˈeznu
доведи	dʌvʲidʲˈɪ
корзине	kʌrʑˈinʲi
полежит	pʌɭʲiʒˈyt
счёты	ɕˈɵty
осудили	ʌsudʲˈiɭʲɪ
трогал	trˈoɡʌɭ
оставь	ʌstˈɑfʲ
внести	vnʲisʲtʲˈɪ
подождёт	pʌdʌʒdʲˈɵt
полнолуния	pʌɭnʌɭˈunʲija
ошибёшься	ʌʃybʲˈɵʃsʲʌ
пойму	pˈojmu
обижусь	ʌbʲˈiʒusʲ
вежливы	vʲˈeʒɭʲivy
окликала	ʌkɭʲikˈɑɭa
поймали	pʌjmˈɑɭʲɪ
наказывают	nakˈɑzyvʌjut
перевоз	pʲirʲivˈos
вязанкой	vʲazˈɑnkʌj
обвес	ʌbvʲˈes
обвесил	ʌbvʲˈesʲiɭ
плети	pɭʲˈetʲɪ
увечьем	uvʲˈetʃʲjjim
плетей	pɭʲitʲˈej
мальчик	mˈɑɭʲtʃʲik
взрослому	vzrˈosɭʌmu
собьётся	sʌbjˈɵtsʌ
привод	prʲivˈot
греют	ɡrʲˈejut
клятвопреступление	kɭʲʌtvʌprʲistupɭʲˈenʲijɪ
вычёркивают	vytʃʲˈɵrkʲivʌjut
помосте	pʌmˈosʲtʲi
выбивают	vybʲivˈɑjut
плахе	pɭˈɑxi
палач	paɭˈɑtʃʲ
промахнётся	prʌmaxnʲˈɵtsʌ
порче	pˈortʃʲi
связанного	svʲˈɑzʌnnʌvʌ
всплыл	fspɭˈyɭ
утонул	utʌnˈuɭ
оправдан	ʌprˈɑvdʌn
оправданных	ʌprˈɑvdʌnnyx
недосчитанный	nʲidʌɕˈitʌnnyj
выданного	vˈydʌnnʌvʌ
крутят	krˈutʲʌt
отстоял	ʌtstʌˈjaɭ
пролитая	prˈoɭʲitʌja
ценна	tsynnˈɑ
остывал	ʌstyvˈɑɭ
справедливым	sprʌvʲidɭʲˈivym
оказавшийся	ʌkazˈɑfʃyjsʲʌ
произносят	prʌiznˈosʲʌt
обратном	ʌbrˈɑtnʌm
погашенным	pʌɡˈɑʃynnym
прилюдно	prʲiɭʲˈudnʌ
торопится	tʌrˈopʲitsʌ
ч-пн	tʃʲˈepˌɛˈɛn
бесплатный	bʲispɭˈɑtnyj
пачкает	pˈɑtʃʲkʌjit
спрятанные	sprʲˈɑtʌnnyjɪ
заплатили	zʌpɭatʲˈiɭʲɪ
благодарят	bɭʌɡʌdarʲˈɑt
пересчитывают	pʲirʲiɕˈityvʌjut
расступилась	rʌsstupʲˈiɭʌsʲ
пропуская	prʌpuskˈɑja
осуждённый	ʌsuʒdʲˈɵnnyj
вмешиваться	vmʲˈeʃyvʌtsʌ
латника	ɭˈɑtʲnʲika
помосту	pʌmˈostu
окликая	ʌkɭʲikˈɑja
обнажает	ʌbnaʒˈɑjit
участвовать	utʃʲˈɑstvʌvʌtʲ
отмывают	ʌtmyvˈɑjut
служилым	sɭuʒˈyɭym
сюжетные	sʲuʒˈɛtnyjɪ
археологии	arxiʌɭˈoɡʲiɪ
отвезти	ʌtvʲisʲtʲˈɪ
подвернулось	pʌdvʲirnˈuɭʌsʲ
доставлено	dʌstˈɑvɭʲinʌ
требовал	trʲˈebʌvʌɭ
лазает	ɭˈɑzʌjit
встань	fstˈɑnʲ
открой	ʌtkrˈoj
просись	prʌsʲˈisʲ
прочти	prʌtʃʲtʲˈɪ
расскажи	rʌsskaʒˈy
замках	zˈɑmkʌx
калечат	kaɭʲˈetʃʲʌt
сними	sʲnʲimʲˈɪ
проверь	prʌvʲˈerɪ
снимай	sʲnʲimˈɑj
разобрал	rʌzʌbrˈɑɭ
абы	ˈɑby
отвези	ʌtvʲiʑˈɪ
копают	kʌpˈɑjut
подними	pʌdnʲimʲˈɪ
провалу	prʌvˈɑɭu
вытащи	vˈytʌɕɪ
говори	ɡʌvʌrʲˈɪ
вспомним	fspˈomnʲim
закопанное	zakˈopʌnnʌjɪ
осматривай	ʌsmˈɑtrʲivʌj
разовая	rˈɑzʌvʌja
довези	dʌvʲiʑˈɪ
державное	dʲirʒˈɑvnʌjɪ
жребии	ʒrʲˈebʲiɪ
съедали	sjjidˈɑɭʲɪ
участок	utʃʲˈɑstʌk
влажнее	vɭaʒnʲˈejɪ
соберёшь	sʌbʲirʲˈɵʃ
разнообразие	rʌznʌʌbrˈɑʑijɪ
расширенных	raʃʃˈyrʲinnyx
виверна	vʲivʲˈerna
лич-банши	ɭʲˈidʒʲbˈɑnʃy
выследи	vˈysɭʲidʲɪ
странные	strˈɑnnyjɪ
разобраться	rʌzʌbrˈɑtsʌ
повторяли	pʌftʌrʲˈɑɭʲɪ
рассказывало	rasskˈɑzyvʌɭʌ
прохождений	prʌxʌʒdʲˈenʲij
ячейках	jatʃʲˈejkʌx
перевязанные	pʲirʲivʲˈɑzʌnnyjɪ
клеем	kɭʲˈejim
незаконченная	nʲizakˈontʃʲinnʌja
свёрнутые	svʲˈɵrnutyjɪ
стоймя	stʌjmʲˈɑ
прибит	prʲibʲˈit
выбиты	vˈybʲity
корешком	kʌrʲiʃkˈom
отсырели	ʌtsyrʲˈeɭʲɪ
архивный	arxˈivnyj
склеивалось	skɭʲˈeivʌɭʌsʲ
окончанием	ʌkʌntʃʲˈɑnʲijim
ликоноснаяа	ɭʲikʌnˈosnʌjaa
проповеди	prˈopʌvʲidʲɪ
склейка	skɭʲˈejka
падежей	pʌdʲiʒˈɛj
выведешь	vˈyvʲidʲiʃ
зарнего	zarnʲˈevʌ
аурису	aˈurʲisu
зарнему	zarnʲˈemu
зарнем	zˈɑrnʲim
аурисом	aurʲˈisʌm
зарним	zˈɑrnʲim
мораху	mʌrˈɑxu
морахе	mʌrˈɑxi
кузнеце	kuʑnʲitsˈɛ
морахом	mʌrˈɑxʌm
кузнецом	kuʑnʲitsˈom
селеной	sʲiɭʲˈenʌj
громовержца	ɡrʌmʌvʲˈerʃtsa
тауре	taˈurʲi
громовержце	ɡrʌmʌvʲˈerʃtsy
тауром	taˈurʌm
громовержцем	ɡrʌmʌvʲˈerʃtsym
нереей	nʲirʲˈejij
кальдеру	kaɭʲdʲˈeru
пепельному	pʲˈepʲiɭʲnʌmu
кальдере	kaɭʲdʲˈerʲi
кальдером	kaɭʲdʲˈerʌm
пепельным	pʲˈepʲiɭʲnym
вечного	vʲˈetʃʲnʌvʌ
хронару	xrʌnˈɑru
вечному	vʲˈetʃʲnʌmu
хронаре	xrʌnˈɑrʲi
вечном	vʲˈetʃʲnʌm
хронаром	xrʌnˈɑrʌm
вечным	vʲˈetʃʲnym
тарху	tˈɑrxu
подгорному	pʌdɡˈornʌmu
тархе	tˈɑrxi
подгорном	pʌdɡˈornʌm
тархом	tˈɑrxʌm
мортаной	mʌrtˈɑnʌj
странницей	strˈɑnnʲitsyj
нужном	nˈuʒnʌm
именительный	ɪmʲinʲˈitʲiɭʲnyj
выдуманное	vˈydumʌnnʌjɪ
окончание	ʌkʌntʃʲˈɑnʲijɪ
предлог	prʲidɭˈok
гласной	ɡɭˈɑsnʌj
аоуэыиеёюя	aʌuɛyijiˈɵjuja
складных	skɭˈɑdnyx
подходов	pʌtxˈodʌf
опирается	ʌpʲirˈɑjitsʌ
обязанностей	ʌbʲˈɑzʌnnʌsʲtʲij
надгробии	nadɡrˈobʲiɪ
переначать	pʲirʲinˈɑtʃʲʌtʲ
короток	kˈorʌtʌk
наказывается	nakˈɑzyvʌjitsʌ
согласны	sʌɡɭˈɑsny
раздоре	razdˈorʲi
эпитеты	ɛpʲˈitʲity
стучаться	stutʃʲˈɑtsʌ
обиход	ʌbʲixˈot
получатель	pʌɭutʃʲˈɑtʲilʲ
просящий	prʌsʲˈɑɕij
служении	sɭuʒˈɛnʲiɪ
погребении	pʌɡrʲibʲˈenʲiɪ
памятник	pˈɑmʲʌtʲnʲik
расторгается	rʌstʌrɡˈɑjitsʌ
смертью	smʲˈertʲjju
славят	sɭˈɑvʲʌt
округой	ʌkrˈuɡʌj
толковании	tʌɭkʌvˈɑnʲiɪ
толкование	tʌɭkʌvˈɑnʲijɪ
спору	spˈoru
чудом	tʃʲˈudʌm
скучные	skˈuʃnyjɪ
неприличия	nʲiprʲiɭʲˈitʃʲija
отступники	ʌtstˈupnʲikʲɪ
отступником	ʌtstˈupnʲikʌm
соблюдая	sʌbɭʲudˈɑja
ушедшему	uʃˈɛtʃymu
оставшемуся	ʌstˈɑfʃymusʲʌ
поговорки	pʌɡʌvˈorkʲɪ
грубее	ɡrubʲˈejɪ
призывают	prʲizyvˈɑjut
ремесленники	rʲimʲˈesɭʲinnʲikʲɪ
рождённого	rʌʒdʲˈɵnnʌvʌ
ехали	jˈexʌɭʲɪ
прижилось	prʲiʒyɭˈosʲ
держащие	dʲirʒˈɑɕijɪ
пересказывают	pʲirʲiskˈɑzyvʌjut
недёшевы	nʲidʲˈɵʃyvy
особого	ʌsˈobʌvʌ
числят	tʃʲˈisɭʲʌt
гордятся	ɡʌrdʲˈɑtsʌ
необратим	nʲiʌbratʲˈim
начнут	natʃʲnˈut
чужаки	tʃʲuʒakʲˈɪ
переживёт	pʲirʲiʒyvʲˈɵt
предложенного	prʲidɭˈoʒynnʌvʌ
похвалой	pʌxvaɭˈoj
выжить	vˈyʒytʲ
жестоко	ʒystˈokʌ
чужаку	tʃʲuʒakˈu
скупостью	skˈupʌstʲjju
проговориться	prʌɡʌvʌrʲˈitsʌ
решили	rʲiʃˈyɭʲɪ
спросив	sprʌsʲˈif
разорение	rʌzʌrʲˈenʲijɪ
поправимым	pʌpravʲˈimym
подписывают	pʌtpʲˈisyvʌjut
подписывает	pʌtpʲˈisyvʌjit
недоверием	nʲidʌvʲˈerʲijim
собравшихся	sʌbrˈɑfʃyxsʲʌ
отдай	ʌddˈɑj
возникла	vʌʑnʲˈikɭa
давший	dˈɑfʃyj
государственных	ɡʌsudˈɑrstvʲinnyx
реками	rʲˈekʌmʲɪ
добывается	dʌbyvˈɑjitsʌ
заслугам	zasɭˈuɡʌm
облагается	ʌbɭaɡˈɑjitsʌ
приграничье	prʲiɡrˈɑnʲitʃʲjjɪ
пестрее	pʲistrʲˈejɪ
живущих	ʒyvˈuɕix
перечитанное	pʲirʲitʃʲˈitʌnnʌjɪ
оспорить	ʌspˈorʲitʲ
суды	sudˈy
селениям	sʲiɭʲˈenʲijam
верста	vʲirstˈɑ
жалобы	ʒˈɑɭʌby
верны	vʲirnˈy
ладит	ɭˈɑdʲit
начиналась	nʌtʃʲinˈɑɭʌsʲ
починку	pʌtʃʲˈinku
мостов	mʌstˈof
казначеи	kʌznatʃʲˈeɪ
крупном	krˈupnʌm
голубя	ɡˈoɭubʲʌ
наследование	nasɭʲˈedʌvʌnʲijɪ
обязанность	ʌbʲˈɑzʌnnʌstʲ
отказавшихся	ʌtkazˈɑfʃyxsʲʌ
преследуют	prʲisɭʲˈedujut
чужеземцы	tʃʲuʒyʑˈemtsy
чужеземцу	tʃʲuʒyʑˈemtsu
аренду	arʲˈendu
широкого	ʃyrˈokʌvʌ
закрытых	zakrˈytyx
законах	zakˈonʌx
подчиняется	pʌttʃʲinʲˈɑjitsʌ
раздражает	rʌzdraʒˈɑjit
вывозу	vˈyvʌzu
баловством	bʌɭʌfstvˈom
понадобится	pʌnˈɑdʌbʲitsʌ
молитвой	mʌɭʲˈitvʌj
пропорции	prʌpˈortsyɪ
лекарю	ɭʲˈekʌrʲu
выздоровления	vyzdʌrʌvɭʲˈenʲija
хроники	xrˈonʲikʲɪ
доблести	dˈobɭʲisʲtʲɪ
поражений	pʌraʒˈɛnʲij
очаги	ʌtʃʲaɡʲˈɪ
правителю	pravʲˈitʲiɭʲu
нерешённый	nʲirʲiʃˈonnyj
решён	rʲiʃˈon
живущим	ʒyvˈuɕim
рабочее	rabˈotʃʲijɪ
переносишь	pʲirʲinˈosʲiʃ
прошению	prʌʃˈɛnʲiju
приглашению	prʲiɡɭaʃˈɛnʲiju
отказываться	ʌtkˈɑzyvʌtsʌ
мстят	msʲtʲˈɑt
объявивших	ʌbjjavʲˈifʃyx
провожают	prʌvʌʒˈɑjut
необъявленных	nʲiʌbjˈjavɭʲinnyx
изнанке	ɪznˈɑnkʲi
потребовать	pʌtrʲˈebʌvʌtʲ
помощи	pˈomʌɕɪ
старик	starʲˈik
молодого	mʌɭʌdˈovʌ
удивляет	udʲivɭʲˈɑjit
судится	sˈudʲitsʌ
заключает	zʌkɭʲutʃʲˈɑjit
сомнением	sʌmnʲˈenʲijim
позорят	pʌzˈorʲʌt
ошибся	ʌʃˈypsʲʌ
выбиравший	vybʲirˈɑfʃyj
званий	zvˈɑnʲij
подвигов	pˈodvʲiɡʌf
подвиг	pˈodvʲik
державного	dʲirʒˈɑvnʌvʌ
обжаловать	ʌbʒˈɑɭʌvʌtʲ
осторожными	ʌstʌrˈoʒnymʲɪ
обиде	ʌbʲˈidʲi
погребают	pʌɡrʲibˈɑjut
божий	bˈoʒyj
ненадёжный	nʲinadʲˈɵʒnyj
доживёт	dʌʒyvʲˈɵt
весело	vʲˈesʲiɭʌ
трактирах	traktʲˈirʌx
водятся	vˈodʲʌtsʌ
готовым	ɡʌtˈovym
обманывают	ʌbmˈɑnyvʌjut
гони	ɡʌnʲˈɪ
следам	sɭʲidˈɑm
замкнута	zˈɑmknuta
взрослого	vzrˈosɭʌvʌ
взрослый	vzrˈosɭyj
такими	takʲˈimʲɪ
правильного	prˈɑvʲiɭʲnʌvʌ
чьих	tʃʲjˈix
брезгует	brʲˈezɡujit
падалью	pˈɑdʌɭjju
голодного	ɡʌɭˈodnʌvʌ
наземного	naʑˈemnʌvʌ
движениями	dvʲiʒˈɛnʲijamʲɪ
добивают	dʌbʲivˈɑjut
поверье	pʌvʲˈerɪjjɪ
проверявших	prʌvʲirʲˈɑfʃyx
вернувшихся	vʲirnˈufʃyxsʲʌ
тропами	trˈopʌmʲɪ
досуха	dˈosuxa
выигрыше	vˈyiɡryʃy
красиво	krasʲˈivʌ
послов	pʌsɭˈof
суеверием	sujivʲˈerʲijim
выбрасывают	vybrˈɑsyvʌjut
утвари	ˈutvʌrʲɪ
складчики	skɭˈɑttʃʲikʲɪ
добывает	dʌbyvˈɑjit
артелью	artʲˈeɭjju
одиночек	ʌdʲinˈotʃʲik
осуждают	ʌsuʒdˈɑjut
подделать	pʌdʲdʲˈeɭʌtʲ
добытчика	dʌbˈyttʃʲika
въезде	vjjˈeʑdʲi
выезде	vˈyjiʑdʲi
роздыха	rˈozdyxa
артелях	artʲˈeɭʲʌx
воровством	vʌrʌfstvˈom
добытчиков	dʌbˈyttʃʲikʌf
гильдейские	ɡʲiɭʲdʲˈejskʲijɪ
гордости	ɡˈordʌsʲtʲɪ
осмотренное	ʌsmˈotrʲinnʌjɪ
похуже	pʌxˈuʒy
напрямик	nʌprʲamʲˈik
заблудившийся	zʌbɭudʲˈifʃyjsʲʌ
звериным	zvʲirʲˈinym
жилью	ʒyɭjˈju
похожи	pʌxˈoʒy
непохожий	nʲipʌxˈoʒyj
привозят	prʲivˈoʑʌt
здешними	ʑdʲˈeʃnʲimʲɪ
приезжих	prʲijˈeʒʒyx
приходящее	prʲixʌdʲˈɑɕijɪ
проложили	prʌɭʌʒˈyɭʲɪ
сытный	sˈytnyj
гостю	ɡˈosʲtʲu
плохую	pɭʌxˈuju
сбывшаяся	zbˈyfʃʌjasʲʌ
месяцами	mʲisʲatsˈɑmʲɪ
накормят	nakˈormʲʌt
укажут	ukˈɑʒut
осторожность	ʌstʌrˈoʒnʌstʲ
возили	vʌʑˈiɭʲɪ
спорящих	spˈorʲʌɕix
переживут	pʲirʲiʒyvˈut
дневном	dnʲivnˈom
рассчитал	rʌsɕitˈɑɭ
правой	prˈɑvʌj
левой	ɭʲˈevʌj
недоброму	nʲidˈobrʌmu
содержат	sʌdʲˈerʒʌt
оборачиваться	ʌbʌrˈɑtʃʲivʌtsʌ
версте	vʲirsʲtʲˈe
вёдрам	vʲˈɵdrʌm
страшно	strˈɑʃnʌ
доживут	dʌʒyvˈut
сажают	saʒˈɑjut
насмешка	nasmʲˈeʃka
углубляли	uɡɭubɭʲˈɑɭʲɪ
отстроилось	ʌtstrˈoiɭʌsʲ
придумали	prʲidˈumʌɭʲɪ
приютят	prʲijutʲˈɑt
назвался	nazvˈɑɭsʲʌ
селением	sʲiɭʲˈenʲijim
меже	mʲiʒˈɛ
реши	rʲiʃˈy
разговаривать	rʌzɡʌvˈɑrʲivʌtʲ
чём-то	tʃʲˈɵmtˈo
мельницу	mʲˈeɭʲnʲitsu
перевешивали	pʲirʲivʲˈeʃyvʌɭʲɪ
хозяева	xʌʑˈɑjiva
спеху	spʲˈexu
объяснять	ʌbjjasʲnʲˈɑtʲ
проверенная	prʌvʲˈerʲinnʌja
отделяет	ʌdʲdʲiɭʲˈɑjit
разрешены	rʌzrʲiʃynˈy
бочек	bˈotʃʲik
куплет	kupɭʲˈet
наливают	nʌɭʲivˈɑjut
красивее	krasʲˈivʲijɪ
пустует	pustˈujit
грузить	ɡruʑˈitʲ
осадка	ʌsˈɑtka
колоколу	kˈoɭʌkʌɭu
полуденная	pʌɭˈudʲinnʌja
вчерашней	ftʃʲirˈɑʃnʲij
уходящий	uxʌdʲˈɑɕij
медяк	mʲidʲˈɑk
посерьёзнее	pʌsʲirɪjˈɵʑnʲijɪ
обидчиво	ʌbʲˈittʃʲivʌ
бухты	bˈuxty
обрывают	ʌbryvˈɑjut
допеть	dʌpʲˈetʲ
плохая	pɭʌxˈɑja
допевают	dʌpʲivˈɑjut
бывали	byvˈɑɭʲɪ
виски	vʲˈiskʲɪ
надёжная	nadʲˈɵʒnʌja
трещинам	trʲˈeɕinʌm
повезёт	pʌvʲiʑˈɵt
крышек	krˈyʃyk
заплясал	zʌpɭʲasˈɑɭ
рублены	rubɭʲˈeny
кучами	kˈutʃʲʌmʲɪ
ели	jˈeɭʲɪ
умирали	umʲirˈɑɭʲɪ
плаща	pɭaɕˈɑ
портянки	pʌrtʲˈɑnkʲɪ
запаху	zˈɑpʌxu
выгоде	vˈyɡʌdʲi
выбираться	vybʲirˈɑtsʌ
выбираются	vybʲirˈɑjutsʌ
близким	bɭʲˈiskʲim
смелыми	smʲˈeɭymʲɪ
неопытными	nʲiˈopytnymʲɪ
разрешённая	rʌzrʲiʃˈonnʌja
пробоины	prʌbˈoiny
неспешный	nʲispʲˈeʃnyj
по-божески	pˈobˈoʒyskʲɪ
строено	strʌjˈenʌ
нанялся	nˈɑnʲʌɭsʲʌ
дрейф	drʲˈejf
надёжны	nadʲˈɵʒny
судну	sˈudnu
переименованное	pʲirʲiimʲinˈovʌnnʌjɪ
покидает	pʌkʲidˈɑjit
суеверие	sujivʲˈerʲijɪ
возни	vʌʑnʲˈɪ
выправлена	vˈyprʌvɭʲina
затонувшем	zʌtʌnˈufʃym
забава	zabˈɑva
бухту	bˈuxtu
высаживают	vysˈɑʒyvʌjut
владелец	vɭadʲˈeɭʲits
рассудило	rʌssudʲˈiɭʌ
судах	sudˈɑx
новичков	nʌvʲitʃʲkˈof
артефактам	artʲifˈɑktʌm
закрытым	zakrˈytym
ю	ˈju
смотрителям	smʌtrʲˈitʲiɭʲʌm
назначается	nʌznatʃʲˈɑjitsʌ
сжигая	ʒʒyɡˈɑja
велись	vʲiɭʲˈisʲ
рубил	rubʲˈiɭ
дорожным	dʌrˈoʒnym
проносят	prʌnˈosʲʌt
нарушителя	nʌruʃˈytʲiɭʲʌ
устарела	ustarʲˈeɭa
ценится	tsˈɛnʲitsʌ
охраняется	ʌxranʲˈɑjitsʌ
свитку	svʲˈitku
покоем	pʌkˈojim
едой	jɪdˈoj
относят	ʌtnˈosʲʌt
поправимо	pʌpravʲˈimʌ
отшельники	ʌtʃˈɛɭʲnʲikʲɪ
применять	prʲimʲinʲˈɑtʲ
уставом	ustˈɑvʌm
записали	zʌpʲisˈɑɭʲɪ
неверны	nʲivʲˈerny
верную	vʲˈernuju
бойцами	bʌjtsˈɑmʲɪ
свёрнутым	svʲˈɵrnutym
творить	tvʌrʲˈitʲ
отложишь	ʌtɭˈoʒyʃ
утекла	utʲikɭˈɑ
произведений	prʌizvʲidʲˈenʲij
переплёте	pʲirʲipɭʲˈɵtʲi
правдивую	pravdʲˈivuju
демонологию	dʲimʌnʌɭˈoɡʲiju
чьём	tʃʲjˈɵm
тайнах	tˈɑjnʌx
опасна	ʌpˈɑsna
наброски	nabrˈoskʲɪ
пометкой	pʌmʲˈetkʌj
переписчику	pʲirʲipʲˈiɕiku
узнаете	uznˈɑjitʲi
настороженно	nʌstʌrˈoʒynnʌ
сближает	zbɭʲiʒˈɑjit
истинность	ˈɪsʲtʲinnʌstʲ
ложен	ɭˈoʒyn
отсырела	ʌtsyrʲˈeɭa
изученного	ɪzˈutʃʲinnʌvʌ
постоянную	pʌstʌˈjannuju
ощутим	ʌɕutʲˈim
перечисляются	pʲirʲitʃʲisɭʲˈɑjutsʌ
расходуется	rasxˈodujitsʌ
успеваете	uspʲivˈɑjitʲi
спускаясь	spuskˈɑjasʲ
преимущества	prʲiimˈuɕistva
предельная	prʲidʲˈeɭʲnʌja
собрании	sʌbrˈɑnʲiɪ
одноразовым	ʌdnʌrˈɑzʌvym
свитком	svʲˈitkʌm
прекращается	prʲikraɕˈɑjitsʌ
загудел	zʌɡudʲˈeɭ
уцелел	utsyɭʲˈeɭ
прочитан	prʌtʃʲˈitʌn
дневника	dnʲivnʲikˈɑ
учебника	utʃʲˈebnʲika
килобайта	kʲiɭʌbˈɑjta
игровым	ɪɡrʌvˈym
запрещённые	zʌprʲiɕˈɵnnyjɪ
дневники	dnʲivnʲikʲˈɪ
исхода	ɪsxˈoda
учебников	utʃʲˈebnʲikʌf
рукописей	rˈukʌpʲisʲij
манускриптов	mʌnuskrʲˈiptʌf
ходовая	xʌdʌvˈɑja
затей	zatʲˈej
переписан	pʲirʲipʲˈisʌn
пометках	pʌmʲˈetkʌx
обожжены	ʌbʌʒʒynˈy
вырваны	vˈyrvʌny
тетрадь	tʲitrˈɑtʲ
сшита	ʃʃˈyta
задачи	zadˈɑtʃʲɪ
разборы	razbˈory
хешируется	xiʃyrˈujitsʌ
уж	ˈuʃ
надстраивается	nʌtstraˈivʌjitsʌ
реестром	rʲijˈestrʌm
застёжка	zasʲtʲˈɵʃka
жире	ʒˈyrʲi
тубус	tˈubus
ярлыком	jarɭykˈom
застёжки	zasʲtʲˈɵʃkʲɪ
медные	mʲˈednyjɪ
столбцы	stʌɭptsˈy
писца	pʲistsˈɑ
перевязана	pʲirʲivʲˈɑzʌna
бечёвкой	bʲitʃʲˈɵfkʌj
вскрыта	fskrˈyta
возможны	vʌzmˈoʒny
оборотом	ʌbʌrˈotʌm
прилагательным	prʲiɭaɡˈɑtʲiɭʲnym
гримуару	ɡrʲimˈuʌru
училища	utʃʲˈiɭʲiɕʌ
расхожий	rasxˈoʒyj
десятку	dʲisʲˈɑtku
нечастый	nʲitʃʲˈɑstyj
десятками	dʲisʲˈɑtkʌmʲɪ
предлоги	prʲidɭˈoɡʲɪ
родительным	rʌdʲˈitʲiɭʲnym
падежом	pʌdʲiʒˈom
столбца	stʌɭptsˈɑ
насчёт	naɕˈɵt
касательно	kasˈɑtʲiɭʲnʌ
подзаголовки	pʌdzʌɡʌɭˈofkʲɪ
согласуются	sʌɡɭasˈujutsʌ
определения	ʌprʲidʲiɭʲˈenʲija
трактату	traktˈɑtu
опытах	ˈopytʌx
поправками	pʌprˈɑfkʌmʲɪ
переписчика	pʲirʲipʲˈiɕika
очевидцем	ʌtʃʲivʲˈittsym
приложением	prʲiɭʌʒˈɛnʲijim
изложении	ɪzɭʌʒˈɛnʲiɪ
младших	mɭˈɑtʃyx
пометами	pʌmʲˈetʌmʲɪ
изъятиями	ɪzjˈjatʲijamʲɪ
листе	ɭʲisʲtʲˈe
опровержение	ʌprʌvʲirʒˈɛnʲijɪ
чтении	tʃʲtʲˈenʲiɪ
толкователь	tʌɭkʌvˈɑtʲilʲ
видрод	vʲidrˈot
классимя	kɭasʲsʲˈimʲʌ
выбрав	vˈybrʌf
описан	ʌpʲˈisʌn
владеете	vɭadʲˈejitʲi
запретная	zaprʲˈetnʌja
перебирая	pʲirʲibʲirˈɑja
любопытства	ɭʲubʌpˈytstva
увидели	uvʲˈidʲiɭʲɪ
обучению	ʌbutʃʲˈenʲiju
поваленные	pʌvˈɑɭʲinnyjɪ
натянуты	natʲˈɑnuty
плещет	pɭʲˈeɕit
гомункулам	ɡʌmˈunkuɭʌm
подвело	pʌdvʲiɭˈo
растяжке	rasʲtʲˈɑʃkʲi
рунном	rˈunnʌm
знаке	znˈɑkʲi
обезвреживания	ʌbʲizvrʲˈeʒyvʌnʲija
отметку	ʌtmʲˈetku
выработанная	vˈyrʌbʌtʌnnʌja
обезвреженная	ʌbʲizvrʲˈeʒynnʌja
наступить	nʌstupʲˈitʲ
стрелковый	strʲiɭkˈovyj
отверстие	ʌtvʲˈersʲtʲijɪ
растяжка	rasʲtʲˈɑʃka
рухнула	rˈuxnuɭa
падающие	pˈɑdʌjuɕijɪ
подпёрт	pʌtpʲˈɵrt
подпорка	pʌtpˈorka
клине	kɭʲˈinʲi
просыпался	prʌsˈypʌɭsʲʌ
сладковатым	sɭʌtkʌvˈɑtym
сладкий	sɭˈɑtkʲij
иней	ˈɪnʲij
инею	ˈɪnʲiju
моложе	mʌɭˈoʒy
звонковая	zvʌnkˈovʌja
проволока	prˈovʌɭʌka
составом	sʌstˈɑvʌm
световую	svʲitʌvˈuju
временную	vrʲimʲˈennuju
гравитационную	ɡrʌvʲitʌtsyˈonnuju
отмычкой	ʌtmˈytʃʲkʌj
найтись	najtʲˈisʲ
сняться	sʲnʲˈɑtsʌ
западня	zʌpadnʲˈɑ
мехе	mʲˈexi
вынесло	vˈynʲisɭʌ
повороту	pʌvʌrˈotu
разбитым	razbʲˈitym
плитах	pɭʲˈitʌx
смахнули	smaxnˈuɭʲɪ
наступили	nʌstupʲˈiɭʲɪ
навалился	nʌvaɭʲˈiɭsʲʌ
колени	kʌɭʲˈenʲɪ
подломились	pʌdɭʌmʲˈiɭʲisʲ
рисунком	rʲisˈunkʌm
мгновений	mɡnʌvʲˈenʲij
притворялось	prʲitvʌrʲˈɑɭʌsʲ
сомкнулось	sʌmknˈuɭʌsʲ
ноге	nʌɡʲˈe
механическую	mʲixanʲˈitʃʲiskuju
поймает	pʌjmˈɑjit
вырезанный	vˈyrʲizʌnnyj
напитанный	napʲˈitʌnnyj
пускать	puskˈɑtʲ
сгущает	zɡuɕˈɑjit
разрежает	rʌzrʲiʒˈɑjit
найденными	nˈɑjdʲinnymʲɪ
осмотрели	ʌsmʌtrʲˈeɭʲɪ
срабатывании	srabˈɑtyvʌnʲiɪ
осматривать	ʌsmˈɑtrʲivʌtʲ
правильнее	prˈɑvʲiɭʲnʲijɪ
букве	bˈukvʲi
уверенно	uvʲˈerʲinnʌ
рискован	rʲiskˈovʌn
задался	zadˈɑɭsʲʌ
обезвреживать	ʌbʲizvrʲˈeʒyvʌtʲ
взведён	vzvʲidʲˈɵn
страж-гомункул	strˈɑʒɡʌmˈunkuɭ
послан	pˈosɭʌn
послышались	pʌsɭˈyʃʌɭʲisʲ
отработала	ʌtrabˈotʌɭa
отдавала	ʌddavˈɑɭa
одинокого	ʌdʲinˈokʌvʌ
пюпитра	pʲupʲˈitra
главную	ɡɭˈɑvnuju
писано	pʲˈisʌnʌ
буквами	bˈukvʌmʲɪ
понятен	pʌnʲˈɑtʲin
наречием	narʲˈetʃʲijim
черновик	tʃʲirnʌvʲˈik
огарок	ʌɡˈɑrʌk
крошки	krˈoʃkʲɪ
выглядывает	vyɡɭʲˈɑdyvʌjit
гнёздах	ɡnʲˈɵzdʌx
счету	ɕˈetu
поссориться	pʌssˈorʲitsʌ
хозяевами	xʌʑˈɑjivʌmʲɪ
стояние	stʌˈjanʲijɪ
дало	daɭˈo
послушал	pʌsɭˈuʃʌɭ
муть	mˈutʲ
протянули	prʌtʲanˈuɭʲɪ
отогрелись	ʌtʌɡrʲˈeɭʲisʲ
зелени	ʑˈeɭʲinʲɪ
варить	varʲˈitʲ
случайным	sɭutʃʲˈɑjnym
сжигал	ʒʒyɡˈɑɭ
дожидаясь	dʌʒydˈɑjasʲ
челнок	tʃʲiɭnˈok
испортился	ɪspˈortʲiɭsʲʌ
натяжению	nʌtʲaʒˈɛnʲiju
нитей	nʲˈitʲij
вымыли	vˈymyɭʲɪ
сохнуть	sˈoxnutʲ
подбросили	pʌdbrˈosʲiɭʲɪ
висел	vʲisʲˈeɭ
постояли	pʌstʌˈjaɭʲɪ
погрелись	pʌɡrʲˈeɭʲisʲ
подножия	pʌdnˈoʒyja
прибито	prʲibʲˈitʌ
листков	ɭʲistkˈof
немалая	nʲimˈɑɭʌja
прилегли	prʲiɭʲiɡɭʲˈɪ
заусенцы	zʌusʲˈentsy
почувствует	pʌtʃʲˈustvujit
наполнили	napˈoɭnʲiɭʲɪ
флягу	fɭʲˈɑɡu
снедь	sʲnʲˈetʲ
фитили	fʲitʲiɭʲˈɪ
греетесь	ɡrʲˈejitʲisʲ
свечу	svʲitʃʲˈu
пазуху	pˈɑzuxu
раздался	razdˈɑɭsʲʌ
вширь	fʃˈyrɪ
голые	ɡˈoɭyjɪ
ценного	tsˈɛnnʌvʌ
торчком	tʌrtʃʲkˈom
шороху	ʃˈorʌxu
потускневшая	pʌtusknʲˈefʃʌja
шитьё	ʃytʲjˈɵ
вытканы	vˈytkʌny
всадники	fsˈɑdnʲikʲɪ
моль	mˈolʲ
заедают	zʌjidˈɑjut
нижнем	nʲˈiʒnʲim
выдвинутым	vˈydvʲinutym
выдвигаются	vydvʲiɡˈɑjutsʌ
букет	bukʲˈet
рассыпавшийся	rʌssypˈɑfʃyjsʲʌ
холстина	xʌɭsʲtʲˈina
грех	ɡrʲˈex
снеди	sʲnʲˈedʲɪ
заколочен	zʌkʌɭˈotʃʲin
вывез	vˈyvʲis
тару	tˈɑru
оттянет	ʌtʲtʲˈɑnʲit
смотали	smʌtˈɑɭʲɪ
отполированная	ʌtpʌɭʲirˈovʌnnʌja
вбитые	vbʲˈityjɪ
рыжее	rˈyʒyjɪ
ржавчины	rʒˈɑftʃʲiny
перетёрта	pʲirʲitʲˈɵrta
дужка	dˈuʃka
ногтем	nˈoktʲim
процарапаны	prʌtsarˈɑpʌny
чёрточки	tʃʲˈɵrtʌtʃʲkʲɪ
примятая	prʲimʲˈɑtʌja
смазаны	smˈɑzʌny
примята	prʲimʲˈɑta
годилось	ɡʌdʲˈiɭʌsʲ
отобрали	ʌtʌbrˈɑɭʲɪ
ломающиеся	ɭʌmˈɑjuɕijisʲʌ
пальцах	pˈɑɭʲtsʌx
кучу	kˈutʃʲu
сложены	sɭˈoʒyny
прибирал	prʲibʲirˈɑɭ
срезы	srʲˈezy
влажные	vɭˈɑʒnyjɪ
шляпкам	ʃɭʲˈɑpkʌm
бледно-зелёным	bɭʲˈednʌʑiɭʲˈɵnym
погребом	pˈoɡrʲibʌm
пенёк	pʲinʲˈɵk
сколом	skˈoɭʌm
отбивать	ʌdbʲivˈɑtʲ
струями	strˈujamʲɪ
круглую	krˈuɡɭuju
чашу	tʃʲˈɑʃu
жёлобу	ʒˈoɭʌbu
умылись	umˈyɭʲisʲ
золотника	zʌɭʌtʲnʲikˈɑ
фунта	fˈunta
взвешивать	vzvʲˈeʃyvʌtʲ
просела	prʌsʲˈeɭa
подножка	pʌdnˈoʃka
точить	tʌtʃʲˈitʲ
наточен	natˈotʃʲin
качали	katʃʲˈɑɭʲɪ
подножку	pʌdnˈoʃku
начатый	nˈɑtʃʲʌtyj
черенок	tʃʲirʲinˈok
начатая	nˈɑtʃʲʌtʌja
бронзовой	brˈonzʌvʌj
перевернули	pʲirʲivʲirnˈuɭʲɪ
струйкой	strˈujkʌj
невидимую	nʲivʲˈidʲimuju
досягаемости	dʌsʲaɡˈɑjimʌsʲtʲɪ
прибора	prʲibˈora
выцветшие	vˈytsvʲitʃyjɪ
булавки	buɭˈɑfkʲɪ
обгрызены	ʌbɡrˈyʑiny
вытерта	vˈytʲirta
потемневшее	pʌtʲimnʲˈefʃyjɪ
подлокотники	pʌdɭʌkˈotʲnʲikʲɪ
вытерты	vˈytʲirty
позволил	pʌzvˈoɭʲiɭ
постоять	pʌstʌˈjatʲ
спинка	spʲˈinka
качнули	katʃʲnˈuɭʲɪ
зияет	ʑiˈjajit
вынутое	vˈynutʌjɪ
обрушить	ʌbrˈuʃytʲ
уложено	uɭˈoʒynʌ
умелой	umʲˈeɭʌj
торца	tʌrtsˈɑ
стронется	strˈonʲitsʌ
здоровы	zdʌrˈovy
смололи	smʌɭˈoɭʲɪ
съели	sjjˈeɭʲɪ
стронуть	strˈonutʲ
умбоны	umbˈony
вмятинах	vmʲˈɑtʲinʌx
смотрится	smˈotrʲitsʌ
фоне	fˈonʲi
наперечёт	nʌpʲirʲitʃʲˈɵt
зашевелился	zʌʃyvʲiɭʲˈiɭsʲʌ
ножки	nˈoʃkʲɪ
подпёрта	pʌtpʲˈɵrta
щепкой	ɕˈepkʌj
качнёт	katʃʲnʲˈɵt
вечеров	vʲitʃʲirˈof
олово	ˈoɭʌvʌ
хозяйская	xʌʑˈɑjskʌja
донья	dˈonjja
потёках	pʌtʲˈɵkʌx
усердно	usʲˈerdnʌ
сытому	sˈytʌmu
кивнёт	kʲivnʲˈɵt
свечные	svʲitʃʲnˈyjɪ
огарки	ʌɡˈɑrkʲɪ
трубка	trˈupka
жестянка	ʒysʲtʲˈɑnka
новее	nʌvʲˈejɪ
молоток	mʌɭʌtˈok
клещи	kɭʲˈeɕɪ
заколачивают	zʌkʌɭatʃʲˈivʌjut
сыра	sˈyra
связки	svʲˈɑskʲɪ
солонина	sʌɭʌnʲˈina
бочонке	bʌtʃʲˈonkʲi
крупы	krˈupy
отсыпает	ʌtsypˈɑjit
залу	zˈɑɭu
чулан	tʃʲuɭˈɑn
исчезнуть	ɪɕˈeznutʲ
походное	pʌxˈodnʌjɪ
обозника	ʌbˈoʑnʲika
пасечной	pˈɑsʲitʃʲnʌj
замочной	zamˈotʃʲnʌj
полотнища	pʌɭˈotʲnʲiɕʌ
натёки	natʲˈɵkʲɪ
безликий	bʲizɭʲˈikʲij
конечно	kʌnʲˈeʃnʌ
груду	ɡrˈudu
молол	mʌɭˈoɭ
бесконечный	bʲiskʌnʲˈetʃʲnyj
доход	dʌxˈot
теряли	tʲirʲˈɑɭʲɪ
помечает	pʌmʲitʃʲˈɑjit
питали	pʲitˈɑɭʲɪ
исчезала	ɪɕizˈɑɭa
всякую	fsʲˈɑkuju
передышку	pʲirʲidˈyʃku
лечиться	ɭʲitʃʲˈitsʌ
грелись	ɡrʲˈeɭʲisʲ
щёлкнуть	ɕˈɵɭknutʲ
скрывала	skryvˈɑɭa
жаровней	ʒarˈovnʲij
указывающий	ukˈɑzyvʌjuɕij
сорванной	sˈorvʌnnʌj
жатвы	ʒˈɑtvy
выкованный	vˈykʌvʌnnyj
пригнувшись	prʲiɡnˈufʃysʲ
обрушенным	ʌbrˈuʃynnym
проломе	prʌɭˈomʲi
полками	pʌɭkˈɑmʲɪ
молельня	mʌɭʲˈeɭʲnʲʌ
выложенная	vˈyɭʌʒynnʌja
проседающая	prʌsʲidˈɑjuɕʌja
занавес	zˈɑnʌvʲis
требующая	trʲˈebujuɕʌja
тронутый	trˈonutyj
интересует	ɪntʲirʲisˈujit
среднюю	srʲˈednʲuju
рудничным	rudnʲˈitʃʲnym
оглядки	ʌɡɭʲˈɑtkʲɪ
подалась	pʌdaɭˈɑsʲ
тронь	trˈonʲ
входим	fxˈodʲim
протискиваетесь	prʌtʲˈiskʲivʌjitʲisʲ
выменять	vˈymʲinʲʌtʲ
хороши	xʌrʌʃˈy
одношаговы	ʌdnʌʃˈɑɡʌvy
находках	naxˈotkʌx
межевого	mʲiʒyvˈovʌ
тура	tˈura
охотничьего	ʌxˈotʲnʲitʃʲjjivʌ
приметами	prʲimʲˈetʌmʲɪ
отстоит	ʌtstʌˈit
полсотни-две	pʌɭsˈotʲnʲɪdvʲˈe
раскладе	raskɭˈɑdʲi
четвёртые	tʃʲitvʲˈɵrtyjɪ
положив	pʌɭʌʒˈyf
выдачи	vˈydʌtʃʲɪ
возчик	vˈoɕik
беглый	bʲˈeɡɭyj
дошедший	dʌʃˈɛtʃyj
травница	travnʲˈitsa
выцарапанный	vˈytsʌrʌpʌnnyj
угольку	uɡʌɭʲkˈu
процарапана	prʌtsarˈɑpʌna
полоска	pʌɭˈoska
коры	kˈory
обороте	ʌbʌrˈotʲi
резьбы	rʲiʑbˈy
подобрал	pʌdʌbrˈɑɭ
припрятана	prʲiprʲˈɑtʌna
разберитесь	rʌzbʲirʲˈitʲisʲ
денется	dʲˈenʲitsʌ
находки-метки	naxˈotkʲɪmʲˈetkʲɪ
писанная	pʲˈisʌnnʌja
истёршийся	ɪsʲtʲˈɵrʃyjsʲʌ
лопаты	ɭʌpˈɑty
разъездом	razjjˈezdʌm
царских	tsˈɑrskʲix
заброшенных	zabrˈoʃynnyx
путях	putʲˈɑx
встретишь	fstrʲˈetʲiʃ
окликнули	ʌkɭʲˈiknuɭʲɪ
контекстное	kʌntʲˈeksnʌjɪ
открывало	ʌtkryvˈɑɭʌ
сделало	ʑdʲˈeɭʌɭʌ
ответов	ʌtvʲˈetʌf
делегируют	dʲiɭʲiɡʲˈirujut
звуко	zvˈukʌ
бочке	bˈotʃʲkʲi
бочк	bˈotʃʲk
лежанк	ɭʲiʒˈɑnk
стойк	stˈojk
доск	dˈosk
доведённое	dʌvʲidʲˈɵnnʌjɪ
излому	ɪzɭˈomu
примечательная	prʲimʲitʃʲˈɑtʲiɭʲnʌja
щупал	ɕˈupʌɭ
конторка	kʌntˈorka
ящиком	ˈjaɕikʌm
выдвинут	vˈydvʲinut
тряпицей	trʲapʲˈitsyj
исписанный	ɪspʲˈisʌnnyj
муха	mˈuxa
открывалась	ʌtkryvˈɑɭʌsʲ
навалится	navˈɑɭʲitsʌ
посторонних	pʌstʌrˈonnʲix
тяг	tʲˈɑk
косяку	kʌsʲakˈu
воздухом	vˈozduxʌm
взводить	vzvʌdʲˈitʲ
опущен	ʌpˈuɕin
отработал	ʌtrabˈotʌɭ
отпер	ˈotpʲir
вздрогнул	vzdrˈoɡnuɭ
хрустом	xrˈustʌm
оборвана	ʌbˈorvʌna
ощупывает	ʌɕˈupyvʌjit
упереться	upʲirʲˈetsʌ
приёма	prʲiˈɵma
двигали	dvʲˈiɡʌɭʲɪ
натекло	nʌtʲikɭˈo
ненайденной	nʲinajdʲˈennʌj
ловушке	ɭʌvˈuʃkʲi
створку	stvˈorku
помещениях	pʌmʲiɕˈenʲijax
сводилось	svʌdʲˈiɭʌsʲ
простукиванием	prʌstukʲivˈɑnʲijim
колонне	kʌɭˈonnʲi
наличие	naɭʲˈitʃʲijɪ
раму	rˈɑmu
отодвинуть	ʌtʌdvʲˈinutʲ
столешница	stʌɭʲˈeʃnʲitsa
половица	pʌɭʌvʲˈitsa
поддеть	pʌdʲdʲˈetʲ
половицу	pʌɭʌvʲˈitsu
выемка	vˈyjimka
шатающийся	ʃatˈɑjuɕijsʲʌ
лаз	ɭˈɑs
лючину	ɭʲutʃʲˈinu
обрушенная	ʌbrˈuʃynnʌja
кожух	kʌʒˈux
дну	dnˈu
балка	bˈɑɭka
балки	bˈɑɭkʲɪ
влезть	vɭʲˈesʲtʲ
щель	ɕˈelʲ
крюком	krʲukˈom
писаная	pʲˈisʌnʌja
второпях	ftʌrʌpʲˈɑx
прочтена	prʌtʃʲtʲinˈɑ
бородками	bʌrˈotkʌmʲɪ
выбитая	vˈybʲitʌja
истлел	ɪstɭʲˈeɭ
мешочек	mʲiʃˈotʃʲik
обгоревший	ʌbɡʌrʲˈefʃyj
подрядом	pʌdrʲˈɑdʌm
кладёте	kɭadʲˈɵtʲi
обрывке	ʌbrˈyfkʲi
придачу	prʲidˈɑtʃʲu
хорош	xʌrˈoʃ
дотянулась	dʌtʲanˈuɭʌsʲ
указанный	ukˈɑzʌnnyj
предыдущим	prʲidydˈuɕim
тайником	tʌjnʲikˈom
доставать	dʌstavˈɑtʲ
оказалась	ʌkazˈɑɭʌsʲ
тайникам	tʌjnʲikˈɑm
указанных	ukˈɑzʌnnyx
укромное	ukrˈomnʌjɪ
помещении	pʌmʲiɕˈenʲiɪ
обстановке	ʌpstanˈofkʲi
обобранная	ʌbˈobrʌnnʌja
прочтённый	prʌtʃʲtʲˈɵnnyj
комоде	kʌmˈodʲi
рычагом	rytʃʲaɡˈom
хэшу	xˈɛʃu
выдвинутый	vˈydvʲinutyj
задвигается	zʌdvʲiɡˈɑjitsʌ
включаются	fkɭʲutʃʲˈɑjutsʌ
выключаются	vykɭʲutʃʲˈɑjutsʌ
заберёте	zʌbʲirʲˈɵtʲi
дверной	dvʲirnˈoj
задвинут	zadvʲˈinut
упора	upˈora
голым	ɡˈoɭym
пробовали	prˈobʌvʌɭʲɪ
сбит	zbʲˈit
взломан	vzɭˈomʌn
поддастся	pʌddˈɑstʲsʲʌ
шкафу	ʃkˈɑfu
наведена	nʌvʲidʲinˈɑ
перевёрнуты	pʲirʲivʲˈɵrnuty
заправлен	zaprˈɑvɭʲin
расчищен	raɕˈiɕin
зажаты	zaʒˈɑty
ножка	nˈoʃka
подломлена	pʌdɭˈomɭʲina
ходуном	xʌdunˈom
наговора	nʌɡʌvˈora
забирала	zʌbʲirˈɑɭa
зависящие	zavʲˈisʲʌɕijɪ
затёрли	zatʲˈɵrɭʲɪ
поправкой	pʌprˈɑfkʌj
повреждена	pʌvrʲiʒdʲinˈɑ
исключением	ɪskɭʲutʃʲˈenʲijim
замечал	zʌmʲitʃʲˈɑɭ
велика	vʲiɭʲˈika
договором	dʌɡʌvˈorʌm
вытертая	vˈytʲirtʌja
зарубками	zarˈupkʌmʲɪ
сплошь	spɭˈoʃ
покрытая	pʌkrˈytʌja
стёрта	sʲtʲˈɵrta
жёлобом	ʒˈoɭʌbʌm
клановом	kɭanˈovʌm
объяснением	ʌbjjasʲnʲˈenʲijim
патрон	patrˈon
чтят	tʃʲtʲˈɑt
здешняя	ʑdʲˈeʃnʲʌja
недобра	nʲidʌbrˈɑ
помиритесь	pʌmʲirʲˈitʲisʲ
обрядовое	ʌbrʲˈɑdʌvʌjɪ
подобающее	pʌdʌbˈɑjuɕijɪ
гласит	ɡɭasʲˈit
разглядеть	rʌzɡɭʲadʲˈetʲ
восстановите	vʌsstanˈovʲitʲi
уметь	umʲˈetʲ
поместить	pʌmʲisʲtʲˈitʲ
разбитую	razbʲˈituju
вытянет	vˈytʲʌnʲit
насытит	nasˈytʲit
насыщает	nʌsyɕˈɑjit
загустел	zʌɡusʲtʲˈeɭ
состоянием	sʌstʌˈjanʲijim
повреждённый	pʌvrʲiʒdʲˈɵnnyj
возможный	vʌzmˈoʒnyj
лишней	ɭʲˈiʃnʲij
нетронут	nʲitrˈonut
доросло	dʌrʌsɭˈo
разбору	razbˈoru
интерактивных	ɪntɛraktʲˈivnyx
шкафов	ʃkafˈof
столов	stʌɭˈof
очагов	ʌtʃʲaɡˈof
лестниц	ɭʲˈesnʲits
проёме	prʌˈɵmʲi
повернулся	pʌvʲirnˈuɭsʲʌ
взламывать	vzɭˈɑmyvʌtʲ
соскользнула	sʌskʌɭʲznˈuɭa
молни	mˈoɭnʲɪ
вскрикнул	fskrʲˈiknuɭ
подслушать	pʌtsɭˈuʃʌtʲ
сундукам	sundukˈɑm
звону	zvˈonu
качнуть	katʃʲnˈutʲ
чувствуется	tʃʲˈustvujitsʌ
натяжка	natʲˈɑʃka
пучок	putʃʲˈok
документы	dʌkumʲˈenty
вашем	vˈɑʃym
летела	ɭʲitʲˈeɭa
плеснула	pɭʲisnˈuɭa
колодцу	kʌɭˈottsu
глубок	ɡɭubˈok
бурлит	burɭʲˈit
спустить	spusʲtʲˈitʲ
шарили	ʃˈɑrʲiɭʲɪ
голое	ɡˈoɭʌjɪ
приготовить	prʲiɡʌtˈovʲitʲ
стряпни	strʲapnʲˈɪ
цоколе	tsˈokʌɭʲi
спокоен	spʌkˈojin
скребёт	skrʲibʲˈɵt
дверное	dvʲirnˈojɪ
вызывали	vyzyvˈɑɭʲɪ
возвращала	vʌzvraɕˈɑɭa
положениях	pʌɭʌʒˈɛnʲijax
изучая	ɪzutʃʲˈɑja
объекту	ʌbjjˈektu
перерисовывают	pʲirʲirʲisʌvˈyvʌjut
измениться	ɪzmʲinʲˈitsʌ
затирало	zatʲˈirʌɭʌ
прогоном	prʌɡˈonʌm
называла	nʌzyvˈɑɭa
получил	pʌɭutʃʲˈiɭ
показа	pʌkˈɑza
обещанным	ʌbʲˈeɕʌnnym
ковке	kˈofkʲi
рунам	rˈunʌm
артефакторике	artʲifˈɑktʌrʲikʲi
зачарованию	zʌtʃʲarˈovʌnʲiju
травам	trˈɑvʌm
низком	nʲˈiskʌm
делегирует	dʲiɭʲiɡʲˈirujit
умелец	umʲˈeɭʲits
мутного	mˈutnʌvʌ
измельчить	ɪzmʲiɭʲtʃʲˈitʲ
нагреть	naɡrʲˈetʲ
стряпня	strʲapnʲˈɑ
никакое	nʲikakˈojɪ
неизменным	nʲiizmʲˈennym
пилит	pʲˈiɭʲit
камнерез	kʌmnʲirʲˈes
выделывает	vydʲˈeɭyvʌjit
упиралась	upʲirˈɑɭʌsʲ
одевает	ʌdʲivˈɑjit
выделке	vˈydʲiɭkʲi
ткачеству	tkˈɑtʃʲistvu
набирается	nʌbʲirˈɑjitsʌ
поправьте	pʌprˈɑftʲi
плавильная	pɭavʲˈiɭʲnʌja
дубильный	dubʲˈiɭʲnyj
артефакторский	artʲifˈɑktʌrskʲij
камнерезный	kʌmnʲirʲˈeznyj
полезным	pʌɭʲˈeznym
обжигающим	ʌbʒyɡˈɑjuɕim
постоянное	pʌstʌˈjannʌjɪ
смешал	smʲiʃˈɑɭ
записную	zʌpʲisnˈuju
целебный	tsyɭʲˈebnyj
силовой	sʲiɭʌvˈoj
утоляющий	utʌɭʲˈɑjuɕij
вкус	fkˈus
скорый	skˈoryj
скрытный	skrˈytnyj
охранный	ʌxrˈɑnnyj
сводит	svˈodʲit
изведанное	ɪzvʲˈedʌnnʌjɪ
вычитываются	vytʃʲitˈyvʌjutsʌ
составов	sʌstˈɑvʌf
шахтные	ʃˈɑxtnyjɪ
превращалась	prʲivraɕˈɑɭʌsʲ
дробление	drʌbɭʲˈenʲijɪ
обогащение	ʌbʌɡaɕˈenʲijɪ
доводка	dʌvˈotka
написанные	napʲˈisʌnnyjɪ
бадья	badʲjˈja
чаны	tʃʲˈɑny
корьём	kʌrɪjˈɵm
растяжек	rasʲtʲˈɑʒyk
запахом	zˈɑpʌxʌm
трепало	trʲipˈɑɭʌ
стебля	sʲtʲˈebɭʲʌ
змеевик	zmʲijivʲˈik
сути	sˈutʲɪ
резцы	rʲistsˈy
линейка	ɭʲinʲˈejka
гнёздами	ɡnʲˈɵzdʌmʲɪ
оправами	ʌprˈɑvʌmʲɪ
брусом	brˈusʌm
колпаком	kʌɭpakˈom
рудными	rˈudnymʲɪ
жилками	ʒˈyɭkʌmʲɪ
промытая	prʌmˈytʌja
обожжённая	ʌbʌʒʒˈonnʌja
вытянутый	vˈytʲʌnutyj
глыба	ɡɭˈyba
разделанный	raʑdʲˈeɭʌnnyj
распущенный	raspˈuɕinnyj
очищенная	ʌtʃʲˈiɕinnʌja
изнанки	ɪznˈɑnkʲɪ
дубление	dubɭʲˈenʲijɪ
детали	dʲitˈɑɭʲɪ
вырезанные	vˈyrʲizʌnnyjɪ
отбитый	ʌdbʲˈityj
волокна	vʌɭˈokna
скрученная	skrˈutʃʲinnʌja
вытканный	vˈytkʌnnyj
жира	ʒˈyra
выпрямленная	vˈyprʲʌmɭʲinnʌja
резаная	rʲˈezʌnʌja
отжатая	ʌdʒˈɑtʌja
сгущённая	zɡuɕˈɵnnʌja
напитанная	napʲˈitʌnnʌja
эфиром	ɛfʲˈirʌm
сведённая	svʲidʲˈɵnnʌja
выправленная	vˈyprʌvɭʲinnʌja
плашка	pɭˈɑʃka
кувалда	kuvˈɑɭda
глыбу	ɡɭˈybu
щебня	ɕˈebnʲʌ
промывка	prʌmˈyfka
нагрев	naɡrʲˈef
передержишь	pʲirʲidʲˈerʒyʃ
лопнет	ɭˈopnʲit
недодержишь	nʲidʌdʲˈerʒyʃ
согнётся	sʌɡnʲˈɵtsʌ
колоть	kʌɭˈotʲ
тесать	tʲisˈɑtʲ
чище	tʃʲˈiɕi
шлифовать	ʃɭʲifʌvˈɑtʲ
звенеть	zvʲinʲˈetʲ
раскряжевать	rʌskrʲʌʒyvˈɑtʲ
сук	sˈuk
винтом	vʲintˈom
распустить	rʌspusʲtʲˈitʲ
опилки	ʌpʲˈiɭkʲɪ
сыплются	sˈypɭʲutsʌ
нижнему	nʲˈiʒnʲimu
склеить	skɭʲˈeitʲ
цельного	tsˈɛɭʲnʌvʌ
мездрить	mʲizdrʲˈitʲ
изнанку	ɪznˈɑnku
скоблят	skʌbɭʲˈɑt
тупым	tupˈym
грязная	ɡrʲˈɑznʌja
выделать	vˈydʲiɭʌtʲ
корьё	kʌrɪjˈɵ
слушаться	sɭˈuʃʌtsʌ
кроить	krʌˈitʲ
лекало	ɭʲikˈɑɭʌ
гладилка	ɡɭadʲˈiɭka
раскрой	raskrˈoj
повиснет	pʌvʲˈisʲnʲit
сшить	ʃʃˈytʲ
трепать	trʲipˈɑtʲ
трепалом	trʲipˈɑɭʌm
прясть	prʲˈɑstʲ
слюна	sɭʲunˈɑ
задумалась	zadˈumʌɭʌsʲ
уток	utˈok
бёрда	bʲˈɵrda
слободу	sɭʌbʌdˈu
выварить	vˈyvʌrʲitʲ
клеить	kɭʲˈeitʲ
пластину	pɭasʲtʲˈinu
распрямляют	rʌsprʲamɭʲˈɑjut
пластины	pɭasʲtʲˈiny
отжать	ʌdʒˈɑtʲ
вытяжку	vˈytʲʌʃku
пресс	prʲˈess
сгустить	zɡusʲtʲˈitʲ
перегонка	pʲirʲiɡˈonka
малом	mˈɑɭʌm
крепким	krʲˈepkʲim
калят	kaɭʲˈɑt
эфире	ɛfʲˈirʲi
замкнуть	zamknˈutʲ
замыкают	zʌmykˈɑjut
выправить	vˈyprʌvʲitʲ
рунную	rˈunnuju
заготовку	zʌɡʌtˈofku
плашку	pɭˈɑʃku
линейку	ɭʲinʲˈejku
придирка	prʲidʲˈirka
выдачей	vˈydʌtʃʲij
работами	rabˈotʌmʲɪ
шлак	ʃɭˈɑk
целость	tsˈɛɭʌstʲ
огранить	ʌɡranʲˈitʲ
мутных	mˈutnyx
отгоняется	ʌdɡʌnʲˈɑjitsʌ
сплести	spɭʲisʲtʲˈɪ
сборке	zbˈorkʲi
огрызками	ʌɡrˈyskʌmʲɪ
затратного	zatrˈɑtnʌvʌ
ограниченного	ʌɡranʲˈitʃʲinnʌvʌ
фиксация	fʲiksˈɑtsyja
укладывается	ukɭˈɑdyvʌjitsʌ
похлёбку	pʌxɭʲˈɵpku
техникой	tʲˈexnʲikʌj
сорвавшейся	sʌrvˈɑfʃyjsʲʌ
дрогнет	drˈoɡnʲit
ядовитое	jadʌvʲˈitʌjɪ
состоял	sʌstʌˈjaɭ
сосудом	sʌsˈudʌm
сводили	svʌdʲˈiɭʲɪ
изведанного	ɪzvʲˈedʌnnʌvʌ
удаче	udˈɑtʃʲi
срыве	srˈyvʲi
заказывали	zakˈɑzyvʌɭʲɪ
удавшаяся	udˈɑfʃʌjasʲʌ
выпит	vˈypʲit
немы	nʲˈemy
двинешь	dvʲˈinʲiʃ
разведена	rʌzvʲidʲinˈɑ
истрачен	ɪstrˈɑtʃʲin
меткам	mʲˈetkʌm
префикс	prʲˈefʲiks
пало	pˈɑɭʌ
перегрели	pʲirʲiɡrʲˈeɭʲɪ
недогрели	nʲidˈoɡrʲiɭʲɪ
дрогнула	drˈoɡnuɭa
свернулся	svʲirnˈuɭsʲʌ
пропорция	prʌpˈortsyja
осело	ʌsʲˈeɭʌ
мастерствам	mʌsʲtʲirstvˈɑm
просятся	prˈosʲʌtsʌ
двухуровневое	dvuxurˈovnʲivʌjɪ
трёмстам	trʲˈɵmstʌm
страницам	stranʲˈitsʌm
многоступенчатое	mnʌɡʌstupʲˈentʃʲʌtʌjɪ
требовательнее	trʲˈebʌvʌtʲiɭʲnʲijɪ
прибавлял	prʲibavɭʲˈɑɭ
назначений	nʌznatʃʲˈenʲij
слепнет	sɭʲˈepnʲit
обид	ʌbʲˈit
понятливый	pʌnʲˈɑtɭʲivyj
пристаёт	prʲistaˈɵt
умное	ˈumnʌjɪ
ясная	ˈjasnʌja
злое	zɭˈojɪ
припасу	prʲipˈɑsu
подкладывать	pʌtkɭˈɑdyvʌtʲ
подставить	pʌtstˈɑvʲitʲ
обегает	ʌbʲˈeɡʌjit
чуять	tʃʲˈujatʲ
запоминать	zʌpʌmʲinˈɑtʲ
вязать	vʲazˈɑtʲ
сбивать	zbʲivˈɑtʲ
перевязывает	pʲirʲivʲˈɑzyvʌjit
отпаивает	ʌtpˈɑivʌjit
слеп	sɭʲˈep
прожорлив	prʌʒˈorɭʲif
медлителен	mʲidɭʲˈitʲiɭʲin
накормите	nakˈormʲitʲi
слепоту	sɭʲipʌtˈu
голоден	ɡˈoɭʌdʲin
скован	skˈovʌn
проверяемо	prʌvʲirʲˈɑjimʌ
шевельнулось	ʃyvʲiɭʲnˈuɭʌsʲ
изъяна	ɪzjˈjana
топится	tˈopʲitsʌ
дождитесь	dʌʒdʲˈitʲisʲ
накормлен	nakˈormɭʲin
обежал	ʌbʲiʒˈɑɭ
перевязал	pʲirʲivʲazˈɑɭ
отпоил	ʌtpʌˈiɭ
ненайденный	nʲinajdʲˈennyj
носом	nˈosʌm
заскрёбся	zaskrʲˈɵpsʲʌ
переучивать	pʲirʲiˈutʃʲivʌtʲ
переучен	pʲirʲiˈutʃʲin
отпускать	ʌtpuskˈɑtʲ
выпущен	vˈypuɕin
качнулся	katʃʲnˈuɭsʲʌ
выведутся	vˈyvʲidutʲsʲʌ
перебирать	pʲirʲibʲirˈɑtʲ
начертить	nʌtʃʲirtʲˈitʲ
ошибаться	ʌʃybˈɑtsʌ
трубе	trubʲˈe
гарью	ɡˈɑrɪjju
холоден	xˈoɭʌdʲin
сидящий	sʲidʲˈɑɕij
станете	stˈɑnʲitʲi
остывшем	ʌstˈyfʃym
прядёт	prʲadʲˈɵt
потускнеют	pʌtusknʲˈejut
остынете	ʌstˈynʲitʲi
хотеться	xʌtʲˈetsʌ
взыщет	vzˈyɕit
отпирающий	ʌtpʲirˈɑjuɕij
пьющий	pjˈjuɕij
царапина	tsarˈɑpʲina
схватке	sxvˈɑtkʲi
живущий	ʒyvˈuɕij
зеркале	ʑˈerkʌɭʲi
отстаёт	ʌtstaˈɵt
полмига	pʌɭmʲˈiɡa
чести	tʃʲˈesʲtʲɪ
просядет	prʌsʲˈɑdʲit
кующий	kuˈjuɕij
топили	tʌpʲˈiɭʲɪ
ходящий	xʌdʲˈɑɕij
забравший	zabrˈɑfʃyj
обнулятся	ʌbnuɭʲˈɑtsʌ
следами	sɭʲidˈɑmʲɪ
изгоняет	ɪzɡʌnʲˈɑjit
сгорел	zɡʌrʲˈeɭ
позвана	pˈozvʌna
помощника	pʌmˈoʃnʲika
помощников	pʌmˈoʃnʲikʌf
прошедшим	prʌʃˈɛtʃym
действующая	dʲˈejstvujuɕʌja
неработающее	nʲirʌbʌtˈɑjuɕijɪ
сиплый	sʲˈipɭyj
стёрлись	sʲtʲˈɵrɭʲisʲ
остыло	ʌstˈyɭʌ
взыскан	vzˈyskʌn
засовы	zasˈovy
прогар	prʌɡˈɑr
бессонница	bʲissˈonnʲitsa
явившийся	javʲˈifʃyjsʲʌ
смазался	smˈɑzʌɭsʲʌ
прореху	prʌrʲˈexu
потянуло	pʌtʲanˈuɭʌ
изгоняют	ɪzɡʌnʲˈɑjut
дымом	dˈymʌm
заглядывал	zaɡɭʲˈɑdyvʌɭ
перечитывать	pʲirʲitʃʲˈityvʌtʲ
позван	pˈozvʌn
одержимости	ʌdʲirʒˈymʌsʲtʲɪ
званого	zvˈɑnʌvʌ
применили	prʲimʲinʲˈiɭʲɪ
кузнечные	kuʑnʲˈetʃʲnyjɪ
рудные	rˈudnyjɪ
сокрушителен	sʌkruʃˈytʲiɭʲin
травничества	travnʲˈitʃʲistva
вышедшая	vˈyʃytʃʌja
ближайшем	bɭʲiʒˈɑjʃym
успокаивается	uspʌkˈɑivʌjitsʌ
сосредоточения	sʌsrʲidʌtˈotʃʲinʲija
прозрачной	prʌzrˈɑtʃʲnʌj
павшим	pˈɑfʃym
закончен	zakˈontʃʲin
путаются	pˈutʌjutsʌ
по-вашему	pˈovˈɑʃymu
считаться	ɕitˈɑtsʌ
спрячется	sprʲˈɑtʃʲitsʌ
отдав	ʌddˈɑf
примут	prʲˈimut
становитесь	stʌnʌvʲˈitʲisʲ
назовите	nʌzʌvʲˈitʲi
перелёт	pʲirʲiɭʲˈɵt
шагнув	ʃaɡnˈuf
народами	narˈodʌmʲɪ
догадка	dʌɡˈɑtka
неудавшихся	nʲiudˈɑfʃyxsʲʌ
плодородие	pɭʌdʌrˈodʲijɪ
уродство	urˈotstvʌ
рождение	rʌʒdʲˈenʲijɪ
утробы	utrˈoby
пытка	pˈytka
тлеющего	tɭʲˈejuɕivʌ
стёрли	sʲtʲˈɵrɭʲɪ
стёртого	sʲtʲˈɵrtʌvʌ
страхом	strˈɑxʌm
увечье	uvʲˈetʃʲjjɪ
аэрон	aɛrˈon
сбросил	zbrˈosʲiɭ
стигос	sʲtʲˈiɡʌs
сотым	sˈotym
нерешённое	nʲirʲiʃˈonnʌjɪ
светов	svʲˈetʌf
орхан	ˈorxʌn
ломающий	ɭʌmˈɑjuɕij
сломанного	sɭˈomʌnnʌvʌ
саркис	sˈɑrkʲis
многоглазый	mnʌɡʌɡɭˈɑzyj
куорра	kuˈorra
разрывная	rʌzryvnˈɑja
измена	ɪzmʲˈena
разорванной	razˈorvʌnnʌj
бельзур	bʲˈeɭʲzur
иренна	ɪrʲˈenna
зарут	zarˈut
низшие	nʲˈiʃʃyjɪ
рождаются	rʌʒdˈɑjutsʌ
одежду	ʌdʲˈeʒdu
прокладывают	prʌkɭˈɑdyvʌjut
наедаются	nʌjidˈɑjutsʌ
отражают	ʌtraʒˈɑjut
бодрствуют	bˈodrstvujut
ртами	rtˈɑmʲɪ
выводками	vˈyvʌtkʌmʲɪ
утонувших	utʌnˈufʃyx
вытягивают	vytʲˈɑɡʲivʌjut
разбавлена	razbˈɑvɭʲina
пешими	pʲˈeʃymʲɪ
отрастают	ʌtrastˈɑjut
рёбер	rʲˈɵbʲir
пахнут	pˈɑxnut
раскрылись	raskrˈyɭʲisʲ
мягкие	mʲˈɑxkʲijɪ
ближайшим	bɭʲiʒˈɑjʃym
подобранные	pʌdˈobrʌnnyjɪ
кладам	kɭˈɑdʌm
вынутого	vˈynutʌvʌ
починено	pʌtʃʲˈinʲinʌ
обобрано	ʌbˈobrʌnʌ
прочтён	prʌtʃʲtʲˈɵn
недособранный	nʲidʌsˈobrʌnnyj
забывало	zabˈyvʌɭʌ
открытиями	ʌtkrˈytʲijamʲɪ
исследованы	ɪssɭʲˈedʌvʌny
действующий	dʲˈejstvujuɕij
прореживает	prʌrʲiʒˈyvʌjit
прилетевшего	prʲiɭʲitʲˈefʃyvʌ
огромен	ʌɡrˈomʲin
безымянен	bʲizymʲˈɑnʲin
встраивание	fstrˈɑivʌnʲijɪ
пройденных	prˈojdʲinnyx
опустошённые	ʌpustʌʃˈonnyjɪ
купленные	kˈupɭʲinnyjɪ
унесённые	unʲisʲˈɵnnyjɪ
артефактами	artʲifˈɑktʌmʲɪ
известности	ɪzvʲˈesnʌsʲtʲɪ
синхронизации	sʲinxrʌnʲizˈɑtsyɪ
работающее	rabˈotʌjuɕijɪ
переселять	pʲirʲisʲiɭʲˈɑtʲ
волевой	vʌɭʲivˈoj
обзора	ʌbzˈora
уроном	urˈonʌm
допрос	dʌprˈos
атрибут	atrʲibˈut
помех	pʌmʲˈex
смертельным	smʲirtʲˈeɭʲnym
ложилась	ɭʌʒˈyɭʌsʲ
функцию	fˈunktsyju
заданиях	zadˈɑnʲijax
заключении	zʌkɭʲutʃʲˈenʲiɪ
заводят	zavˈodʲʌt
сумму	sˈummu
подрезанную	pʌdrʲˈezʌnnuju
пределу	prʲidʲˈeɭu
живётся	ʒyvʲˈɵtsʌ
вялым	vʲˈɑɭym
петле	pʲitɭʲˈe
глохнут	ɡɭˈoxnut
обратного	ʌbrˈɑtnʌvʌ
изменённой	ɪzmʲinʲˈɵnnʌj
вялое	vʲˈɑɭʌjɪ
движущиеся	dvʲˈiʒuɕijisʲʌ
разобранных	razˈobrʌnnyx
мутагенные	mutaɡʲˈennyjɪ
стабильного	stabʲˈiɭʲnʌvʌ
мутировавшему	mutʲirˈovʌfʃymu
полос	pʌɭˈos
вытесняет	vytʲisʲnʲˈɑjit
телепорт	tʲiɭʲipˈort
пройденные	prˈojdʲinnyjɪ
прожитые	prˈoʒytyjɪ
технологиями	tʲixnʌɭˈoɡʲijamʲɪ
взаимосвязанных	vzʌimʌsvʲˈɑzʌnnyx
умениями	umʲˈenʲijamʲɪ
считающихся	ɕitˈɑjuɕixsʲʌ
ремесленное	rʲimʲˈesɭʲinnʌjɪ
касательной	kasˈɑtʲiɭʲnʌj
метательное	mʲitˈɑtʲiɭʲnʌjɪ
броски	brˈoskʲɪ
дротика	drˈotʲika
рукопашный	rukʌpˈɑʃnyj
сокрушительные	sʌkruʃˈytʲiɭʲnyjɪ
утолённая	utʌɭʲˈɵnnʌja
добытая	dʌbˈytʌja
бываете	byvˈɑjitʲi
разведённые	rʌzvʲidʲˈɵnnyjɪ
ночёвки	nʌtʃʲˈɵfkʲɪ
привалы	prʲivˈɑɭy
перемены	pʲirʲimʲˈeny
одеваетесь	ʌdʲivˈɑjitʲisʲ
картография	kʌrtʌɡrˈɑfʲija
прошедшие	prʌʃˈɛtʃyjɪ
узнаёте	uznaˈɵtʲi
слабо	sɭˈɑbʌ
укрытые	ukrˈytyjɪ
родное	rʌdnˈojɪ
даны	danˈy
расплёскивается	raspɭʲˈɵskʲivʌjitsʌ
шестнадцатую	ʃysnˈɑttsʌtuju
десятая	dʲisʲˈɑtʌja
роняете	rʌnʲˈɑjitʲi
принятые	prʲˈinʲʌtyjɪ
начертанные	natʃʲˈertʌnnyjɪ
сорванные	sˈorvʌnnyjɪ
весите	vʲˈesʲitʲi
лидерство	ɭʲˈidʲirstvʌ
ломаете	ɭʌmˈɑjitʲi
сработали	srabˈotʌɭʲɪ
гнёте	ɡnʲˈɵtʲi
пойманные	pˈojmʌnnyjɪ
недомолвки	nʲidʌmˈoɭfkʲɪ
проверенные	prʌvʲˈerʲinnyjɪ
простить	prʌsʲtʲˈitʲ
камнереза	kʌmnʲirʲˈeza
инструментов	ɪnstrumʲˈentʌf
копье	kʌpjjˈe
заработанная	zʌrabˈotʌnnʌja
перейдено	pʲirʲijdʲinˈo
кормили	kʌrmʲˈiɭʲɪ
гасило	ɡasʲˈiɭʌ
нужду	nuʒdˈu
обнуляло	ʌbnuɭʲˈɑɭʌ
потребитель	pʌtrʲibʲˈitʲilʲ
убывают	ubyvˈɑjut
разрослось	rʌzrʌsɭˈosʲ
абзацев	abzˈɑtsyf
начаты	nˈɑtʃʲʌty
кож	kˈoʃ
инструм	ˈɪnstrum
снаст	snˈɑst
игл	ˈɪɡɭ
клещ	kɭʲˈeɕ
стабильное	stabʲˈiɭʲnʌjɪ
мутировавшее	mutʲirˈovʌfʃyjɪ
утекает	utʲikˈɑjit
чуешь	tʃʲˈujiʃ
зверьём	zvʲirɪjˈɵm
частичное	tʃʲasʲtʲˈitʃʲnʌjɪ
устойчивое	ustˈojtʃʲivʌjɪ
усваивает	usvˈɑivʌjit
отторгнуто	ʌttˈorɡnutʌ
растаял	rastˈɑjaɭ
устойчиво	ustˈojtʃʲivʌ
усвоенных	usvˈojinnyx
поверхностный	pʌvʲˈerxnʌsnyj
увиденный	uvʲˈidʲinnyj
разломные	razɭˈomnyjɪ
решимость	rʲiʃˈymʌstʲ
одиннадцатого	ʌdʲˈinnʌttsʌtʌvʌ
этажа	ɛtaʒˈɑ
архипелаги	arxipʲiɭˈɑɡʲɪ
рифы	rʲˈify
воздушные	vʌzdˈuʃnyjɪ
регионы	rʲiɡʲiˈony
кумирни	kumʲˈirnʲɪ
слепком	sɭʲˈepkʌm
заброшенные	zabrˈoʃynnyjɪ
сохранённые	sʌxranʲˈɵnnyjɪ
надстроены	natstrˈojiny
сходило	sxʌdʲˈiɭʌ
собиралось	sʌbʲirˈɑɭʌsʲ
мужском	muʃskˈom
примерке	prʲimʲˈerkʲi
столбец	stʌɭbʲˈets
грубый	ɡrˈubyj
добротный	dʌbrˈotnyj
отличный	ʌtɭʲˈitʃʲnyj
благословенный	bɭʌɡʌsɭʌvʲˈennyj
добротная	dʌbrˈotnʌja
отличная	ʌtɭʲˈitʃʲnʌja
превосходная	prʲivʌsxˈodnʌja
благословенная	bɭʌɡʌsɭʌvʲˈennʌja
изначальная	ɪznatʃʲˈɑɭʲnʌja
кожаное	kˈoʒʌnʌjɪ
серебряное	sʲirʲˈebrʲʌnʌjɪ
мифриловое	mʲifrʲiɭˈovʌjɪ
адамантовое	adamˈɑntʌvʌjɪ
предтеченское	prʲitʲtʲitʃʲˈenskʌjɪ
изначальное	ɪznatʃʲˈɑɭʲnʌjɪ
материалу	mʌtʲirʲiˈɑɭu
окончанию	ʌkʌntʃʲˈɑnʲiju
ое	ˈojɪ
аяь	ˈɑja
каноническое	kʌnʌnʲˈitʃʲiskʌjɪ
корректными	kʌrrʲˈektnymʲɪ
числовым	tʃʲisɭʌvˈym
бонусом	bˈonusʌm
неполные	nʲipˈoɭnyjɪ
повреждённое	pʌvrʲiʒdʲˈɵnnʌjɪ
ручное	rutʃʲnˈojɪ
отбрасываются	ʌdbrˈɑsyvʌjutsʌ
оставляются	ʌstavɭʲˈɑjutsʌ
индексацию	ɪndɛksˈɑtsyju
пропавшее	prʌpˈɑfʃyjɪ
устраняем	ustranʲˈɑjim
дубликаты	dubɭʲikˈɑty
введения	vvʲidʲˈenʲija
клался	kɭˈɑɭsʲʌ
стартового	stˈɑrtʌvʌvʌ
служебное	sɭuʒˈɛbnʌjɪ
русского	rˈusskʌvʌ
вычищается	vytʃʲiɕˈɑjitsʌ
повреждено	pʌvrʲiʒdʲinˈo
числового	tʃʲisɭʌvˈovʌ
бонуса	bˈonusa
позволяем	pʌzvʌɭʲˈɑjim
откатываемся	ʌtkˈɑtyvʌjimsʲʌ
несуществующего	nʲisuɕistvˈujuɕivʌ
кожаного	kˈoʒʌnʌvʌ
изначального	ɪznatʃʲˈɑɭʲnʌvʌ
предсказуемая	prʲitskazˈujimʌja
лунного	ɭˈunnʌvʌ
лёгкое	ɭʲˈɵxkʌjɪ
звонкое	zvˈonkʌjɪ
обсидиана	ʌpsʲidʲiˈɑna
бритва	brʲˈitva
дублёной	dubɭʲˈɵnʌj
паучьего	paˈutʃʲjjivʌ
шёлка	ʃˈoɭka
невесомо	nʲivʲisˈomʌ
диво	dʲˈivʌ
ясеня	ˈjasʲinʲʌ
янтаря	jantarʲˈɑ
украшает	ukraʃˈɑjit
непростая	nʲiprʌstˈɑja
цеховая	tsyxʌvˈɑja
ковано	kˈovʌnʌ
дружинной	druʒˈynnʌj
поделка	pʌdʲˈeɭka
деревенского	dʲirʲivʲˈenskʌvʌ
подгорных	pʌdɡˈornyx
войсковая	vʌjskʌvˈɑja
пленного	pɭʲˈennʌvʌ
подарочная	pʌdˈɑrʌtʃʲnʌja
переделка	pʲirʲidʲˈeɭka
выменяно	vˈymʲinʲʌnʌ
привале	prʲivˈɑɭʲi
приданого	prʲidˈɑnʌvʌ
горящего	ɡʌrʲˈɑɕivʌ
оставлено	ʌstˈɑvɭʲinʌ
задаток	zadˈɑtʌk
наклоняют	nʌkɭʌnʲˈɑjut
наклон	nakɭˈon
надстроенные	natstrˈojinnyjɪ
тридцатом	trʲittsˈɑtʌm
сороковом	sʌrʌkʌvˈom
генерации	ɡʲinʲirˈɑtsyɪ
схлопывались	sxɭʌpyvˈɑɭʲisʲ
экипируемым	ɛkʲipʲirˈujimym
мягко	mʲˈɑxkʌ
шелестит	ʃyɭʲisʲtʲˈit
пригождается	prʲiɡʌʒdˈɑjitsʌ
надевание	nʌdʲivˈɑnʲijɪ
латы	ɭˈɑty
ткан	tkˈɑn
мантия	mˈɑntʲija
роба	rˈoba
древ	drʲˈef
зель	ʑˈelʲ
склян	skɭʲˈɑn
снадоб	snadˈop
фляг	fɭʲˈɑk
кристал	krʲˈistʌɭ
перстен	pʲˈersʲtʲin
наплеч	napɭʲˈetʃʲ
существительном	suɕistvʲˈitʲiɭʲnʌm
средним	srʲˈednʲim
тускнеет	tusknʲˈejit
сверяется	svʲirʲˈɑjitsʌ
сверки	svʲˈerkʲɪ
идемпотентны	ɪdʲimpˈotʲintny
курсе	kˈursʲi
наденьте	nadʲˈenʲtʲi
взмаху	vzmˈɑxu
творительный	tvʌrʲˈitʲiɭʲnyj
склонением	skɭʌnʲˈenʲijim
частью	tʃʲˈɑstʲjju
именительном	ɪmʲinʲˈitʲiɭʲnʌm
числилась	tʃʲˈisɭʲiɭʌsʲ
оживала	ʌʒyvˈɑɭa
лестницами	ɭʲˈesnʲitsʌmʲɪ
звук-маяк	zvˈukmaˈjak
ударяет	udarʲˈɑjit
обозначения	ʌbʌznatʃʲˈenʲija
опираются	ʌpʲirˈɑjutsʌ
отпирать	ʌtpʲirˈɑtʲ
плитке	pɭʲˈitkʲi
помогало	pʌmʌɡˈɑɭʌ
меновый	mʲinˈovyj
весовая	vʲisʌvˈɑja
сукновальный	suknʌvˈɑɭʲnyj
углевой	uɡɭʲivˈoj
пресветлая	prʲisvʲˈetɭʌja
клятвенный	kɭʲˈɑtvʲinnyj
поминный	pʌmʲˈinnyj
клети	kɭʲˈetʲɪ
бочарный	bʌtʃʲˈɑrnyj
житный	ʒˈytnyj
ларёчная	ɭarʲˈɵtʃʲnʌja
мучной	mutʃʲnˈoj
заставный	zastˈɑvnyj
щитовой	ɕitʌvˈoj
пекарный	pʲikˈɑrnyj
бондарная	bˈondʌrnʌja
плотницкий	pɭˈotʲnʲitskʲij
караул	kʌraˈuɭ
годный	ɡˈodnyj
лекарские	ɭʲˈekʌrskʲijɪ
низкой	nʲˈiskʌj
оградой	ʌɡrˈɑdʌj
грядами	ɡrʲadˈɑmʲɪ
мятой	mʲˈɑtʌj
полынью	pʌɭˈynjju
мена	mʲˈena
пробе	prˈobʲi
ловить	ɭʌvʲˈitʲ
отходы	ʌtxˈody
сырого	syrˈovʌ
невостребованный	nʲivʌstrʲˈebʌvʌnnyj
голубей	ɡʌɭubʲˈej
вытащены	vˈytʌɕiny
сушу	sˈuʃu
водорослями	vˈodʌrʌsɭʲʌmʲɪ
хрустят	xrusʲtʲˈɑt
приют	prʲiˈjut
оставшихся	ʌstˈɑfʃyxsʲʌ
детский	dʲˈetskʲij
построен	pʌstrˈojin
синусе	sʲˈinusʲi
круглых	krˈuɡɭyx
похожие	pʌxˈoʒyjɪ
кратных	krˈɑtnyx
сотне	sˈotʲnʲi
целочисленный	tsyɭʌtʃʲˈisɭʲinnyj
перемешивает	pʲirʲimʲˈeʃyvʌjit
разряды	razrʲˈɑdy
складской	skɭatskˈoj
неразличимы	nʲirʌzɭʲitʃʲˈimy
заходил	zʌxʌdʲˈiɭ
выведенный	vˈyvʲidʲinnyj
неизменный	nʲiizmʲˈennyj
песочных	pʲisˈotʃʲnyx
некроманта	nʲikrʌmˈɑnta
тиной	tʲˈinʌj
плетнём	pɭʲitʲnʲˈɵm
пчёл	ptʃʲˈɵɭ
воска	vˈoska
непрожжённая	nʲiprʌʒʒˈonnʌja
ям	ˈjam
товарниже	tʌvˈɑrnʲiʒy
прогоняют	prʌɡʌnʲˈɑjut
травах	trˈɑvʌx
волках	vʌɭkˈɑx
красят	krˈɑsʲʌt
лошади	ɭˈoʃʌdʲɪ
колокольная	kʌɭʌkˈoɭʲnʌja
замков	zˈɑmkʌf
звездочёта	zvʲizdʌtʃʲˈɵta
откинута	ʌtkʲˈinuta
проём	prʌˈɵm
травницы	travnʲˈitsy
пучки	putʃʲkʲˈɪ
горько	ɡˈorɪkʌ
дюжине	dʲˈuʒynʲi
мелом	mʲˈeɭʌm
белы	bʲˈeɭy
слезятся	sɭʲiʑˈɑtsʌ
ревёт	rʲivʲˈɵt
загонах	zaɡˈonʌx
суконный	sukˈonnyj
локтем	ɭˈoktʲim
обетами	ʌbʲˈetʌmʲɪ
доверху	dˈovʲirxu
целительский	tsyɭʲitʲˈeɭʲskʲij
лежанки	ɭʲiʒˈɑnkʲɪ
перегородкой	pʲirʲiɡʌrˈotkʌj
половицы	pʌɭʌvʲˈitsy
столам	stʌɭˈɑm
интересом	ɪntʲirʲˈesʌm
дощечкам	dʌɕˈetʃʲkʌm
прорицателей	prʌrʲitsˈɑtʲiɭʲij
наёмный	naˈɵmnyj
перечёркнута	pʲirʲitʃʲˈɵrknuta
пятнах	pʲˈɑtnʌx
водят	vˈodʲʌt
китобойный	kʲitʌbˈojnyj
сушатся	sˈuʃʌtʲsʲʌ
привыкли	prʲivˈykɭʲɪ
лазают	ɭˈɑzʌjut
монетным	mʌnʲˈetnym
двором	dvʌrˈom
судом	sudˈom
посольством	pʌsˈoɭʲstvʌm
книгохранилищем	knʲiɡʌxranʲˈiɭʲiɕim
перевешивают	pʲirʲivʲˈeʃyvʌjut
грамотами	ɡrˈɑmʌtʌmʲɪ
вытоптан	vˈytʌptʌn
головам	ɡʌɭʌvˈɑm
посольский	pʌsˈoɭʲskʲij
послы	pʌsɭˈy
грамоты	ɡrˈɑmʌty
населяла	nʌsʲiɭʲˈɑɭa
обрушен	ʌbrˈuʃyn
алтарный	aɭtˈɑrnyj
запирались	zʌpʲirˈɑɭʲisʲ
зарубках	zarˈupkʌx
оплавлены	ʌpɭˈɑvɭʲiny
погребений	pʌɡrʲibʲˈenʲij
нехолодная	nʲixʌɭˈodnʌja
брошены	brˈoʃyny
смыкается	smykˈɑjitsʌ
колко	kˈoɭkʌ
сладко	sɭˈɑtkʌ
ценили	tsynʲˈiɭʲɪ
виде	vʲˈidʲi
рыли	rˈyɭʲɪ
подальше	pʌdˈɑɭʲʃy
поближе	pʌbɭʲˈiʒy
прохладе	prʌxɭˈɑdʲi
регалия	rʲiɡˈɑɭʲija
усыпальницу	usypˈɑɭʲnʲitsu
запретят	zʌprʲitʲˈɑt
ничьих	nʲitʃʲjˈix
осадного	ʌsˈɑdnʌvʌ
подкоп	pʌtkˈop
устроили	ustrˈoiɭʲɪ
дозорное	dʌzˈornʌjɪ
сторожили	stʌrʌʒˈyɭʲɪ
чумного	tʃʲumnˈovʌ
свозили	svʌʑˈiɭʲɪ
больных	bʌɭʲnˈyx
сложились	sɭʌʒˈyɭʲisʲ
дыму	dˈymu
осаждали	ʌsaʒdˈɑɭʲɪ
перебили	pʲirʲibʲˈiɭʲɪ
предпоследнего	prʲitpʌsɭʲˈednʲivʌ
умерли	ˈumʲirɭʲɪ
похолодало	pʌxʌɭʌdˈɑɭʌ
перегрызлись	pʲirʲiɡrˈyzɭʲisʲ
нижнюю	nʲˈiʒnʲuju
заложили	zʌɭʌʒˈyɭʲɪ
уникальная	unʲikˈɑɭʲnʌja
утонувшей	utʌnˈufʃyj
библиотекой	bʲibɭʲiʌtʲˈekʌj
усыпальницей	usypˈɑɭʲnʲitsyj
нижними	nʲˈiʒnʲimʲɪ
перевёрнутым	pʲirʲivʲˈɵrnutym
бездонным	bʲizdˈonnym
негаснущей	nʲiɡasnˈuɕij
топить	tʌpʲˈitʲ
вырезана	vˈyrʲizʌna
стоячим	stʌˈjatʃʲim
нижним	nʲˈiʒnʲim
славится	sɭˈɑvʲitsʌ
выводился	vyvʌdʲˈiɭsʲʌ
названных	nˈɑzvʌnnyx
отвалы	ʌtvˈɑɭy
крошка	krˈoʃka
обращался	ʌbraɕˈɑɭsʲʌ
приняла	prʲinʲaɭˈɑ
винтовые	vʲintʌvˈyjɪ
вывески	vˈyvʲiskʲɪ
мерно	mʲˈernʌ
саркофагов	sʌrkʌfˈɑɡʌf
склепов	skɭʲˈepʌf
створы	stvˈory
бойницами	bʌjnʲˈitsʌmʲɪ
оборону	ʌbʌrˈonu
ноет	nˈojit
выкопано	vˈykʌpʌnʌ
откуда-то	ʌtkˈudatˈo
неизменен	nʲiizmʲˈenʲin
подполом	pˈotpʌɭʌm
сердцу	sʲˈertsu
зеркальных	ʑirkˈɑɭʲnyx
гнилых	ɡnʲiɭˈyx
зашита	zaʃˈyta
отпертая	ˈotpʲirtʌja
прореживаются	prʌrʲiʒˈyvʌjutsʌ
нехватке	nʲixvˈɑtkʲi
чистке	tʃʲˈistkʲi
наполнится	napˈoɭnʲitsʌ
стоила	stˈoiɭa
коротком	kʌrˈotkʌm
выводимый	vyvʌdʲˈimyj
плана	pɭˈɑna
задевая	zʌdʲivˈɑja
теряя	tʲirʲˈɑja
две-четыре	dvʲˈetʃʲitˈyrʲi
разделённые	rʌʑdʲiɭʲˈɵnnyjɪ
перегородками	pʲirʲiɡʌrˈotkʌmʲɪ
внутренними	vnˈutrʲinnʲimʲɪ
дверями	dvʲirʲˈɑmʲɪ
постом	pʌstˈom
сплошные	spɭʌʃnˈyjɪ
куски	kuskʲˈɪ
застройки	zastrˈojkʲɪ
особым	ʌsˈobym
перегородка	pʲirʲiɡʌrˈotka
пересчитывает	pʲirʲiɕˈityvʌjit
полкой	pˈoɭkʌj
книжность	knʲˈiʒnʌstʲ
почитать	pʌtʃʲitˈɑtʲ
оказывалось	ʌkˈɑzyvʌɭʌsʲ
задолжавший	zʌdʌɭʒˈɑfʃyj
свободное	svʌbˈodnʌjɪ
заданному	zˈɑdʌnnʌmu
жилым	ʒyɭˈym
сеткой	sʲˈetkʌj
отшибе	ʌtʃˈybʲi
равные	rˈɑvnyjɪ
промежутки	prʌmʲiʒˈutkʲɪ
коридорами	kʌrʲidˈorʌmʲɪ
пристройками	prʲistrˈojkʌmʲɪ
буквой	bˈukvʌj
стыке	stˈykʲi
голубятни	ɡʌɭubʲˈɑtʲnʲɪ
попыток	pʌpˈytʌk
западными	zˈɑpʌdnymʲɪ
главной	ɡɭˈɑvnʌj
прорубалась	prʌrubˈɑɭʌsʲ
затирала	zatʲˈirʌɭa
раскладывается	raskɭˈɑdyvʌjitsʌ
свободному	svʌbˈodnʌmu
по-старому	pˈostˈɑrʌmu
ничему	nʲitʃʲimˈu
вероятностью	vʲirʌˈjatnʌstʲjju
оказывались	ʌkˈɑzyvʌɭʲisʲ
плоскими	pɭˈoskʲimʲɪ
объёмная	ʌbjˈɵmnʌja
пришедшей	prʲiʃˈɛtʃyj
уходящей	uxʌdʲˈɑɕij
прорубаются	prʌrubˈɑjutsʌ
насильно	nasʲˈiɭʲnʌ
коду	kˈodu
пробьёт	prʌbjˈɵt
легендарных	ɭʲiɡʲindˈɑrnyx
перегородки	pʲirʲiɡʌrˈotkʲɪ
отрезанному	ʌtrʲˈezʌnnʌmu
кратчайший	krattʃʲˈɑjʃyj
достижимой	dʌsʲtʲiʒˈymʌj
выломать	vˈyɭʌmʌtʲ
разбудит	razbˈudʲit
пробивку	prʌbʲˈifku
отрезанных	ʌtrʲˈezʌnnyx
углов	uɡɭˈof
вставала	fstavˈɑɭa
ложилось	ɭʌʒˈyɭʌsʲ
пробивка	prʌbʲˈifka
ведь	vʲˈetʲ
отрезала	ʌtrʲˈezʌɭa
полъяруса	pʌɭjˈjarusa
играющему	ɪɡrˈɑjuɕimu
отрезать	ʌtrʲˈezʌtʲ
недостижимо	nʲidʌsʲtʲiʒˈymʌ
достижим	dʌsʲtʲiʒˈym
оружейную	ʌruʒˈɛjnuju
понятнее	pʌnʲˈɑtʲnʲijɪ
тележная	tʲiɭʲˈeʒnʌja
ярмарочная	ˈjarmʌrʌtʃʲnʌja
ратушная	ratˈuʃnʌja
вяза	vʲˈɑza
сокровищные	sʌkrʌvʲˈiɕnyjɪ
называлось	nʌzyvˈɑɭʌsʲ
пройдя	prʌjdʲˈɑ
заход	zaxˈot
выяснить	vˈyjasʲnʲitʲ
укрепление	ukrʲipɭʲˈenʲijɪ
этаже	ɛtaʒˈɛ
кузницей	kˈuʑnʲitsyj
гробничными	ɡrʌbnʲˈitʃʲnymʲɪ
слышанное	sɭˈyʃʌnnʌjɪ
гончарную	ɡʌntʃʲˈɑrnuju
справочника	sprˈɑvʌtʃʲnʲika
мига	mʲˈiɡa
молвы	mʌɭvˈy
выучился	vˈyutʃʲiɭsʲʌ
кузнях	kˈuʑnʲʌx
кланхоллах	kɭanxˈoɭɭʌx
палатам	paɭˈɑtʌm
известного	ɪzvʲˈesnʌvʌ
деяния	dʲiˈjanʲija
искался	ɪskˈɑɭsʲʌ
лучам	ɭutʃʲˈɑm
попадался	pʌpadˈɑɭsʲʌ
рассыпан	rassˈypʌn
связном	svʲˈɑznʌm
лучей	ɭutʃʲˈej
кольцах	kˈoɭʲtsʌx
лучи	ɭutʃʲˈɪ
проходили	prʌxʌdʲˈiɭʲɪ
покрывает	pʌkryvˈɑjit
дотягиваются	dʌtʲˈɑɡʲivʌjutsʌ
честным	tʃʲˈesnym
следствием	sɭʲˈetstvʲijim
выборки	vˈybʌrkʲɪ
уносили	unʌsʲˈiɭʲɪ
телепорта	tʲiɭʲˈepʌrta
прибавили	prʲibˈɑvʲiɭʲɪ
окрестное	ʌkrʲˈesnʌjɪ
сплелись	spɭʲiɭʲˈisʲ
плотная	pɭˈotnʌja
опереть	ʌpʲirʲˈetʲ
применение	prʲimʲinʲˈenʲijɪ
державных	dʲirʒˈɑvnyx
подручный	pʌdrˈutʃʲnyj
гильдейская	ɡʲiɭʲdʲˈejskʌja
счётной	ɕˈɵtnʌj
поверенный	pʌvʲˈerʲinnyj
сходная	sxˈodnʌja
договорщик	dʌɡʌvˈorɕik
зимний	ʑˈimnʲij
килевая	kʲiɭʲivˈɑja
кулачная	kuɭˈɑtʃʲnʌja
народных	narˈodnyx
научила	nʌutʃʲˈiɭa
тронется	trˈonʲitsʌ
штольник	ʃtʌɭʲnʲˈik
гномий	ɡnˈomʲij
певчая	pʲˈeftʃʲʌja
эльфов	ˈɛɭʲfʌf
песней	pʲˈesʲnʲij
спето	spʲˈetʌ
подпевающий	pʌtpʲivˈɑjuɕij
приливная	prʲiɭʲˈivnʌja
торопливые	tʌrʌpɭʲˈivyjɪ
ныряльщик	nyrʲˈɑɭʲɕik
орков	ˈorkʌf
загонщик	zaɡˈonɕik
ветряная	vʲitrʲanˈɑja
довериться	dʌvʲˈerʲitsʌ
пробующий	prˈobujuɕij
переступая	pʲirʲistupˈɑja
приложится	prʲiɭˈoʒytsʌ
бояться	bʌˈjatsʌ
порожний	pʌrˈoʒnʲij
откупщик	ʌtkupɕˈik
кулаке	kuɭakʲˈe
разжал	raʒʒˈɑɭ
держащий	dʲirʒˈɑɕij
лунных	ɭˈunnyx
разучится	razˈutʃʲitsʌ
совпасть	sʌfpˈɑstʲ
шторма	ʃtˈorma
цифрой	tsˈyfrʌj
державной	dʲirʒˈɑvnʌj
народной	narˈodnʌj
клановой	kɭˈɑnʌvʌj
приключения	prʲikɭʲutʃʲˈenʲija
плат	pɭˈɑt
приключений	prʲikɭʲutʃʲˈenʲij
многоступенчатые	mnʌɡʌstupʲˈentʃʲʌtyjɪ
застанет	zastˈɑnʲit
замком	zˈɑmkʌm
исполнить	ɪspˈoɭnʲitʲ
сможете	smˌoʒytʲi
червоточина	tʃʲirvʌtˈotʃʲina
раковине	rˈɑkʌvʲinʲi
пуповина	pupʌvʲˈina
снимающий	sʲnʲimˈɑjuɕij
наследный	nasɭʲˈednyj
сонная	sˈonnʌja
склянке	skɭʲˈɑnkʲi
горящая	ɡʌrʲˈɑɕʌja
соседнее	sʌsʲˈednʲijɪ
расчистить	raɕˈisʲtʲitʲ
возьмут	vʌʑmˈut
бесплатного	bʲispɭˈɑtnʌvʌ
стирать	sʲtʲirˈɑtʲ
изнанкой	ɪznˈɑnkʌj
совершили	sʌvʲirʃˈyɭʲɪ
неглубок	nʲiɡɭubˈok
показывал	pʌkˈɑzyvʌɭ
бесплатен	bʲispɭˈɑtʲin
хитростью	xˈitrʌstʲjju
горизонтов	ɡʌrʲizˈontʌf
магмовых	maɡmˈovyx
карманов	karmˈɑnʌf
запирающий	zʌpʲirˈɑjuɕij
однократной	ʌdnʌkrˈɑtnʌj
усиленным	usʲˈiɭʲinnym
засову	zasˈovu
натёком	natʲˈɵkʌm
просвечивает	prʌsvʲˈetʃʲivʌjit
воров	vʌrˈof
многоголосый	mnʌɡʌɡʌɭˈosyj
замрёшь	zamrʲˈɵʃ
стихает	sʲtʲixˈɑjit
русло	rˈusɭʌ
вылизанное	vˈyɭʲizʌnnʌjɪ
окаменел	ʌkʌmʲinʲˈeɭ
державшая	dʲirʒˈɑfʃʌja
подперта	pʌtpʲˈerta
выстлан	vˈystɭʌn
уложены	uɭˈoʒyny
мостил	mʌsʲtʲˈiɭ
отполированы	ʌtpʌɭʲirˈovʌny
площадкой	pɭʌɕˈɑtkʌj
уникальную	unʲikˈɑɭʲnuju
плитках	pɭʲˈitkʌx
выводимых	vyvʌdʲˈimyx
посменно	pʌsmʲˈennʌ
сводам	svˈodʌm
чертежи	tʃʲirtʲiʒˈy
холодны	xʌɭʌdnˈy
штейгер	ʃtʲˈejɡʲir
немоты	nʲimʌtˈy
спорами	spˈorʌmʲɪ
тяжелеют	tʲʌʒyɭʲˈejut
скопидом	skʌpʲidˈom
тащит	tˈɑɕit
двойня	dvˈojnʲʌ
прогрызает	prʌɡryzˈɑjit
фонарщик	fʌnˈɑrɕik
мозжечник	mʌʒʒytʃʲnʲˈik
отборной	ʌdbˈornʌj
эфирного	ɛfʲˈirnʌvʌ
саженей	saʒˈɛnʲij
сбойки	zbˈojkʲɪ
жителирод	ʒytʲiɭʲˈirʌt
минибоссрод	mʲinʲibˈossrʌt
умножается	umnʌʒˈɑjitsʌ
непроходимым	nʲiprʌxʌdʲˈimym
предсказуем	prʲitskazˈujim
холодные	xʌɭˈodnyjɪ
затёсы	zatʲˈɵsy
проросли	prʌrʌsɭʲˈɪ
переставая	pʲirʲistavˈɑja
сопротивляется	sʌprʌtʲivɭʲˈɑjitsʌ
десятому	dʲisʲˈɑtʌmu
рычага	rytʃʲaɡˈɑ
негодном	nʲiɡˈodnʌm
значении	znatʃʲˈenʲiɪ
сломаться	sɭʌmˈɑtsʌ
обнулить	ʌbnuɭʲˈitʲ
готовиться	ɡʌtˈovʲitsʌ
превратился	prʲivratʲˈiɭsʲʌ
надоедливое	nʌdʌjˈedɭʲivʌjɪ
повторение	pʌftʌrʲˈenʲijɪ
опорной	ʌpˈornʌj
проснувшегося	prʌsnˈufʃyvʌsʲʌ
готового	ɡʌtˈovʌvʌ
увешан	uvʲˈeʃʌn
отражающих	ʌtraʒˈɑjuɕix
наросла	nʌrʌsɭˈɑ
своде	svˈodʲi
гроздь	ɡrˈosʲtʲ
сота	sˈota
улья	ˈuɭjja
откачали	ʌtkatʃʲˈɑɭʲɪ
заморозили	zʌmʌrˈoʑiɭʲɪ
утопшего	utˈopʃyvʌ
прогрызены	prʌɡrˈyʑiny
вырублены	vˈyrubɭʲiny
хитин	xitʲˈin
червоточного	tʃʲirvʌtˈotʃʲnʌvʌ
остывшие	ʌstˈyfʃyjɪ
застывший	zastˈyfʃyj
литейного	ɭʲitʲˈejnʌvʌ
ветряного	vʲitrʲanˈovʌ
сработавшего	srabˈotʌfʃyvʌ
силён	sʲiɭʲˈɵn
приставку	prʲistˈɑfku
титулом	tʲˈituɭʌm
приставки	prʲistˈɑfkʲɪ
неряшливо	nʲirʲˈɑʃɭʲivʌ
ранге	rˈɑnɡʲi
уникального	unʲikˈɑɭʲnʌvʌ
стиля	sʲtʲˈiɭʲʌ
реакций	rʲiˈɑktsyj
лута	ɭˈuta
пятидесятого	pʲʌtʲidʲisʲˈɑtʌvʌ
нарушитель	nʌruʃˈytʲilʲ
устанете	ustˈɑnʲitʲi
оседание	ʌsʲidˈɑnʲijɪ
трещинами	trʲˈeɕinʌmʲɪ
участились	utʃʲasʲtʲˈiɭʲisʲ
примеряется	prʲimʲirʲˈɑjitsʌ
победив	pʌbʲidʲˈif
стражем	strˈɑʒym
преграждать	prʲiɡraʒdˈɑtʲ
загораживает	zʌɡʌrˈɑʒyvʌjit
отойдёт	ʌtʌjdʲˈɵt
переменой	pʲirʲimʲˈenʌj
скуднее	skudnʲˈejɪ
выдохнула	vˈydʌxnuɭa
серы	sʲˈery
вполне	fpʌɭnʲˈe
сновидица	snʌvʲˈidʲitsa
заснул	zasnˈuɭ
веки	vʲˈekʲɪ
образ	ˈobrʌs
двоится	dvʌˈitsʌ
баюкает	baˈjukʌjit
флага	fɭˈɑɡa
руль	rˈulʲ
лезут	ɭʲˈezut
пушки	pˈuʃkʲɪ
гонит	ɡˈonʲit
чисты	tʃʲistˈy
склон	skɭˈon
неспокоен	nʲispʌkˈojin
осыпях	ˈosypʲʌx
полуночный	pʌɭˈunʌtʃʲnyj
полуночного	pʌɭˈunʌtʃʲnʌvʌ
погибшем	pʌɡʲˈipʃym
поющих	pʌˈjuɕix
подпел	pʌtpʲˈeɭ
разборчивы	razbˈortʃʲivy
понимали	pʌnʲimˈɑɭʲɪ
соло	sˈoɭʌ
смолк	smˈoɭk
подпевает	pʌtpʲivˈɑjit
тихи	tʲˈixɪ
ржавого	rʒˈɑvʌvʌ
охранять	ʌxranʲˈɑtʲ
усердием	usʲˈerdʲijim
проворачиваются	prʌvʌrˈɑtʃʲivʌjutsʌ
раскалён	rʌskaɭʲˈɵn
остужает	ʌstuʒˈɑjit
затихли	zatʲˈixɭʲɪ
биоме	bʲiˈomʲi
встретились	fstrʲˈetʲiɭʲisʲ
предвестникам	prʲidvʲˈesnʲikʌm
раскалённый	rʌskaɭʲˈɵnnyj
одолевший	ʌdʌɭʲˈefʃyj
поражения	pʌraʒˈɛnʲija
предвестников	prʲidvʲˈesnʲikʌf
повержен	pʌvʲˈerʒyn
артефакторику	artʲifˈɑktʌrʲiku
клал	kɭˈɑɭ
надетым	nadʲˈetym
жаль	ʒˈɑlʲ
написана	napʲˈisʌna
такой-то	takˈojtˈo
таким-то	takʲˈimtˈo
башенных	bˈɑʃynnyx
спёкшегося	spʲˈɵkʃyvʌsʲʌ
взаимно	vzaˈimnʌ
уцелевает	utsyɭʲˈevʌjit
откован	ʌtkˈovʌn
размок	razmˈok
по-новому	pˈonˈovʌmu
доставали	dʌstavˈɑɭʲɪ
смыслах	smˈysɭʌx
перевёрнутого	pʲirʲivʲˈɵrnutʌvʌ
опускали	ʌpuskˈɑɭʲɪ
подкаменного	pʌtkamʲˈennʌvʌ
единственную	jɪdʲˈinstvʲinnuju
выдаст	vˈydʌst
придумывал	prʲidˈumyvʌɭ
добавлял	dʌbavɭʲˈɑɭ
обещало	ʌbʲiɕˈɑɭʌ
показывая	pʌkˈɑzyvʌja
противоречащая	prʌtʲivʌrʲˈetʃʲʌɕʌja
честна	tʃʲisnˈɑ
отделено	ʌdʲdʲiɭʲinˈo
сотые	sˈotyjɪ
стужные	stuʒnˈyjɪ
сумеречные	sˈumʲirʲitʃʲnyjɪ
сравнении	sravnʲˈenʲiɪ
четырнадцатое	tʃʲitˈyrnʌttsʌtʌjɪ
средоточие	srʲidʌtˈotʃʲijɪ
сделанная	ʑdʲˈeɭʌnnʌja
резной	rʲiznˈoj
насечка	nasʲˈetʃʲka
перерезать	pʲirʲirʲˈezʌtʲ
гарда	ɡˈɑrda
навершие	navʲˈerʃyjɪ
панцирный	pˈɑntsyrnyj
щитовик	ɕitʌvʲˈik
ухват	uxvˈɑt
пополняли	pʌpʌɭnʲˈɑɭʲɪ
мощи	mˈoɕɪ
освятили	ʌsvʲatʲˈiɭʲɪ
песочник	pʲisˈotʃʲnʲik
зарубка	zarˈupka
завтрашнего	zˈɑftrʌʃnʲivʌ
долгом	dˈoɭɡʌm
перстень	pʲˈersʲtʲinʲ
пайцза	pˈɑjdzza
завет	zavʲˈet
сожаления	sʌʒaɭʲˈenʲija
поработали	pʌrabˈotʌɭʲɪ
ездят	jˈeʑdʲʌt
нынешний	nˈynʲiʃnʲij
песне	pʲˈesʲnʲi
пережила	pʲirʲiʒyɭˈɑ
летописей	ɭʲˈetʌpʲisʲij
принесённое	prʲinʲisʲˈɵnnʌjɪ
шансов	ʃˈɑnsʌf
подвести	pʌdvʲisʲtʲˈɪ
швы	ʃvˈy
неровный	nʲirˈovnyj
придраться	prʲidrˈɑtsʌ
ровную	rˈovnuju
характеристикам	xʌrʌktʲirʲˈisʲtʲikʌm
замене	zamʲˈenʲi
поперечина	pʌpʲirʲˈetʃʲina
замкнутый	zˈɑmknutyj
косая	kʌsˈɑja
срезанный	srʲˈezʌnnyj
незамкнутый	nʲizamknˈutyj
холоде	xˈoɭʌdʲi
быстроты	bystrʌtˈy
росы	rʌsˈy
потеет	pʌtʲˈejit
скрипа	skrʲˈipa
вкладываются	fkɭˈɑdyvʌjutsʌ
остроту	ʌstrˈotu
живучесть	ʒyvˈutʃʲistʲ
вложены	vɭˈoʒyny
намерзает	nʌmʲirzˈɑjit
ободу	ˈobʌdu
сколоть	skʌɭˈotʲ
замечать	zʌmʲitʃʲˈɑtʲ
воинская	vˈoinskʌja
треснет	trʲˈesʲnʲit
плюсы	pɭʲˈusy
хрупкость	xrˈupkʌstʲ
зависть	zˈɑvʲistʲ
характеров	xarˈɑktʲirʌf
послушание	pʌsɭuʃˈɑnʲijɪ
гордый	ɡˈordyj
сильного	sʲˈiɭʲnʌvʌ
стынет	stˈynʲit
упоминание	upʌmʲinˈɑnʲijɪ
обиду	ʌbʲˈidu
уважает	uvaʒˈɑjit
дуется	dˈujitsʌ
удавалось	udavˈɑɭʌsʲ
эволюция	ɛvʌɭʲˈutsyja
поглощённая	pʌɡɭʌɕˈɵnnʌja
порогах	pʌrˈoɡʌx
открывшуюся	ʌtkrˈyfʃujusʲʌ
гнезде	ɡnʲiʑdʲˈe
затихает	zʌtʲixˈɑjit
разумной	razˈumnʌj
поступками	pʌstˈupkʌmʲɪ
оценивается	ʌtsˈɛnʲivʌjitsʌ
бедна	bʲidnˈɑ
посчитанной	pʌɕˈitʌnnʌj
сохранениях	sʌxranʲˈenʲijax
износа	ɪznˈosa
выведенные	vˈyvʲidʲinnyjɪ
получена	pʌɭˈutʃʲina
затворник	zatvˈornʲik
старшина	stʌrʃynˈɑ
утрачен	utrˈɑtʃʲin
превзошедший	prʲivzʌʃˈɛtʃyj
переходила	pʲirʲixʌdʲˈiɭa
спасла	spasɭˈɑ
спорили	spˈorʲiɭʲɪ
податей	pˈodʌtʲij
потерянной	pʌtʲˈerʲʌnnʌj
звёздное	zvʲˈɵznʌjɪ
морёный	mʌrʲˈɵnyj
дуб	dˈup
чернью	tʃʲˈernjju
близнецами	bɭʲiʑnʲitsˈɑmʲɪ
прозвище	prˈozvʲiɕi
эволюции	ɛvʌɭʲˈutsyɪ
округляем	ʌkruɡɭʲˈɑjim
перелезть	pʲirʲiɭʲˈesʲtʲ
множится	mnˈoʒytsʌ
всего-занято	fsʲivˈozˈɑnʲʌtʌ
невыполненного	nʲivˈypʌɭnʲinnʌvʌ
связана	svʲˈɑzʌna
нестабильна	nʲistabʲˈiɭʲna
полой	pˈoɭʌj
переделанный	pʲirʲidʲˈeɭʌnnyj
неполный	nʲipˈoɭnyj
зачарователь	zʌtʃʲarˈovʌtʲilʲ
мистик	mʲˈisʲtʲik
работается	rabˈotʌjitsʌ
коленке	kʌɭʲˈenkʲi
требуемое	trʲˈebujimʌjɪ
меловой	mʲiɭʌvˈoj
настоя	nastˈoja
полраза	pʌɭrˈɑza
мистическая	mʲisʲtʲˈitʃʲiskʌja
отливается	ʌtɭʲivˈɑjitsʌ
народные	narˈodnyjɪ
гривну	ɡrʲˈivnu
скрепляют	skrʲipɭʲˈɑjut
записываются	zapʲˈisyvʌjutsʌ
пересчитывать	pʲirʲiɕˈityvʌtʲ
испортить	ɪspˈortʲitʲ
потрачен	pʌtrˈɑtʃʲin
умении	umʲˈenʲiɪ
прибавит	prʲibˈɑvʲit
характеристику	xʌrʌktʲirʲˈisʲtʲiku
поглотите	pʌɡɭˈotʲitʲi
вкладывать	fkɭˈɑdyvʌtʲ
вынимали	vynʲimˈɑɭʲɪ
выдохлась	vˈydʌxɭʌsʲ
зачаровывают	zʌtʃʲarˈovyvʌjut
проклятую	prʌkɭʲˈɑtuju
тряпку	trʲˈɑpku
смотрел	smʌtrʲˈeɭ
рубеж	rubʲˈeʃ
вызвано	vˈyzvʌnʌ
залетевший	zʌɭʲitʲˈefʃyj
опустившись	ʌpusʲtʲˈifʃysʲ
летящим	ɭʲitʲˈɑɕim
отвесные	ʌtvʲˈesnyjɪ
моменту	mʌmʲˈentu
обнулена	ʌbnuɭʲinˈɑ
посадкой	pʌsˈɑtkʌj
прилететь	prʲiɭʲitʲˈetʲ
скала	skaɭˈɑ
струну	strunˈu
скотом	skʌtˈom
рудничного	rudnʲˈitʃʲnʌvʌ
уступят	ustˈupʲʌt
стихают	sʲtʲixˈɑjut
продадут	prʌdadˈut
покажут	pʌkˈɑʒut
поредели	pʌrʲidʲˈeɭʲɪ
отступаем	ʌtstupˈɑjim
крайний	krˈɑjnʲij
гробницу	ɡrʌbnʲˈitsu
лестничном	ɭʲˈesnʲitʃʲnʌm
поворотов	pʌvʌrˈotʌf
эхо-локация	ˈɛxʌɭʌkˈɑtsyja
площадках	pɭʌɕˈɑtkʌx
лестничная	ɭʲˈesnʲitʃʲnʌja
ненастоящими	nʲinʌstʌˈjaɕimʲɪ
ширине	ʃyrʲinʲˈe
узкий	ˈuskʲij
сгенерировался	zɡʲinʲirʲˈirʌvʌɭsʲʌ
окончательным	ʌkʌntʃʲˈɑtʲiɭʲnym
сырым	syrˈym
метила	mʲˈetʲiɭa
развод	razvˈot
ответу	ʌtvʲˈetu
куда-нибудь	kudˈɑnʲibˈutʲ
спускались	spuskˈɑɭʲisʲ
шатается	ʃatˈɑjitsʌ
перила	pʲirʲˈiɭa
вздохнул	vzdʌxnˈuɭ
прокатился	prʌkatʲˈiɭsʲʌ
площадку	pɭʌɕˈɑtku
отдаляется	ʌddaɭʲˈɑjitsʌ
подъёме	pʌdjˈɵmʲi
соотношение	sʌʌtnʌʃˈɛnʲijɪ
наклоном	nakɭˈonʌm
ступенях	stupʲˈenʲʌx
командой	kʌmˈɑndʌj
наваливается	navˈɑɭʲivʌjitsʌ
переступили	pʲirʲistupʲˈiɭʲɪ
подниметесь	pʌdnʲˈimʲitʲisʲ
патруля	pʌtruɭʲˈɑ
освещённых	ʌsvʲiɕˈɵnnyx
задерживайся	zadʲˈerʒyvʌjsʲʌ
проверю	prʌvʲˈerʲu
опять	ʌpʲˈɑtʲ
подорожало	pʌdʌrʌʒˈɑɭʌ
слыхал	sɭyxˈɑɭ
ходишь	xˈodʲiʃ
остановишься	ʌstanˈovʲiʃsʲʌ
прятать	prʲˈɑtʌtʲ
беги	bʲiɡʲˈɪ
смотри	smʌtrʲˈɪ
сточен	stˈotʃʲin
отойдёшь	ʌtʌjdʲˈɵʃ
подойдёшь	pʌdʌjdʲˈɵʃ
слился	sɭʲˈiɭsʲʌ
кашу	kˈɑʃu
каша	kˈɑʃa
затараторила	zʌtʌratˈorʲiɭa
любыми	ɭʲubˈymʲɪ
слуховое	sɭuxʌvˈojɪ
находило	nʌxʌdʲˈiɭʌ
поживиться	pʌʒyvʲˈitsʌ
отправлял	ʌtpravɭʲˈɑɭ
лечебницу	ɭʲitʃʲˈebnʲitsu
тюрьму	tʲurɪmˈu
возвращая	vʌzvraɕˈɑja
подставляет	pʌtstavɭʲˈɑjit
зданию	zdˈɑnʲiju
интерьера	ɪntɛrɪjjˈera
фоновых	fˈonʌvyx
тарелки	tarʲˈeɭkʲɪ
стулья	stˈuɭjja
случайной	sɭutʃʲˈɑjnʌj
объёмно	ʌbjˈɵmnʌ
приоритетом	prʲiʌrʲitʲˈetʌm
наковальней	nʌkʌvˈɑɭʲnʲij
синтезированной	sʲintʲiʑˈirʌvʌnnʌj
акустике	akˈusʲtʲikʲi
учётом	utʃʲˈɵtʌm
подавала	pʌdavˈɑɭa
приложений	prʲiɭʌʒˈɛnʲij
батареи	bʌtarʲˈeɪ
создавать	sʌzdavˈɑtʲ
перечислить	pʲirʲitʃʲˈisɭʲitʲ
смещениями	smʲiɕˈenʲijamʲɪ
поднявшийся	pʌdnʲˈɑfʃyjsʲʌ
молчащая	mʌɭtʃʲˈɑɕʌja
бродячие	brʌdʲˈɑtʃʲijɪ
сбивают	zbʲivˈɑjut
слушаешь	sɭˈuʃʌjiʃ
вырвется	vˈyrvʲitsʌ
видимого	vʲˈidʲimʌvʌ
заученный	zaˈutʃʲinnyj
шагает	ʃaɡˈɑjit
барабаном	bʌrabˈɑnʌm
зовите	zʌvʲˈitʲi
веди	vʲidʲˈɪ
ногу	nˈoɡu
размещался	rʌzmʲiɕˈɑɭsʲʌ
ступают	stupˈɑjut
настиг	nasʲtʲˈik
легшая	ɭʲˈekʃʌja
начавшийся	natʃʲˈɑfʃyjsʲʌ
фонарём	fʌnarʲˈɵm
бродишь	brˈodʲiʃ
ступай	stupˈɑj
стражники	strˈɑʒnʲikʲɪ
входить	fxʌdʲˈitʲ
смотрело	smʌtrʲˈeɭʌ
заводило	zʌvʌdʲˈiɭʌ
корабле	kʌrabɭʲˈe
сажаю	saʒˈɑju
произволом	prʌizvˈoɭʌm
сбежавший	zbʲiʒˈɑfʃyj
лечебницы	ɭʲitʃʲˈebnʲitsy
канализации	kʌnʌɭʲizˈɑtsyɪ
игроке	ɪɡrʌkʲˈe
возится	vˈoʑitsʌ
ящиками	ˈjaɕikʌmʲɪ
достатка	dʌstˈɑtka
котле	kʌtɭʲˈe
промыли	prʌmˈyɭʲɪ
зашили	zaʃˈyɭʲɪ
напоили	nʌpʌˈiɭʲɪ
узник	ˈuʑnʲik
заимодавцу	zʌimʌdˈɑftsu
подложная	pʌdɭˈoʒnʌja
оскорбление	ʌskʌrbɭʲˈenʲijɪ
советует	sʌvʲˈetujit
попадаться	pʌpadˈɑtsʌ
выкупили	vˈykupʲiɭʲɪ
халик	xaɭʲˈik
неграмотно	nʲiɡrˈɑmʌtnʌ
склонять	skɭʌnʲˈɑtʲ
выдуманные	vˈydumʌnnyjɪ
выкупив	vykˈupʲif
узника	ˈuʑnʲika
выкупил	vˈykupʲiɭ
уплачен	upɭˈɑtʃʲin
решётку	rʲiʃˈotku
приказчик	prʲikˈɑɕik
счётами	ɕˈɵtʌmʲɪ
вернут	vʲirnˈut
путать	pˈutʌtʲ
отнимут	ʌtʲnʲˈimut
беготни	bʲiɡʌtʲnʲˈɪ
голуби	ɡˈoɭubʲɪ
напомнят	napˈomnʲʌt
проходом	prʌxˈodʌm
сундуком	sundukˈom
тройным	trʌjnˈym
считанные	ɕˈitʌnnyjɪ
десятью	dʲisʲatʲjˈju
лампой	ɭˈɑmpʌj
налитая	naɭʲˈitʌja
запечатали	zʌpʲitʃʲˈɑtʌɭʲɪ
вышедших	vˈyʃytʃyx
жильной	ʒˈyɭʲnʌj
нарисованы	nʌrʲisˈovʌny
зубцы	zuptsˈy
пойманным	pˈojmʌnnym
сторонах	stʌrʌnˈɑx
дописываются	dʌpʲˈisyvʌjutsʌ
лампа	ɭˈɑmpa
зашит	zaʃˈyt
летал	ɭʲitˈɑɭ
дольная	dʌɭʲnˈɑja
вынимать	vynʲimˈɑtʲ
советуют	sʌvʲˈetujut
вынул	vˈynuɭ
радо	rˈɑdʌ
незанятые	nʲizˈɑnʲʌtyjɪ
мечами	mʲitʃʲˈɑmʲɪ
зерну	ʑirnˈu
имякруга	ɪmʲˈɑkruɡa
опускаемся	ʌpuskˈɑjimsʲʌ
безнадёжной	bʲiznadʲˈɵʒnʌj
вывернулась	vˈyvʲirnuɭʌsʲ
отбито	ʌdbʲˈitʌ
взломана	vzɭˈomʌna
навалились	nʌvaɭʲˈiɭʲisʲ
окована	ʌkˈovʌna
одноразовое	ʌdnʌrˈɑzʌvʌjɪ
сработавшей	srabˈotʌfʃyj
потухшим	pʌtˈuxʃym
догорело	dʌɡʌrʲˈeɭʌ
запертую	zˈɑpʲirtuju
перелистать	pʲirʲiɭʲistˈɑtʲ
магически	maɡʲˈitʃʲiskʲɪ
сгореть	zɡʌrʲˈetʲ
разрушить	razrˈuʃytʲ
раскрываются	rʌskryvˈɑjutsʌ
страницей	stranʲˈitsyj
секретом	sʲikrʲˈetʌm
дорожки	dʌrˈoʃkʲɪ
оставленной	ʌstˈɑvɭʲinnʌj
предтечами	prʲitʲtʲˈetʃʲʌmʲɪ
храмовых	xrˈɑmʌvyx
легендарного	ɭʲiɡʲindˈɑrnʌvʌ
свёрнутый	svʲˈɵrnutyj
записанная	zapʲˈisʌnnʌja
правильный	prˈɑvʲiɭʲnyj
мучение	mutʃʲˈenʲijɪ
зубчатой	zˈuptʃʲʌtʌj
бородкой	bʌrˈotkʌj
костерезов	kʌsʲtʲirʲˈezʌf
молитве	mʌɭʲˈitvʲi
баф	bˈɑf
храмового	xrˈɑmʌvʌvʌ
возложили	vʌzɭʌʒˈyɭʲɪ
скрипкой	skrʲˈipkʌj
свистком	svʲistkˈom
цимбалами	tsymbˈɑɭʌmʲɪ
меняльного	mʲinʲˈɑɭʲnʌvʌ
жаровни	ʒarˈovnʲɪ
прислонены	prʲisɭʌnʲinˈy
гном-оценщик	ɡnˈomʌtsˈɛnɕik
лупой	ɭˈupʌj
каторжник	kˈɑtʌrʒnʲik
укрытия	ukrˈytʲija
удачу	udˈɑtʃʲu
шестисот	ʃysʲtʲisˈot
подбрасываний	pʌdbrasˈyvʌnʲij
укрытию	ukrˈytʲiju
тонула	tʌnˈuɭa
набирали	nʌbʲirˈɑɭʲɪ
курсом	kˈursʌm
ввалиться	vvaɭʲˈitsʌ
бегу	bʲˈeɡu
обвалившийся	ʌbvaɭʲˈifʃyjsʲʌ
убавленная	ubˈɑvɭʲinnʌja
экономят	ɛkʌnˈomʲʌt
доигрывал	dʌiɡrˈyvʌɭ
средних	srʲˈednʲix
шаги-дублёры	ʃaɡʲˈɪdubɭʲˈɵry
переброшенного	pʲirʲibrˈoʃynnʌvʌ
сапогом	sʌpʌɡˈom
лестничного	ɭʲˈesnʲitʃʲnʌvʌ
запасными	zʌpasnˈymʲɪ
будь	bˈutʲ
подобраны	pʌdˈobrʌny
отличаться	ʌtɭʲitʃʲˈɑtsʌ
природных	prʲirˈodnyx
совпадения	sʌfpadʲˈenʲija
всплывают	fspɭyvˈɑjut
перечислением	pʲirʲitʃʲisɭʲˈenʲijim
совпала	sʌfpˈɑɭa
природной	prʲirˈodnʌj
дорожную	dʌrˈoʒnuju
размывают	rʌzmyvˈɑjut
размывает	rʌzmyvˈɑjit
мочит	mˈotʃʲit
досках	dʌskˈɑx
однородна	ʌdnʌrˈodna
болота	bʌɭˈota
повторялись	pʌftʌrʲˈɑɭʲisʲ
подвалам	pʌdvˈɑɭʌm
сместились	smʲisʲtʲˈiɭʲisʲ
попадаем	pʌpadˈɑjim
обжитой	ʌbʒytˈoj
хрусталь	xrustˈɑlʲ
сплошная	spɭʌʃnˈɑja
утоптаны	utˈoptʌny
достаём	dʌstaˈɵm
швыряет	ʃvyrʲˈɑjit
тяжелит	tʲʌʒyɭʲˈit
прочтённая	prʌtʃʲtʲˈɵnnʌja
обитаемого	ʌbʲitˈɑjimʌvʌ
позиционно	pʌʑitsyˈonnʌ
вирма	vʲˈirma
клином	kɭʲˈinʌm
кружит	krˈuʒyt
велики	vʲiɭʲˈikʲɪ
ночную	nʌtʃʲnˈuju
кормёжку	kʌrmʲˈɵʃku
пыльца	pyɭʲtsˈɑ
пустовали	pustʌvˈɑɭʲɪ
побережьем	pʌbʲirʲˈeʒjjim
спешат	spʲiʃˈɑt
гребнем	ɡrʲˈebnʲim
облаками	ʌbɭakˈɑmʲɪ
фей	fʲˈej
сильфов	sʲˈiɭʲfʌf
вирмов	vʲˈirmʌf
отдышаться	ʌddyʃˈɑtsʌ
оторвались	ʌtʌrvaɭʲˈisʲ
посадку	pʌsˈɑtku
снижением	sʲnʲiʒˈɛnʲijim
безусловно	bʲizusɭˈovnʌ
обнулил	ʌbnuɭʲˈiɭ
прилетал	prʲiɭʲitˈɑɭ
держалась	dʲirʒˈɑɭʌsʲ
порталом	pʌrtˈɑɭʌm
высадки	vˈysʌtkʲɪ
севший	sʲˈefʃyj
высадка	vˈysʌtka
поправки	pʌprˈɑfkʲɪ
местностью	mʲˈesnʌstʲjju
удержало	udʲirʒˈɑɭʌ
палитра	paɭʲˈitra
одежда	ʌdʲˈeʒda
влажность	vɭˈɑʒnʌstʲ
помещение	pʌmʲiɕˈenʲijɪ
плавает	pɭˈɑvʌjit
лат	ɭˈɑt
железн	ʒˈɛɭʲizn
сумой	sumˈoj
разброса	razbrˈosa
растягивалась	rasʲtʲˈɑɡʲivʌɭʌsʲ
вязким	vʲˈɑskʲim
дотаптывала	dʌtaptˈyvʌɭa
слышалась	sɭˈyʃʌɭʌsʲ
реальный	rʲiˈɑɭʲnyj
выключил	vˈykɭʲutʃʲiɭ
перебивала	pʲirʲibʲivˈɑɭa
маримбы	marʲˈimby
калимбы	kaɭʲˈimby
объявляются	ʌbjjavɭʲˈɑjutsʌ
закаляет	zʌkaɭʲˈɑjit
ступил	stupʲˈiɭ
разорённую	rʌzʌrʲˈɵnnuju
отстройке	ʌtstrˈojkʲi
повторялось	pʌftʌrʲˈɑɭʌsʲ
забивало	zʌbʲivˈɑɭʌ
остальную	ʌstaɭʲnˈuju
незамеченной	nʲizamʲˈetʃʲinnʌj
удобством	udˈopstvʌm
нападают	nʌpadˈɑjut
спасают	spasˈɑjut
спустилась	spusʲtʲˈiɭʌsʲ
меняло	mʲinʲˈɑɭʌ
небесным	nʲibʲˈesnym
тронут	trˈonut
морочат	mʌrˈotʃʲʌt
прибавлялись	prʲibavɭʲˈɑɭʲisʲ
учитывалось	utʃʲˈityvʌɭʌsʲ
сделанную	ʑdʲˈeɭʌnnuju
купленную	kˈupɭʲinnuju
заказанная	zakˈɑzʌnnʌja
закрывался	zʌkryvˈɑɭsʲʌ
большинства	bʌɭʲʃynstvˈɑ
выгодней	vˈyɡʌdnʲij
хлопоты	xɭˈopʌty
сходят	sxˈodʲʌt
нанять	nanʲˈɑtʲ
питейной	pʲitʲˈejnʌj
неразгаданной	nʲirazɡˈɑdʌnnʌj
прочтено	prʌtʃʲtʲinˈo
указанная	ukˈɑzʌnnʌja
охране	ʌxrˈɑnʲi
полмира	pʌɭmʲˈira
несли	nʲisɭʲˈɪ
тамошний	tˈɑmʌʃnʲij
сверил	svʲˈerʲiɭ
рассчитался	rʌsɕitˈɑɭsʲʌ
доставлена	dʌstˈɑvɭʲina
бросалась	brʌsˈɑɭʌsʲ
лил	ɭʲˈiɭ
привязанное	prʲivʲˈɑzʌnnʌjɪ
метели	mʲitʲˈeɭʲɪ
ливню	ɭʲˈivnʲu
природе	prʲirˈodʲi
наступала	nʌstupˈɑɭa
взвешенным	vzvʲˈeʃynnym
диковина	dʲikˈovʲina
погодой	pʌɡˈodʌj
чистое	tʃʲˈistʌjɪ
серо	sʲˈerʌ
листу	ɭʲistˈu
готовый	ɡʌtˈovyj
расписанием	rʌspʲisˈɑnʲijim
широты	ʃyrˈoty
рассвету	rassvʲˈetu
отрицательного	ʌtrʲitsˈɑtʲiɭʲnʌvʌ
весам	vʲisˈɑm
соответствие	sʌʌtvʲˈetstvʲijɪ
паке	pˈɑkʲi
дальняк-медведь	daɭʲnʲˈɑkmʲidvʲˈetʲ
по-звериному	pˈozvʲirʲˈinʌmu
сорвавшаяся	sʌrvˈɑfʃʌjasʲʌ
принадлежат	prʲinʌdɭʲiʒˈɑt
разбойником	razbˈojnʲikʌm
разгоняла	razɡˈonʲʌɭa
модальное	mʌdˈɑɭʲnʌjɪ
забирало	zʌbʲirˈɑɭʌ
показана	pʌkˈɑzʌna
кличет	kɭʲˈitʃʲit
громад	ɡrʌmˈɑt
преграждает	prʲiɡraʒdˈɑjit
верха	vʲˈerxa
краткую	krˈɑtkuju
сводку	svˈotku
противнику	prʌtʲˈivnʲiku
необходимости	nʲiʌpxʌdʲˈimʌsʲtʲɪ
нащупывать	naɕˈupyvʌtʲ
такое-то	takˈojɪtˈo
снималась	sʲnʲimˈɑɭʌsʲ
победой	pʌbʲˈedʌj
побеждал	pʌbʲiʒdˈɑɭ
помечалось	pʌmʲitʃʲˈɑɭʌsʲ
рубящий	rˈubʲʌɕij
модель	mʌdˈɛlʲ
парирование	parʲˈirʌvʌnʲijɪ
броне	brʌnʲˈe
столкновение	stʌɭknʌvʲˈenʲijɪ
скелета	skʲiɭʲˈeta
палиц	pˈɑɭʲits
кистен	kʲˈisʲtʲin
стилет	sʲtʲiɭʲˈet
текущего	tʲikˈuɕivʌ
списать	spʲisˈɑtʲ
задачей	zadˈɑtʃʲij
достанут	dʌstˈɑnut
снизьтесь	sʲnʲˈisʲtʲisʲ
острая	ˈostrʌja
довольна	dʌvˈoɭʲna
сокрушительным	sʌkruʃˈytʲiɭʲnym
сбежали	zbʲiʒˈɑɭʲɪ
связанная	svʲˈɑzʌnnʌja
принимать	prʲinʲimˈɑtʲ
колдун	kʌɭdˈun
чарод	tʃʲarˈot
медвед	mʲidvʲˈet
кош	kˈoʃ
крыс	krˈys
тупит	tˈupʲit
ополовинивает	ʌpʌɭʌvʲinʲˈivʌjit
прибавленная	prʲibˈɑvɭʲinnʌja
густ	ɡˈust
гомункул-страж	ɡʌmˈunkuɭstrˈɑʃ
толк	tˈoɭk
гасила	ɡasʲˈiɭa
нежит	nʲˈeʒyt
костя	kˈosʲtʲʌ
различаться	rʌzɭʲitʃʲˈɑtsʌ
превращать	prʲivraɕˈɑtʲ
непрерывный	nʲiprʲirˈyvnyj
преследует	prʲisɭʲˈedujit
повержена	pʌvʲˈerʒyna
по-человечески	pˈotʃʲiɭʌvʲˈetʃʲiskʲɪ
положен	pʌɭˈoʒyn
побеждён	pʌbʲiʒdʲˈɵn
пустеет	pusʲtʲˈejit
победе	pʌbʲˈedʲi
поползут	pʌpʌɭzˈut
разбогатеет	rʌzbʌɡatʲˈejit
стерегла	sʲtʲirʲiɡɭˈɑ
славно	sɭˈɑvnʌ
убирал	ubʲirˈɑɭ
обысканные	ʌbˈyskʌnnyjɪ
убирая	ubʲirˈɑja
дралась	draɭˈɑsʲ
умирала	umʲirˈɑɭa
подействовало	pʌdʲˈejstvʌvʌɭʌ
очистку	ʌtʃʲˈistku
перезагрузку	pʲirʲizaɡrˈusku
соберёт	sʌbʲirʲˈɵt
ценной	tsˈɛnnʌj
добавлялись	dʌbavɭʲˈɑɭʲisʲ
перечисляем	pʲirʲitʃʲˈisɭʲʌjim
бортом	bˈortʌm
гобой	ɡʌbˈoj
спокойном	spʌkˈojnʌm
малость	mˈɑɭʌstʲ
заметная	zamʲˈetnʌja
очнулись	ʌtʃʲnˈuɭʲisʲ
смягчила	smʲaktʃʲˈiɭa
утрату	utrˈɑtu
намекает	nʌmʲikˈɑjit
зерк	ʑˈerk
отраж	ˈotrʌʃ
огон	ˈoɡʌn
зар	zˈɑr
кост	kˈost
кров	krˈof
жертв	ʒˈɛrtf
печат	pʲitʃʲˈɑt
странствий	strˈɑnstvʲij
описаны	ʌpʲˈisʌny
народный	narˈodnyj
прибавилась	prʲibˈɑvʲiɭʌsʲ
идемпотентна	ɪdʲimpˈotʲintna
позови	pʌzʌvʲˈɪ
сверкой	svʲˈerkʌj
лечил	ɭʲitʃʲˈiɭ
капнуло	kˈɑpnuɭʌ
ч-было	tʃʲˈebˌyɭʌ
зависшая	zavʲˈiʃʃʌja
заканчивают	zakˈɑntʃʲivʌjut
собирая	sʌbʲirˈɑja
набивал	nʌbʲivˈɑɭ
вместимости	vmʲisʲtʲˈimʌsʲtʲɪ
проваливался	prʌvˈɑɭʲivʌɭsʲʌ
этажом	ɛtaʒˈom
молчащий	mʌɭtʃʲˈɑɕij
бросьте	brˈosʲtʲi
грибах	ɡrʲibˈɑx
ягодах	ˈjaɡʌdʌx
остывающая	ʌstyvˈɑjuɕʌja
переменной	pʲirʲimʲˈennʌj
глохла	ɡɭˈoxɭa
немое	nʲimˈojɪ
жильн	ʒˈyɭʲn
инструменту	ɪnstrumʲˈentu
ягодам	ˈjaɡʌdʌm
угадывать	uɡˈɑdyvʌtʲ
придумывалось	prʲidˈumyvʌɭʌsʲ
глубокое	ɡɭubˈokʌjɪ
проклято	prˈokɭʲʌtʌ
нестабильно	nʲistabʲˈiɭʲnʌ
исправление	ɪspravɭʲˈenʲijɪ
удалён	udaɭʲˈɵn
дублировал	dubɭʲˈirʌvʌɭ
сенсорного	sʲˈensʌrnʌvʌ
выполняла	vypʌɭnʲˈɑɭa
переключался	pʲirʲikɭʲutʃʲˈɑɭsʲʌ
отказал	ʌtkazˈɑɭ
развернуть	rʌzvʲirnˈutʲ
разворачивать	rʌzvʌrˈɑtʃʲivʌtʲ
выписка	vˈypʲiska
явной	ˈjavnʌj
переучивание	pʲirʲiˈutʃʲivʌnʲijɪ
склеиваем	skɭʲiivˈɑjim
запятые	zʌpʲatˈyjɪ
двоеточию	dvʌjitˈotʃʲiju
запомнилось	zapˈomnʲiɭʌsʲ
приватном	prʲivˈɑtnʌm
переполненном	pʲirʲipˈoɭnʲinnʌm
частном	tʃʲˈɑsnʌm
запишутся	zapʲˈiʃutʲsʲʌ
предлагаем	prʲidɭaɡˈɑjim
объявлении	ʌbjjavɭʲˈenʲiɪ
спотыкались	spʌtykˈɑɭʲisʲ
перехват	pʲirʲixvˈɑt
внятного	vnʲˈɑtnʌvʌ
прослушивание	prʌsɭˈuʃyvʌnʲijɪ
перечислено	pʲirʲitʃʲˈisɭʲinʌ
наступила	nʌstupʲˈiɭa
командам	kʌmˈɑndʌm
исполнение	ɪspʌɭnʲˈenʲijɪ
доводом	dˈovʌdʌm
принимала	prʲinʲimˈɑɭa
получала	pʌɭutʃʲˈɑɭa
работала	rabˈotʌɭa
мышью	mˈyʃjju
двоеточия	dvʌjitˈotʃʲija
отделяется	ʌdʲdʲiɭʲˈɑjitsʌ
командах	kʌmˈɑndʌx
незнакомым	nʲiznakˈomym
оказывают	ʌkˈɑzyvʌjut
ночлег	nʌtʃʲɭʲˈek
категория	kʌtʲiɡˈorʲija
открываю	ʌtkryvˈɑju
черепа	tʃʲirʲˈepa
профессия	prʌfʲˈesʲsʲija
заданная	zˈɑdʌnnʌja
зданием	zdˈɑnʲijim
предлагается	prʲidɭaɡˈɑjitsʌ
учитывает	utʃʲˈityvʌjit
опасное	ʌpˈɑsnʌjɪ
четыре-шесть	tʃʲitˈyrʲiʃˈɛstʲ
заметного	zamʲˈetnʌvʌ
осматриваться	ʌsmˈɑtrʲivʌtsʌ
объектам	ʌbjjˈektʌm
диагонали	dʲiʌɡʌnˈɑɭʲɪ
повторите	pʌftʌrʲˈitʲi
осматриваются	ʌsmˈɑtrʲivʌjutsʌ
столбце	stʌɭptsˈɛ
посещении	pʌsʲiɕˈenʲiɪ
кольцевого	kʌɭʲtsyvˈovʌ
царства	tsˈɑrstva
полые	pˈoɭyjɪ
перевалом	pʲirʲivˈɑɭʌm
штольней	ʃtˈoɭʲnʲij
облаков	ʌbɭakˈof
обрывы	ʌbrˈyvy
умеренный	umʲˈerʲinnyj
тонка	tʌnkˈɑ
переменчивый	pʲirʲimʲˈentʃʲivyj
западные	zˈɑpʌdnyjɪ
центральные	tsyntrˈɑɭʲnyjɪ
обжитого	ʌbʒytˈovʌ
мосту	mʌstˈu
территории	tʲirrʲitˈorʲiɪ
звенящий	zvʲinʲˈɑɕij
стремя	strʲˈemʲʌ
окоём	ʌkʌˈɵm
всадника	fsˈɑdnʲika
треснувший	trʲˈesnufʃyj
проливы	prʌɭʲˈivy
узки	uskʲˈɪ
изрыта	ɪzrˈyta
настаёт	nʌstaˈɵt
буйный	bˈujnyj
океаны	ʌkʲiˈɑny
кое-где	kˈojɪɡdʲˈe
донырнуть	dʌnyrnˈutʲ
южные	ˈjuʒnyjɪ
караванные	kʌravˈɑnnyjɪ
остальном	ʌstaɭʲnˈom
шепчут	ʃˈɛptʃʲut
причалах	prʲitʃʲˈɑɭʌx
опаздывает	ʌpˈɑzdyvʌjit
университетский	unʲivʲirsʲitʲˈetskʲij
аристократический	arʲistʌkratʲˈitʃʲiskʲij
лавках	ɭˈɑfkʌx
наёмнический	naˈɵmnʲitʃʲiskʲij
рыночный	rˈynʌtʃʲnyj
беглец	bʲiɡɭʲˈets
пойман	pˈojmʌn
выступает	vystupˈɑjit
конюшенный	kʌnʲˈuʃynnyj
походом	pʌxˈodʌm
красильный	krasʲˈiɭʲnyj
синей	sʲˈinʲij
садовый	sadˈovyj
домами	dʌmˈɑmʲɪ
внешнее	vnʲˈeʃnʲijɪ
холмовой	xʌɭmˈovʌj
иноземный	ɪnʌʑˈemnyj
взорвалась	vzʌrvaɭˈɑsʲ
арены	arʲˈeny
привратный	prʲivrˈɑtnyj
мельничный	mʲˈeɭʲnʲitʃʲnyj
мельник	mʲˈeɭʲnʲik
задолжал	zʌdʌɭʒˈɑɭ
банный	bˈɑnnyj
парной	pˈɑrnʌj
заговоре	zˈɑɡʌvʌrʲi
погостный	pʌɡˈosnyj
копает	kʌpˈɑjit
бил	bʲˈiɭ
вонь	vˈonʲ
фонарный	fʌnˈɑrnyj
колодезный	kʌɭˈodʲiznyj
научить	nʌutʃʲˈitʲ
испытаний	ɪspytˈɑnʲij
тарвек	tarvʲˈek
наёмников	naˈɵmnʲikʌf
контрактов	kʌntrˈɑktʌf
шрамов	ʃrˈɑmʌf
штольнях	ʃtˈoɭʲnʲʌx
штольный	ʃtˈoɭʲnyj
отвальная	ʌtvˈɑɭʲnʌja
эшгар	ˈɛʒɡʌr
оценщиков	ʌtsˈɛnɕikʌf
вальтерн	vˈɑɭʲtʲirn
артефакторов	artʲifˈɑktʌrʌf
оправ	ʌprˈɑf
пробуждений	prʌbuʒdʲˈenʲij
сар-дорн	sˈardˈorn
крепость-город	krʲˈepʌstʲɡˈorʌt
стрелковая	strʲiɭkˈovʌja
сигнальных	sʲiɡnˈɑɭʲnyx
испытательных	ɪspytˈɑtʲiɭʲnyx
керн-аш	kʲˈernˈɑʃ
молоты	mˈoɭʌty
смолкают	smʌɭkˈɑjut
удобрением	udʌbrʲˈenʲijim
наковальная	nʌkʌvˈɑɭʲnʌja
лиорен	ɭʲiˈorʲin
смоляной	smʌɭʲanˈoj
плотогонов	pɭʌtʌɡˈonʌf
хадрек	xadrʲˈek
реке	rʲikʲˈe
фонарщиков	fʌnˈɑrɕikʌf
ордис	ˈordʲis
исследователей	ɪssɭʲˈedʌvʌtʲiɭʲij
экспедицию	ɛkspʲidʲˈitsyju
картографический	kʌrtʌɡrafʲˈitʃʲiskʲij
возвращений	vʌzvraɕˈenʲij
ран-каир	rˈɑŋkaˈir
талмир	tˈɑɭmʲir
лечебниц	ɭʲitʃʲˈebnʲits
травная	trˈɑvnʌja
переводчиков	pʲirʲivˈottʃʲikʌf
посольств	pʌsˈoɭʲstf
виррен	vʲˈirrʲin
контрабандистов	kʌntrʌbandʲˈistʌf
кассар	kˈɑssʌr
дор-мара	dˈormˈɑra
гербов	ɡʲirbˈof
астерион	asʲtʲirʲˈiʌn
портальных	pʌrtˈɑɭʲnyx
город-организм	ɡˈorʌtʌrɡanʲˈizm
сервисного	sʲˈervʲisnʌvʌ
доводе	dˈovʌdʲi
появятся	pʌˈjavʲʌtsʌ
стволами	stvʌɭˈɑmʲɪ
глотает	ɡɭʌtˈɑjit
заражённый	zʌraʒˈonnyj
кристаллический	krʲistaɭɭʲˈitʃʲiskʲij
цветут	tsvʲitˈut
сивый	sʲˈivyj
чернолесье	tʃʲirnʌɭʲˈesʲjjɪ
ворона	vʌrˈona
дубрава	dubrˈɑva
белокаменный	bʲiɭʌkˈɑmʲinnyj
ельник	jˈeɭʲnʲik
шевелящийся	ʃyvʲiɭʲˈɑɕijsʲʌ
осеней	ˈosʲinʲij
туманная	tumˈɑnnʌja
падь	pˈɑtʲ
ручейная	rutʃʲˈejnʌja
сбитых	zbʲˈityx
кедровая	kʲidrˈovʌja
мглистый	mɡɭʲˈistyj
солнечная	sˈoɭnʲitʃʲnʌja
просека	prˈosʲika
старших	stˈɑrʃyx
вчерашнего	ftʃʲirˈɑʃnʲivʌ
входы	fxˈody
врезана	vrʲˈezʌna
измором	ɪzmˈorʌm
острог	ʌstrˈok
срублен	srˈubɭʲin
караван-сарай	kʌravˈɑnsarˈɑj
крепостной	krʲipʌsnˈoj
врата-крепость	vratˈɑkrʲˈepʌstʲ
построена	pʌstrˈojina
гнездо-цитадель	ɡnʲizdˈotsytadʲˈelʲ
разрушенная	razrˈuʃynnʌja
развалины	razvˈɑɭʲiny
седого	sʲidˈovʌ
ясеневого	ˈjasʲinʲivʌvʌ
синего	sʲˈinʲivʌ
ждущего	ʒdˈuɕivʌ
медного	mʲˈednʌvʌ
кабаньей	kabˈɑnjjij
белого	bʲˈeɭʌvʌ
орлиного	ʌrɭʲˈinʌvʌ
железной	ʒyɭʲˈeznʌj
снежного	sʲnʲˈeʒnʌvʌ
волчьего	vˈoɭtʃʲjjivʌ
лога	ɭˈoɡa
тонкой	tˈonkʌj
скобы	skˈoby
знойной	znˈojnʌj
ветреной	vʲˈetrʲinʌj
сгоревшего	zɡʌrʲˈefʃyvʌ
дубового	dubˈovʌvʌ
песчаного	pʲiɕˈɑnʌvʌ
светлого	svʲˈetɭʌvʌ
крылатого	kryɭˈɑtʌvʌ
осевшей	ʌsʲˈefʃyj
клина	kɭʲˈina
паромного	parˈomnʌvʌ
бродовой	brʌdˈovʌj
ельникового	jɪɭʲnʲikˈovʌvʌ
жаркого	ʒˈɑrkʌvʌ
подгорной	pʌdɡˈornʌj
дрожащего	drʌʒˈɑɕivʌ
облачного	ˈobɭʌtʃʲnʌvʌ
снежной	sʲnʲˈeʒnʌj
речного	rʲitʃʲnˈovʌ
смоляного	smʌɭʲanˈovʌ
солнечного	sˈoɭnʲitʃʲnʌvʌ
столпа	stʌɭpˈɑ
перста	pʲirstˈɑ
рубежа	rubʲiʒˈɑ
восточного	vʌstˈotʃʲnʌvʌ
парома	parˈoma
хвойной	xvˈojnʌj
караванного	kʌravˈɑnnʌvʌ
штольного	ʃtʌɭʲnˈovʌ
ржавых	rʒˈɑvyx
гулкой	ɡˈuɭkʌj
водяного	vʌdʲanˈovʌ
пустынного	pustˈynnʌvʌ
чародейной	tʃʲʌrʌdʲˈejnʌj
небесной	nʲibʲˈesnʌj
королей	kʌrʌɭʲˈej
барханной	barxˈɑnnʌj
орлов	ʌrɭˈof
чародеи	tʃʲʌrʌdʲˈeɪ
брифу	brʲˈifu
похвастаться	pʌxvˈɑstʌtsʌ
поджимается	pʌdʒymˈɑjitsʌ
пилят	pʲˈiɭʲʌt
караванном	kʌravˈɑnnʌm
плавилен	pɭavʲˈiɭʲin
крыш	krˈyʃ
отвальный	ʌtvˈɑɭʲnyj
подъёмников	pʌdjˈɵmnʲikʌf
горновый	ɡʌrnˈovyj
молотов	mˈoɭʌtʌf
разговоров	rʌzɡʌvˈorʌf
фрахта	frˈɑxta
лесопильный	ɭʲisʌpʲˈiɭʲnyj
опилками	ʌpʲˈiɭkʌmʲɪ
пильный	pʲˈiɭʲnyj
клиньев	kɭʲˈinjjif
знахарский	znˈɑxʌrskʲij
сушильный	suʃˈyɭʲnyj
укосе	ukˈosʲi
совете	sʌvʲˈetʲi
жерновов	ʒyrnʌvˈof
снопов	snʌpˈof
лавок	ɭˈɑvʌk
караулов	kʌraˈuɭʌf
смотра	smˈotra
читающим	tʃʲitˈɑjuɕim
сну	snˈu
обетов	ʌbʲˈetʌf
слогов	sɭʌɡˈof
приставкой	prʲistˈɑfkʌj
дефис	dʲifʲˈis
керн	kʲˈern
вар	vˈɑr
тал	tˈɑɭ
вен	vʲˈen
ем	jˈem
орн	ˈorn
ак	ˈɑk
ис	ˈɪs
ейн	jˈejn
ал	ˈɑɭ
ар	ˈɑr
ен	jˈen
лениво	ɭʲinʲˈivʌ
мигу	mʲˈiɡu
расставлены	rasstˈɑvɭʲiny
мера-именных	mʲˈeraɪmʲinnˈyx
цехи	tsˈɛxɪ
водяной	vʌdʲanˈoj
братчины	brˈɑttʃʲiny
вторые	ftʌrˈyjɪ
шпионская	ʃpʲiˈonskʌja
городскую	ɡʌrʌtskˈuju
обходы	ʌpxˈody
праздничным	prˈɑznʲitʃʲnym
дням	dnʲˈɑm
подряде	pʌdrʲˈɑdʲi
фрахт	frˈɑxt
раненые	rˈɑnʲinyjɪ
моровые	mʌrʌvˈyjɪ
начаткам	natʃʲˈɑtkʌm
вины	vʲˈiny
нанимает	nʌnʲimˈɑjit
гонцовая	ɡʌntsˈovʌja
водяная	vʌdʲanˈɑja
поминовение	pʌmʲinʌvʲˈenʲijɪ
организацию	ʌrɡʌnʲizˈɑtsyju
нашёлся	naʃˈoɭsʲʌ
перечисления	pʲirʲitʃʲisɭʲˈenʲija
осаждать	ʌsaʒdˈɑtʲ
слабеют	sɭabʲˈejut
тают	tˈɑjut
кончатся	kˈontʃʲʌtʲsʲʌ
отрядом	ʌtrʲˈɑdʌm
защищать	zʌɕiɕˈɑtʲ
ведёте	vʲidʲˈɵtʲi
приступ	prʲˈistup
ослабленную	ʌsɭˈɑbɭʲinnuju
поддаются	pʌddaˈjutsʌ
плотников	pɭˈotʲnʲikʌf
подняты	pˈodnʲʌty
пополнены	pʌpˈoɭnʲiny
ежедневно	jɪʒydnʲˈevnʌ
какому-то	kakˈomutˈo
пантеоном	pʌntʲiˈonʌm
тёмными	tʲˈɵmnymʲɪ
плавильщик	pɭavʲˈiɭʲɕik
пробу	prˈobu
заброшенную	zabrˈoʃynnuju
чешуями	tʃʲiʃuˈjamʲɪ
светильника	svʲitʲˈiɭʲnʲika
подходы	pʌtxˈody
спящей	spʲˈɑɕij
подменыш	pʌdmʲˈenyʃ
заговорил	zʌɡʌvʌrʲˈiɭ
крону	krˈonu
зелёном	ʑiɭʲˈɵnʌm
саженцы	sˈɑʒyntsy
отыскать	ʌtyskˈɑtʲ
лесничего	ɭʲisʲnʲˈitʃʲivʌ
ткацких	tkˈɑtskʲix
меняльные	mʲinʲˈɑɭʲnyjɪ
паромщик	parˈomɕik
переправ	pʲirʲiprˈɑf
меняльной	mʲinʲˈɑɭʲnʌj
мытари	mˈytʌrʲɪ
зелёных	ʑiɭʲˈɵnyx
печей	pʲitʃʲˈej
утопленник	utˈopɭʲinnʲik
восьмилучевая	vʌsʲmʲiɭˈutʃʲivʌja
верблюжьим	vʲirbɭʲˈuʒjim
погонщик	pʌɡˈonɕik
южного	ˈjuʒnʌvʌ
ледовая	ɭʲidˈovʌja
клыкастый	kɭykˈɑstyj
зимовья	ʑimˈovjja
зелёной	ʑiɭʲˈɵnʌj
волне	vʌɭnʲˈe
юнга	ˈjunɡa
топляк	tʌpɭʲˈɑk
верфь	vʲˈerfʲ
заложила	zʌɭʌʒˈyɭa
дружине	druʒˈynʲi
трубил	trubʲˈiɭ
дружина	druʒˈyna
лазурный	ɭazˈurnyj
зелейные	ʑiɭʲˈejnyjɪ
зелейного	ʑiɭʲˈejnʌvʌ
священной	svʲaɕˈennʌj
пожелтел	pʌʒyɭtʲˈeɭ
тёмно-зелёном	tʲˈɵmnʌʑiɭʲˈɵnʌm
совиный	sʌvʲˈinyj
фонаря	fʌnarʲˈɑ
вышки	vˈyʃkʲɪ
свечник	svʲitʃʲnʲˈik
сочтено	sʌtʃʲtʲinˈo
белая	bʲˈeɭʌja
наследства	nasɭʲˈetstva
несчитанный	nʲiɕˈitʌnnyj
сочтённый	sʌtʃʲtʲˈɵnnyj
несчитанных	nʲiɕˈitʌnnyx
недосчитался	nʲidʌɕitˈɑɭsʲʌ
глазничный	ɡɭaʑnʲˈitʃʲnyj
полуслепой	pʌɭusɭʲipˈoj
смотрящий	smʌtrʲˈɑɕij
щите	ɕitʲˈe
нераненый	nʲiranʲˈenyj
лесничий	ɭʲisʲnʲˈitʃʲij
ранили	rˈɑnʲiɭʲɪ
перекупка	pʲirʲikˈupka
тропный	trˈopnyj
сбившийся	zbʲˈifʃyjsʲʌ
ведущий	vʲidˈuɕij
зеркальном	ʑirkˈɑɭʲnʌm
лицами	ɭʲˈitsʌmʲɪ
одноликий	ʌdnʌɭʲˈikʲij
двуликий	dvuɭʲˈikʲij
подменный	pʌdmʲˈennyj
зеркальной	ʑirkˈɑɭʲnʌj
серебре	sʲirʲibrʲˈe
подмен	pʌdmʲˈen
шёпоты	ʃˈopʌty
ожерелье	ʌʒyrʲˈeɭjjɪ
двухголосый	dvuxɡʌɭˈosyj
безголосый	bʲizɡʌɭˈosyj
червём	tʃʲirvʲˈɵm
буром	bˈurʌm
терпеливые	tʲirpʲiɭʲˈivyjɪ
захваты	zaxvˈɑty
червивый	tʃʲirvʲˈivyj
подточенный	pʌdtˈotʃʲinnyj
проеденный	prʌjˈedʲinnyj
ходовой	xʌdʌvˈoj
лаза	ɭˈɑza
короной	kʌrˈonʌj
червивого	tʃʲirvʲˈivʌvʌ
прорыли	prʌrˈyɭʲɪ
горящий	ɡʌrʲˈɑɕij
вспыхнула	fspˈyxnuɭa
тёмно-синем	tʲˈɵmnʌsʲˈinʲim
водяные	vʌdʲanˈyjɪ
затопленного	zatˈopɭʲinnʌvʌ
затопленной	zatˈopɭʲinnʌj
пробил	prʌbʲˈiɭ
съеденные	sjjˈedʲinnyjɪ
сытый	sˈytyj
жрущий	ʒrˈuɕij
котлу	kʌtɭˈu
стойбища	stˈojbʲiɕʌ
печатный	pʲitʃʲˈɑtnyj
печатник	pʲitʃʲˈɑtʲnʲik
печатной	pʲitʃʲˈɑtnʌj
стрелок	strʲiɭˈok
опоздавший	ʌpʌzdˈɑfʃyj
опустились	ʌpusʲtʲˈiɭʲisʲ
бойцом	bʌjtsˈom
отбита	ʌdbʲˈita
случайному	sɭutʃʲˈɑjnʌmu
куплена	kˈupɭʲina
тридцатидневного	trʲittsatʲˈidnʲivnʌvʌ
культе	kˈuɭʲtʲi
дописано	dʌpʲˈisʌnʌ
приклеивается	prʲikɭʲˈeivʌjitsʌ
разомкнутого	razˈomknutʌvʌ
восходная	vʌsxˈodnʌja
храмовой	xrˈɑmʌvʌj
клятводержцы	kɭʲatvˈodʲirʃtsy
восходной	vʌsxˈodnʌj
разомкнутый	razˈomknutyj
данная	dˈɑnnʌja
холодному	xʌɭˈodnʌmu
выкованное	vˈykʌvʌnnʌjɪ
ликоносные	ɭʲikʌnˈosnyjɪ
горном	ɡˈornʌm
озере	ˈoʑirʲi
толкователи	tʌɭkʌvˈɑtʲiɭʲɪ
полумасках	pʌɭumˈɑskʌx
полумаска	pʌɭumˈɑska
сосна	sʌsnˈɑ
гребне	ɡrʲˈebnʲi
громовые	ɡrʌmʌvˈyjɪ
рассечённым	rʌsʲsʲitʃʲˈɵnnym
солёный	sʌɭʲˈɵnyj
приливной	prʲiɭʲˈivnʌj
пригоршня	prʲˈiɡʌrʃnʲʌ
обходной	ʌpxʌdnˈoj
обходчики	ʌpxˈottʃʲikʲɪ
сломав	sɭʌmˈɑf
обходный	ʌpxˈodnyj
убылью	ˈubyɭjju
пеплоходы	pʲipɭˈoxʌdy
безымянная	bʲizymʲˈɑnnʌja
солнечные	sˈoɭnʲitʃʲnyjɪ
капюшонах	kʌpʲuʃˈonʌx
песочный	pʲisˈotʃʲnyj
потраченный	pʌtrˈɑtʃʲinnyj
мерным	mʲˈernym
упокоения	upʌkʌjˈenʲija
молчальники	mʌɭtʃʲˈɑɭʲnʲikʲɪ
развилке	razvʲˈiɭkʲi
верстовом	vʲirstʌvˈom
говорящему	ɡʌvʌrʲˈɑɕimu
зашитая	zaʃˈytʌja
червоточные	tʃʲirvʌtˈotʃʲnyjɪ
осевшая	ʌsʲˈefʃʌja
нора	nʌrˈɑ
копатели	kʌpˈɑtʲiɭʲɪ
выпрямляющие	vyprʲamɭʲˈɑjuɕijɪ
засыпать	zʌsypˈɑtʲ
бурав	burˈɑf
вермиса	vʲirmʲˈisa
пропускает	prʌpuskˈɑjit
бурым	bˈurym
охотничьей	ʌxˈotʲnʲitʃʲjjij
рассечённой	rʌsʲsʲitʃʲˈɵnnʌj
кремень	krʲimʲˈenʲ
северной	sʲˈevʲirnʌj
зеркальщики	ʑirkˈɑɭʲɕikʲɪ
двойных	dvʌjnˈyx
масках	mˈɑskʌx
селуны	sʲiɭˈuny
оссуарий	ʌssuˈɑrʲij
бирками	bʲˈirkʌmʲɪ
несчитанными	nʲiɕˈitʌnnymʲɪ
бирка	bʲˈirka
шептуны	ʃyptunˈy
повышать	pʌvyʃˈɑtʲ
тессы	tʲˈessy
пеплогрудые	pʲipɭʌɡrˈudyjɪ
выжженный	vˈyʒʒynnyj
пепельники	pʲipʲˈeɭʲnʲikʲɪ
гримма	ɡrʲˈimma
утробные	utrˈobnyjɪ
замерзает	zʌmʲirzˈɑjit
повитухи	pʌvʲitˈuxɪ
бурых	bˈuryx
приплода	prʲipɭˈoda
стоками	stˈokʌmʲɪ
дознаватели	dʌznavˈɑtʲiɭʲɪ
кожаных	kˈoʒʌnyx
фартуках	fˈɑrtukʌx
скарна	skˈɑrna
утопленницы	utˈopɭʲinnʲitsy
распущенными	raspˈuɕinnymʲɪ
волосами	vʌɭʌsˈɑmʲɪ
кричать	krʲitʃʲˈɑtʲ
перьевых	pʲirɪjjivˈyx
угольная	ˈuɡʌɭʲnʌja
дымит	dymʲˈit
угольщики	ˈuɡʌɭʲɕikʲɪ
губами	ɡubˈɑmʲɪ
высечено	vˈysʲitʃʲinʌ
отвечающие	ʌtvʲitʃʲˈɑjuɕijɪ
кивком	kʲifkˈom
высохшая	vˈysʌxʃʌja
принимающие	prʲinʲimˈɑjuɕijɪ
досыта	dˈosyta
обуви	ˈobuvʲɪ
клейме	kɭʲijmʲˈe
погребальных	pʌɡrʲibˈɑɭʲnyx
оменоса	ʌmʲˈenʌsa
карниз	karnʲˈis
обрывом	ʌbrˈyvʌm
подрезанным	pʌdrʲˈezʌnnym
аэрона	aɛrˈona
полпути	pʌɭputʲˈɪ
стигоса	sʲtʲiɡˈosa
освещённый	ʌsvʲiɕˈɵnnyj
половинных	pʌɭʌvʲˈinnyx
половинный	pʌɭʌvʲˈinnyj
сломанный	sɭˈomʌnnyj
устояли	ustʌˈjaɭʲɪ
сотники	sˈotʲnʲikʲɪ
переломленным	pʲirʲiɭˈomɭʲinnym
отступать	ʌtstupˈɑtʲ
переломленное	pʲirʲiɭˈomɭʲinnʌjɪ
древко	drʲˈefkʌ
орхана	ʌrxˈɑna
горькой	ɡˈorɪkʌj
отравители	ʌtravʲˈitʲiɭʲɪ
перчатках	pʲirtʃʲˈɑtkʌx
локтя	ɭˈoktʲʌ
прорезь	prˈorʲisʲ
саркиса	sarkʲˈisa
разорванная	razˈorvʌnnʌja
разрывщики	razrˈyfɕikʲɪ
обрубленной	ʌbrˈubɭʲinnʌj
куорры	kuˈorry
ростовщический	rʌstʌfɕˈitʃʲiskʲij
заимодавцы	zʌimʌdˈɑftsy
бельзура	bʲiɭʲzˈura
переписывается	pʲirʲipʲˈisyvʌjitsʌ
рукавами	rukavˈɑmʲɪ
зашитый	zaʃˈytyj
рукав	rukˈɑf
иренны	ɪrʲˈenny
открывали	ʌtkryvˈɑɭʲɪ
ожидающие	ʌʒydˈɑjuɕijɪ
незажжённым	nʲizaʒʒˈonnym
незажжённый	nʲizaʒʒˈonnyj
зарута	zarˈuta
исполняется	ɪspʌɭnʲˈɑjitsʌ
приводим	prʲivˈodʲim
звались	zvˈɑɭʲisʲ
росана	rʌsˈɑna
утренние	ˈutrʲinnʲijɪ
восходном	vʌsxˈodnʌm
росой	rʌsˈoj
росяная	rʌsʲˈɑnʌja
росаны	rʌsˈɑny
фляге	fɭʲˈɑɡʲi
оркад	ʌrkˈɑt
межевые	mʲiʒyvˈyjɪ
плече	pɭʲitʃʲˈe
каменщики	kˈɑmʲinɕikʲɪ
сдвигать	zdvʲiɡˈɑtʲ
оркада	ʌrkˈɑda
велена	vʲiɭʲˈena
жатвенная	ʒˈɑtvʲinnʌja
снопы	snʌpˈy
снопари	snʌpˈɑrʲɪ
гумно	ɡumnˈo
сноп	snˈop
жницы	ʒnʲˈitsy
велены	vʲiɭʲˈeny
стрибар	strʲˈibʌr
дует	dˈujit
ветреном	vʲˈetrʲinʌm
стрибара	strʲibˈɑra
очажная	ʌtʃʲˈɑʒnʌja
хозяйки	xʌʑˈɑjkʲɪ
кочергой	kʌtʃʲirɡˈoj
поднимать	pʌdnʲimˈɑtʲ
теплы	tʲipɭˈy
солван	sˈoɭvʌn
отмельный	ʌtmʲˈeɭʲnyj
белыми	bʲˈeɭymʲɪ
солвана	sʌɭvˈɑna
гремен	ɡrʲˈemʲin
клеймёные	kɭʲijmʲˈɵnyjɪ
натощак	nʌtʌɕˈɑk
гремена	ɡrʲimʲˈena
лутра	ɭˈutra
зверовая	zvʲirʌvˈɑja
охотницы	ʌxˈotʲnʲitsy
шкурах	ʃkˈurʌx
идар	ˈɪdʌr
тропник	trʌpnʲˈik
тропники	trʌpnʲˈikʲɪ
пирамидку	pʲiramʲˈitku
посохами	pˈosʌxʌmʲɪ
идара	ɪdˈɑra
нейма	nʲˈejma
высохнуть	vˈysʌxnutʲ
колодезники	kʌɭˈodʲiʑnʲikʲɪ
деревянным	dʲirʲivʲˈɑnnym
журавлём	ʒuravɭʲˈɵm
неймы	nʲˈejmy
правин	prˈɑvʲin
весовщики	vʲisʌfɕikʲˈɪ
весах	vʲisˈɑx
судьи	sˈudʲjɪ
правина	pravʲˈina
хлада	xɭˈɑda
первоснежная	pʲirvʌsʲnʲˈeʒnʌja
хлады	xɭˈɑdy
медара	mʲidˈɑra
пчелиная	ptʃʲiɭʲˈinʌja
сады	sadˈy
пасека	pˈɑsʲika
сетках	sʲˈetkʌx
сотовый	sˈotʌvyj
медары	mʲidˈɑry
брадан	brˈɑdʌn
брадана	bradˈɑna
ирена	ɪrʲˈena
фонарная	fʌnˈɑrnʌja
заблудших	zabɭˈutʃyx
заблудшие	zabɭˈutʃyjɪ
ирены	ɪrʲˈeny
асхар	ˈɑsxʌr
барханный	barxˈɑnnyj
мареве	mˈɑrʲivʲi
мираж	mʲirˈɑʃ
песочная	pʲisˈotʃʲnʌja
асхара	asxˈɑra
тарнак	tarnˈɑk
уступный	ustˈupnyj
лавины	ɭavʲˈiny
эховые	ɛxˈovyjɪ
гулким	ɡˈuɭkʲim
гротом	ɡrˈotʌm
грот	ɡrˈot
эховой	ɛxˈovʌj
тарнака	tarnˈɑka
лиана	ɭʲiˈɑna
плотогоны	pɭʌtʌɡˈony
излучина	ɪzɭˈutʃʲina
плотогонки	pɭʌtˈoɡʌnkʲɪ
мелеет	mʲiɭʲˈejit
астрен	ˈɑstrʲin
астрена	astrʲˈena
мнема	mnʲˈema
памятливая	pˈɑmʲʌtɭʲivʌja
вырезать	vyrʲizˈɑtʲ
ножами	nʌʒˈɑmʲɪ
мнемы	mnʲˈemy
забытое	zabˈytʌjɪ
безмолвная	bʲizmˈoɭvnʌja
описью	ˈopʲisʲjju
вписать	fpʲisˈɑtʲ
несчитанного	nʲiɕitˈɑnnʌvʌ
шрамар	ʃrˈɑmʌr
носящий	nʌsʲˈɑɕij
шрамы	ʃrˈɑmy
зарок	zarˈok
засечками	zasʲˈetʃʲkʌmʲɪ
засечка	zasʲˈetʃʲka
меченые	mʲˈetʃʲinyjɪ
засечный	zasʲˈetʃʲnyj
шрамара	ʃramˈɑra
кровоточат	krʌvʌtʌtʃʲˈɑt
осколла	ʌskˈoɭɭa
двоящаяся	dvʌˈjaɕʌjasʲʌ
осколке	ʌskˈoɭkʲi
осколочники	ʌskʌɭˈotʃʲnʲikʲɪ
разбитых	razbʲˈityx
осколлы	ʌskˈoɭɭy
плесень	pɭʲˈesʲinʲ
мохнатыми	mʌxnˈɑtymʲɪ
мохнатая	mʌxnˈɑtʌja
плесневика	pɭʲisʲnʲˈevʲika
углара	uɡɭˈɑra
тинара	tʲinˈɑra
тина	tʲˈina
тинары	tʲinˈɑry
жорв	ʒˈorf
ненасытный	nʲinasˈytnyj
жор	ʒˈor
кургане	kurɡˈɑnʲi
чёрными	tʃʲˈɵrnymʲɪ
зубами	zubˈɑmʲɪ
жорва	ʒˈorva
срокан	srˈokʌn
остановленными	ʌstanˈovɭʲinnymʲɪ
срокана	srʌkˈɑna
отодвигается	ʌtʌdvʲiɡˈɑjitsʌ
заимка	zaˈimka
долговое	dʌɭɡʌvˈojɪ
заимки	zaˈimkʲɪ
многоруких	mnʌɡʌrˈukʲix
отъём	ʌtjˈɵm
делители	dʲiɭʲˈitʲiɭʲɪ
цельным	tsˈɛɭʲnym
тишь	tʲˈiʃ
проведённая	prʌvʲidʲˈɵnnʌja
обводит	ʌbvˈodʲit
пропуск	prˈopusk
отсечение	ʌtʲsʲitʃʲˈenʲijɪ
мелоносцы	mʲiɭˈonʌstsy
отсечённой	ʌtʲsʲitʃʲˈɵnnʌj
переступить	pʲirʲistupʲˈitʲ
досмотрщики	dʌsmˈotrɕikʲɪ
тридцатидневным	trʲittsatʲˈidnʲivnym
знающий	znˈɑjuɕij
угоден	uɡˈodʲin
сфере	sfʲˈerʲi
малым	mˈɑɭym
подаяние	pʌdaˈjanʲijɪ
удвоен	udvˈojin
справке	sprˈɑfkʲi
незнакомому	nʲiznakˈomʌmu
проливают	prʌɭʲivˈɑjut
рассветного	rassvʲˈetnʌvʌ
усиливается	usʲˈiɭʲivʌjitsʌ
замолвит	zamˈoɭvʲit
богом	bˈoɡʌm
тарвен	tˈɑrvʲin
ирвен	ˈɪrvʲin
сайла	sˈɑjɭa
корвак	kʌrvˈɑk
цехам	tsyxˈɑm
слухачи	sɭuxatʃʲˈɪ
велларов	vʲiɭɭˈɑrʌf
эдмар	ˈɛdmʌr
анна	ˈɑnna
роланд	rʌɭˈɑnt
стефан	sʲtʲˈefʌn
короля	kʌrʌɭʲˈɑ
деньгах	dʲinʲɡˈɑx
писари	pʲˈisʌrʲɪ
речное	rʲitʃʲnˈojɪ
гарр	ɡˈɑrr
выберет	vˈybʲirʲit
иша	ˈɪʃa
тенеходка	tʲinʲˈexʌtka
кроак	krʌˈɑk
пятипалый	pʲʌtʲipˈɑɭyj
троллей	trʌɭɭʲˈej
гать	ɡˈɑtʲ
сходов	sxˈodʌf
халифский	xaɭʲˈifskʲij
рашид	raʃˈyt
лейла	ɭʲˈejɭa
юсуф	jusˈuf
караванщиков	kʌravˈɑnɕikʌf
джинн-советник	dʒˈynnsʌvʲˈetʲnʲik
саркат	sarkˈɑt
пониже	pʌnʲˈiʒy
солнечное	sˈoɭnʲitʃʲnʌjɪ
торвун	tˈorvun
ингра	ˈɪnɡra
бьёрн	bjˈɵrn
ульв	ˈuɭʲf
охоту	ʌxˈotu
дани	dˈɑnʲɪ
снежные	sʲnʲˈeʒnyjɪ
мара	mˈɑra
выберут	vˈybʲirut
дорн	dˈorn
ракушечница	rʌkuʃˈɛtʃʲnʲitsa
дешёвой	dʲiʃˈovʌj
кровавого	krʌvˈɑvʌvʌ
гракх	ɡrˈɑkx
ургаш	ˈurɡʌʃ
мокра	mʌkrˈɑ
тарк	tˈɑrk
однорукий	ʌdnʌrˈukʲij
побратим	pʌbratʲˈim
весну	vʲisnˈu
ноздри	nˈozdrʲɪ
кровавое	krʌvˈɑvʌjɪ
друида	druˈida
веяна	vʲˈejana
орин	ˈorʲin
тала	tˈɑɭa
совиная	sʌvʲˈinʌja
лесорубы	ɭʲisʌrˈuby
совиные	sʌvʲˈinyjɪ
перья	pʲˈerɪjja
окраинных	ʌkrˈɑinnyx
лесорубов	ɭʲisʌrˈubʌf
плавильный	pɭavʲˈiɭʲnyj
ольгримов	ʌɭʲɡrʲˈimʌf
хельга	xˈeɭʲɡa
литейщик	ɭʲitʲˈejɕik
приёмный	prʲiˈɵmnyj
мастеров	mʌsʲtʲirˈof
учётчики	utʃʲˈɵttʃʲikʲɪ
синодская	sʲinˈotskʌja
верреев	vʲirrʲˈejif
иона	ɪˈona
обсерваторию	ʌpsʲirvatˈorʲiju
дамир	dˈɑmʲir
стекольные	sʲtʲikˈoɭʲnyjɪ
сельм	sʲˈeɭʲm
несрочные	nʲisrˈotʃʲnyjɪ
отвесов	ʌtvʲˈesʌf
часовое	tʃʲʌsʌvˈojɪ
дворовый	dvʌrˈovyj
мельбруков	mʲiɭʲbrˈukʌf
ханна	xˈɑnna
тимо	tʲˈimʌ
копыто	kʌpˈytʌ
кентавр	kʲintˈɑvr
обозчики	ʌbˈoɕikʲɪ
двору	dvʌrˈu
возчики-слухачи	vˈoɕikʲɪsɭuxatʃʲˈɪ
обозчиков	ʌbˈoɕikʌf
горловой	ɡʌrɭʌvˈoj
ашкеров	aʃkʲˈerʌf
сирра	sʲˈirra
гарм	ɡˈɑrm
карьеры	kʌrɪjjˈery
закрыватели	zʌkryvˈɑtʲiɭʲɪ
заглушить	zʌɡɭuʃˈytʲ
нольвар	nˈoɭʲvʌr
ирн	ˈɪrn
веста	vʲˈesta
несчитанные	nʲiɕˈitʌnnyjɪ
вписанными	fpʲˈisʌnnymʲɪ
карх	kˈɑrx
ранит	rˈɑnʲit
сарна	sˈɑrna
гуул	ɡˈuuɭ
выводки	vˈyvʌtkʲɪ
оспаривают	ʌspˈɑrʲivʌjut
одноликие	ʌdnʌɭʲˈikʲijɪ
подменённые	pʌdmʲinʲˈɵnnyjɪ
посольствах	pʌsˈoɭʲstvʌx
диархов	dʲiˈɑrxʌf
ртуть	rtˈutʲ
королева	kʌrʌɭʲˈeva
короне	kʌrˈonʲi
плес	pɭʲˈes
осушить	ʌsuʃˈytʲ
столицами	stʌɭʲˈitsʌmʲɪ
изора	ɪzˈora
свея	svʲˈeja
погасшая	pʌɡˈɑʃʃʌja
горящие	ɡʌrʲˈɑɕijɪ
тления	tɭʲˈenʲija
тлеть	tɭʲˈetʲ
ковена	kʌvʲˈena
улла	ˈuɭɭa
утонет	utˈonʲit
тин	tʲˈin
омуты	ˈomuty
приносить	prʲinʌsʲˈitʲ
ненасытных	nʲinasˈytnyx
гроум	ɡrˈoum
жора	ʒˈora
сытые	sˈytyjɪ
носы	nʌsˈy
голодна	ɡʌɭʌdnˈɑ
вожди	vʌʒdʲˈɪ
конклава	kʌnkɭˈɑva
омен	ˈomʲin
печатница	pʲitʃʲˈɑtʲnʲitsa
бельзуровых	bʲiɭʲzurˈovyx
ассар	ˈɑssʌr
ниса	nʲˈisa
залоговая	zaɭˈoɡʌvʌja
заклады	zakɭˈɑdy
тхор	txˈor
взыскание	vzyskˈɑnʲijɪ
списанные	spʲˈisʌnnyjɪ
вычеркнуть	vˈytʃʲirknutʲ
взыскать	vzyskˈɑtʲ
долговая	dʌɭɡʌvˈɑja
тарругов	tarrˈuɡʌf
тарруг	tarrˈuk
делящий	dʲiɭʲˈɑɕij
удержала	udʲirʒˈɑɭa
вешна	vʲˈeʃna
онг	ˈonk
неделимые	nʲidʲiɭʲˈimyjɪ
передельное	pʲirʲidʲˈeɭʲnʌjɪ
стиговых	sʲtʲiɡˈovyx
илва	ˈɪɭva
ярусная	ˈjarusnʌja
некто	nʲˈektʌ
поднявшиеся	pʌdnʲˈɑfʃyjisʲʌ
живя	ʒyvʲˈɑ
донное	dˈonnʌjɪ
проводящая	prʌvʌdʲˈɑɕʌja
доверят	dʌvʲˈerʲʌt
кирн	kʲˈirn
досмотрщик	dʌsmˈotrɕik
сая	sˈɑja
отсечённая	ʌtʲsʲitʃʲˈɵnnʌja
заходящие	zʌxʌdʲˈɑɕijɪ
проводящие	prʌvʌdʲˈɑɕijɪ
соляное	sʌɭʲanˈojɪ
княжество	knʲˈɑʒystvʌ
князь-солевар	knʲˈɑsʲsʌɭʲivˈɑr
сушёная	suʃˈonʌja
перевальное	pʲirʲivˈɑɭʲnʌjɪ
воеводство	vʌjivˈotstvʌ
старшин	starʃˈyn
озёрная	ʌʑˈɵrnʌja
плёсов	pɭʲˈɵsʌf
плёсы	pɭʲˈɵsy
выборный	vˈybʌrnyj
рыбаков	rybakˈof
степное	sʲtʲipnˈojɪ
ханство	xˈɑnstvʌ
ковыльного	kʌvˈyɭʲnʌvʌ
ковыльный	kʌvˈyɭʲnyj
хан	xˈɑn
табунщиков	tabˈunɕikʌf
юрты	ˈjurty
погост	pʌɡˈost
курганов	kurɡˈɑnʌf
курганный	kurɡˈɑnnyj
описями	ˈopʲisʲʌmʲɪ
червивых	tʃʲirvʲˈivyx
червивые	tʃʲirvʲˈivyjɪ
маркграф-червь	marɡɡrˈaftʃʲˈerfʲ
изрытые	ɪzrˈytyjɪ
ходами	xʌdˈɑmʲɪ
улус	uɭˈus
улусный	uɭˈusnyj
котловые	kʌtɭˈovyjɪ
стойбище	stˈojbʲiɕi
основы	ʌsnˈovy
девятый	dʲivʲˈɑtyj
шпионов	ʃpʲiˈonʌf
пользуется	pˈoɭʲzujitsʌ
пойманы	pˈojmʌny
суммы	sˈummy
компетенции	kʌmʲpʲitʲˈentsyɪ
специалист	spʲitsyaɭʲˈist
ветеран	vʲitʲirˈɑn
поверженный	pʌvʲˈerʒynnyj
вершина	vʲirʃˈyna
объявленных	ʌbjˈjavɭʲinnyx
проблеска	prˈobɭʲiska
отозвалось	ʌtʌzvaɭˈosʲ
дурной	durnˈoj
статуи	stˈɑtuɪ
языками	jazykˈɑmʲɪ
болит	bʌɭʲˈit
чувствуете	tʃʲˈustvujitʲi
простукивать	prʌstˈukʲivʌtʲ
удачного	udˈɑtʃʲnʌvʌ
заточкой	zatˈotʃʲkʌj
сокрушительных	sʌkruʃˈytʲiɭʲnyx
схваток	sxvˈɑtʌk
понимается	pʌnʲimˈɑjitsʌ
архивистом	arxivʲˈistʌm
вскрылся	fskrˈyɭsʲʌ
глушится	ɡɭuʃˈytsʌ
компасом	kˈompʌsʌm
пекле	pʲˈekɭʲi
усвоить	usvˈoitʲ
погод	pʌɡˈot
сработать	srabˈotʌtʲ
ранена	rˈɑnʲina
выслеживать	vysɭʲˈeʒyvʌtʲ
уговариваться	uɡʌvˈɑrʲivʌtsʌ
уговорить	uɡʌvʌrʲˈitʲ
ремесленной	rʲimʲˈesɭʲinnʌj
орудий	ʌrˈudʲij
кипятке	kʲipʲatkʲˈe
яде	ˈjadʲi
ночевали	nʌtʃʲivˈɑɭʲɪ
укрываться	ukryvˈɑtsʌ
ночным	nʌtʃʲnˈym
ночёвок	nʌtʃʲˈɵvʌk
укрытий	ukrˈytʲij
лесах	ɭʲisˈɑx
силами	sʲˈiɭʌmʲɪ
лечения	ɭʲitʃʲˈenʲija
зельями	ʑˈeɭjjamʲɪ
общежитием	ʌpɕiʒˈytʲijim
достатку	dʌstˈɑtku
минует	mʲinˈujit
вызвало	vˈyzvʌɭʌ
предупреждения	prʲiduprʲiʒdʲˈenʲija
встречать	fstrʲitʃʲˈɑtʲ
глушатся	ɡɭuʃˈɑtʲsʲʌ
пророчествами	prʌrˈotʃʲistvʌmʲɪ
городскими	ɡʌrʌtskʲˈimʲɪ
срывать	sryvˈɑtʲ
развеиванием	rʌzvʲiivˈɑnʲijim
тревожнее	trʲivˈoʒnʲijɪ
выстоять	vˈystʌjatʲ
искателя	ɪskˈɑtʲiɭʲʌ
волевая	vʌɭʲivˈɑja
разрезы	razrʲˈezy
нужных	nˈuʒnyx
иссякла	ɪsʲsʲˈɑkɭa
спадает	spadˈɑjit
талер	tˈɑɭʲir
дирхем	dʲirxˈem
солид	sʌɭʲˈit
денарий	dʲinˈɑrʲij
шекель	ʃˈɛkʲilʲ
дукат	dukˈɑt
флорин	fɭʌrʲˈin
обол	ʌbˈoɭ
драхма	drˈɑxma
статер	stˈɑtʲir
пенни	pʲˈennʲɪ
рупия	rˈupʲija
лира	ɭʲˈira
реал	rʲiˈɑɭ
гульден	ɡˈuɭʲdʲin
эскудо	ɛskˈudʌ
тенга	tʲˈenɡa
договорные	dʌɡʌvʌrnˈyjɪ
жетоны	ʒytˈony
инженера	ɪnʒynʲˈera
медяков	mʲidʲakˈof
местная	mʲˈesnʌja
энергетический	ɛnɛrɡʲitʲˈitʃʲiskʲij
жетон	ʒytˈon
долговых	dʌɭɡʌvˈyx
шнуре	ʃnurʲˈe
имплантоподобная	ɪmpɭʌntʌpˈodʌbnʌja
структура	struktˈura
вросло	vrʌsɭˈo
диагностика	dʲiaɡnˈosʲtʲika
натянулась	nʌtʲanˈuɭʌsʲ
сопрягается	sʌprʲaɡˈɑjitsʌ
кинетический	kʲinʲitʲˈitʃʲiskʲij
сбил	zbʲˈiɭ
добил	dʌbʲˈiɭ
следопытское	sɭʲidʌpˈytskʌjɪ
недавнее	nʲidˈɑvnʲijɪ
замерло	zˈɑmʲirɭʌ
двигались	dvʲˈiɡʌɭʲisʲ
связать	svʲazˈɑtʲ
перелить	pʲirʲiɭʲˈitʲ
припугнуть	prʲipuɡnˈutʲ
устрашить	ustraʃˈytʲ
выращивали	vyrˈɑɕivʌɭʲɪ
нынешние	nˈynʲiʃnʲijɪ
сколы	skˈoɭy
огранкой	ʌɡrˈɑnkʌj
кварца	kvˈɑrtsa
вырезанная	vˈyrʲizʌnnʌja
верстаке	vʲirstakʲˈe
переживать	pʲirʲiʒyvˈɑtʲ
среды	srʲˈedy
выточен	vˈytʌtʃʲin
эхокристалла	ɛxʌkrʲˈistʌɭɭa
шахтёры-исследователи	ʃaxtʲˈɵryɪssɭʲˈedʌvʌtʲiɭʲɪ
проходчики	prʌxˈottʃʲikʲɪ
выдыхаются	vydyxˈɑjutsʌ
алхимики	aɭxˈimʲikʲɪ
ускоренная	uskˈorʲinnʌja
отгонка	ʌdɡˈonka
безопасного	bʲizʌpˈɑsnʌvʌ
возвращения	vʌzvraɕˈenʲija
дотянув	dʌtʲˈɑnuf
покупкой	pʌkˈupkʌj
незакрытые	nʲizakrˈytyjɪ
подписью	pˈotpʲisʲjju
проявилась	prʌjavʲˈiɭʌsʲ
оставьте	ʌstˈɑftʲi
слабы	sɭabˈy
проступил	prʌstupʲˈiɭ
энергиями	ɛnˈɛrɡʲijamʲɪ
среде	srʲidʲˈe
носилась	nʌsʲˈiɭʌsʲ
гарантия	ɡarˈɑntʲija
разумному	razˈumnʌmu
энергией	ɛnˈɛrɡʲijij
разрешением	rʌzrʲiʃˈɛnʲijim
управляли	upravɭʲˈɑɭʲɪ
костегрызы	kʌsʲtʲˈeɡryzy
моих	mʌˈix
возвращался	vʌzvraɕˈɑɭsʲʌ
соседям	sʌsʲˈedʲʌm
степным	sʲtʲipnˈym
добудьте	dʌbˈudʲtʲi
имплант	ɪmpɭˈɑnt
формам	fˈormʌm
погибшие	pʌɡʲˈipʃyjɪ
распался	raspˈɑɭsʲʌ
пожранных	pˈoʒrʌnnyx
сопрячься	sʌprʲˈɑtʃʲsʲʌ
устройством	ustrˈojstvʌm
клянутся	kɭʲanˈutʲsʲʌ
северное	sʲˈevʲirnʌjɪ
рубленые	rˈubɭʲinyjɪ
распев	raspʲˈef
волнистое	vʌɭnʲˈistʌjɪ
жаргон	ʒarɡˈon
дворцовый	dvʌrtsˈovyj
вежлив	vʲˈeʒɭʲif
узелковое	uʑiɭkˈovʌjɪ
табунами	tʌbunˈɑmʲɪ
разломная	razɭˈomnʌja
архипелажный	arxipʲiɭˈɑʒnyj
полушёпот	pʌɭuʃˈopʌt
кольцевое	kʌɭʲtsyvˈojɪ
глаголы	ɡɭaɡˈoɭy
хаотическая	xʌʌtʲˈitʃʲiskʌja
меняющееся	mʲinʲˈɑjuɕijisʲʌ
пустынный	pustˈynnyj
обожжённые	ʌbʌʒʒˈonnyjɪ
хриплая	xrʲˈipɭʌja
теневые	tʲinʲivˈyjɪ
меметика	mʲimʲˈetʲika
ускоряют	uskʌrʲˈɑjut
носителем	nʌsʲˈitʲiɭʲim
кинетика	kʲinʲˈetʲika
хроноакустика	xrʌnʌˈɑkusʲtʲika
ритма	rʲˈitma
структуры	struktˈury
переносится	pʲirʲinˈosʲitsʌ
сингулярная	sʲinɡuɭʲˈɑrnʌja
металлургия	mʲitʌɭɭurɡʲˈija
меметическая	mʲimʲitʲˈitʃʲiskʌja
экзаменом	ɛɡzˈɑmʲinʌm
выполнение	vypʌɭnʲˈenʲijɪ
определённая	ʌprʲidʲiɭʲˈɵnnʌja
обучать	ʌbutʃʲˈɑtʲ
враждебность	vraʒdʲˈebnʌstʲ
назначено	naznˈɑtʃʲinʌ
испытательного	ɪspytˈɑtʲiɭʲnʌvʌ
хешировать	xiʃyrˈovʌtʲ
наставнику	nastˈɑvnʲiku
сообразно	sʌʌbrˈɑznʌ
умножением	umnʌʒˈɛnʲijim
какая-то	kakˈɑjatʌ
враждебны	vraʒdʲˈebny
невыполнено	nʲivypˈoɭnʲinʌ
возьму	vʌʑmˈu
просите	prʌsʲˈitʲi
целительницу	tsyɭʲitʲˈeɭʲnʲitsu
рунологии	runʌɭˈoɡʲiɪ
неживого	nʲiʒyvˈovʌ
кинетики	kʲinʲˈetʲikʲɪ
хроноакустики	xrʌnʌˈɑkusʲtʲikʲɪ
меллиана	mʲiɭɭʲˈiʌna
аркеля	arkʲˈeɭʲʌ
программы	prʌɡrˈɑmmy
бакалавр	bʌkaɭˈɑvr
меллиане	mʲiɭɭʲˈiʌnʲi
аркеле	arkʲˈeɭʲi
поживите	pʌʒyvʲˈitʲi
вступительный	fstupʲˈitʲiɭʲnyj
взнос	vznˈos
поступите	pʌstˈupʲitʲi
пройден	prˈojdʲin
допускают	dʌpuskˈɑjut
работайте	rabˈotʌjtʲi
экзаменационный	ɛɡzʌmʲinʌtsyˈonnyj
экзаменатор	ɛɡzʌmʲinˈɑtʌr
попросите	pʌprˈosʲitʲi
лекционная	ɭʲiktsyˈonnʌja
растят	rasʲtʲˈɑt
станку	stankˈu
зачтена	zʌtʃʲtʲinˈɑ
койка	kˈojka
общежитии	ʌpɕiʒˈytʲiɪ
студент-дуэлянт	studʲˈentduɛɭʲˈɑnt
дуэльный	duˈɛɭʲnyj
выиграна	vˈyiɡrʌna
повесила	pʌvʲˈesʲiɭa
вызвала	vˈyzvʌɭa
декана	dʲikˈɑna
диспут	dʲˈisput
читальне	tʃʲitˈɑɭʲnʲi
экзаменов	ɛɡzˈɑmʲinʌf
академию	akadʲˈemʲiju
студентом	studʲˈentʌm
граф	ɡrˈɑf
описано	ʌpʲˈisʌnʌ
пропажа	prʌpˈɑʒa
пропала	prʌpˈɑɭa
злится	zɭʲˈitsʌ
сговору	zɡˈovʌru
ужином	ˈuʒynʌm
подсыпал	pʌtsˈypʌɭ
поддельные	pʌdʲdʲˈeɭʲnyjɪ
оказались	ʌkazˈɑɭʲisʲ
сгорела	zɡʌrʲˈeɭa
поджог	pʌdʒˈok
сорвавшиеся	sʌrvˈɑfʃyjisʲʌ
всё-таки	fsʲˈɵtʌkʲɪ
недописанная	nʲidʌpʲˈisʌnnʌja
увезли	uvʲizɭʲˈɪ
проклятии	prʌkɭʲˈɑtʲiɪ
неупокоенный	nʲiupʌkˈojinnyj
некромант	nʲikrʌmˈɑnt
подполе	pˈotpʌɭʲi
эсхатическую	ɛsxatʲˈitʃʲiskuju
магию	mˈɑɡʲiju
свидетелям	svʲidʲˈetʲiɭʲʌm
понизив	pʌnʲˈiʑif
невиновный	nʲivʲinˈovnyj
пострадал	pʌstradˈɑɭ
обвинению	ʌbvʲinʲˈenʲiju
виновник	vʲinˈovnʲik
ложным	ɭˈoʒnym
хромой	xrʌmˈoj
веск	vʲˈesk
ножи	nʌʒˈy
воровство	vʌrʌfstvˈo
взломщики	vzɭˈomɕikʲɪ
карманники	karmˈɑnnʲikʲɪ
чернильный	tʃʲirnʲˈiɭʲnyj
проверена	prʌvʲˈerʲina
печатники	pʲitʃʲˈɑtʲnʲikʲɪ
крючники	krʲˈutʃʲnʲikʲɪ
тётка	tʲˈɵtka
сборщики	zbˈorɕikʲɪ
продавцы	prʌdaftsˈy
контракт	kʌntrˈɑkt
святее	svʲatʲˈejɪ
нанимателя	nʌnʲimˈɑtʲiɭʲʌ
дрор	drˈor
ветераны	vʲitʲirˈɑny
новобранцы	nʌvʌbrˈɑntsy
краденого	krˈɑdʲinʌvʌ
платим	pɭˈɑtʲim
спрашиваем	sprˈɑʃyvʌjim
ильма	ˈɪɭʲma
ушей	uʃˈɛj
информаторы	ɪnfʌrmˈɑtʌry
тарн	tˈɑrn
слушающие	sɭˈuʃʌjuɕijɪ
подпольная	pʌtpˈoɭʲnʌja
проигравший	prʌiɡrˈɑfʃyj
ямщик	jamɕˈik
гурд	ɡˈurt
бойцы	bʌjtsˈy
криминальных	krʲimʲinˈɑɭʲnyx
районах	rajˈonʌx
шантажа	ʃʌntaʒˈɑ
узнайте	uznˈɑjtʲi
прислали	prʲisɭˈɑɭʲɪ
простит	prʌsʲtʲˈit
жди	ʒdʲˈɪ
информатора	ɪnfʌrmˈɑtʌra
победивших	pʌbʲidʲˈifʃyx
взыскал	vzyskˈɑɭ
розыск	rˈozysk
инспектора	ɪnspʲˈektʌra
разыскиваемым	razˈyskʲivʌjimym
погасите	pʌɡˈɑsʲitʲi
сообщать	sʌʌpɕˈɑtʲ
разыскиваемыми	rʌzyskʲivˈɑjimymʲɪ
сообщаете	sʌʌpɕˈɑjitʲi
надзору	nadzˈoru
раскрытые	raskrˈytyjɪ
оплачиваются	ʌpɭˈɑtʃʲivʌjutsʌ
погашены	pʌɡˈɑʃyny
договору	dʌɡʌvˈoru
разыскиваемого	razˈyskʲivʌjimʌvʌ
некромантию	nʲikrʌmˈɑntʲiju
кладбищенский	kɭadbʲˈiɕinskʲij
костнице	kʌsnʲˈitsy
чью-то	tʃʲjˈjutˈo
перстнем	pʲˈersnʲim
закрыла	zakrˈyɭa
биоинженер	bʲiʌˈinʒynʲir
биоинженерии	bʲiʌinʒˈɛnʲirʲiɪ
затылке	zatˈyɭkʲi
чистые	tʃʲˈistyjɪ
обуглена	ʌbˈuɡɭʲina
дух-хранитель	dˈuxxranʲˈitʲilʲ
сверхъестественных	svʲirxjjisʲtʲˈɛstvʲinnyx
смертей	smʲirtʲˈej
уничтожен	unʲitʃʲtˈoʒyn
затоплен	zatˈopɭʲin
орвен	ˈorvʲin
основатель	ʌsnʌvˈɑtʲilʲ
плотин	pɭʌtʲˈin
мирра	mʲˈirra
хранительница	xranʲˈitʲiɭʲnʲitsa
тавел	tˈɑvʲiɭ
затоплении	zʌtʌpɭʲˈenʲiɪ
лисса	ɭʲˈissa
договорами	dʌɡʌvˈorʌmʲɪ
кассаре	kassˈɑrʲi
течений	tʲitʃʲˈenʲij
кастелян	kʌsʲtʲiɭʲˈɑn
ирв	ˈɪrf
открывший	ʌtkrˈyfʃyj
брен	brʲˈen
ол	ˈoɭ
подделавший	pʌdʲdʲˈeɭʌfʃyj
завещание	zʌvʲiɕˈɑnʲijɪ
украдены	ukrˈɑdʲiny
ответят	ʌtvʲˈetʲʌt
одобрит	ʌdˈobrʲit
дом-враг	dˈomvrˈɑk
потеряет	pʌtʲirʲˈɑjit
сказана	skˈɑzʌna
мести	mʲˈesʲtʲɪ
отвергнута	ʌtvʲˈerɡnuta
остатков	ʌstˈɑtkʌf
основан	ʌsnˈovʌn
получат	pʌɭˈutʃʲʌt
укреплён	ukrʲipɭʲˈɵn
сгорели	zɡʌrʲˈeɭʲɪ
скрыть	skrˈytʲ
приручить	prʲirutʃʲˈitʲ
заряжены	zarʲˈɑʒyny
цивилизация	tsyvʲiɭʲizˈɑtsyja
продан	prˈodʌn
личность	ɭʲˈitʃʲnʌstʲ
уничтожена	unʲitʃʲtˈoʒyna
изгнанника	ɪzɡnˈɑnnʲika
оживают	ʌʒyvˈɑjut
утихнут	utʲˈixnut
запечатана	zʌpʲitʃʲˈɑtʌna
утихли	utʲˈixɭʲɪ
расследовать	rassɭʲˈedʌvʌtʲ
графическая	ɡrafʲˈitʃʲiskʌja
ёмкостью	jˈɵmkʌstʲjju
длительностью	dɭʲˈitʲiɭʲnʌstʲjju
физико-магические	fʲˈiʑikʌmaɡʲˈitʃʲiskʲijɪ
алхимию	aɭxˈimʲiju
ела	jˈeɭa
дёшева	dʲˈɵʃyva
вечен	vʲˈetʃʲin
впитывает	fpʲˈityvʌjit
хрупкое	xrˈupkʌjɪ
принадлежала	prʲinʌdɭʲiʒˈɑɭa
треугольник	trʲiuɡˈoɭʲnʲik
железные	ʒyɭʲˈeznyjɪ
кровяные	krʌvʲanˈyjɪ
ёмкости	jˈɵmkʌsʲtʲɪ
сварены	svˈɑrʲiny
допускать	dʌpuskˈɑtʲ
сварите	svarʲˈitʲi
носителе	nʌsʲˈitʲiɭʲi
расплылись	raspɭˈyɭʲisʲ
испорчен	ɪspˈortʃʲin
обожгло	ʌbʌʒɡɭˈo
начертано	natʃʲˈertʌnʌ
святом	svʲatˈom
семнадцатый	sʲimnˈɑttsʌtyj
хешу	xˈeʃu
искатель	ɪskˈɑtʲilʲ
бегун	bʲiɡˈun
пробуждённого	prʌbuʒdʲˈɵnnʌvʌ
равновесии	rʌvnʌvʲˈesʲiɪ
устойчивее	ustˈojtʃʲivʲijɪ
фрагмент	fraɡmʲˈent
биологической	bʲiʌɭʌɡʲˈitʃʲiskʌj
боялся	bʌˈjaɭsʲʌ
адаптивный	adaptʲˈivnyj
поведенческий	pʌvʲidʲˈentʃʲiskʲij
поглотителе	pʌɡɭʌtʲˈitʲiɭʲi
отдохнёт	ʌddʌxnʲˈɵt
образцов	ʌbrastsˈof
паттернов	pˈɑtʲtʲirnʌf
мутации	mutˈɑtsyɪ
поглощено	pʌɡɭʌɕinˈo
выбросит	vˈybrʌsʲit
злость	zɭˈostʲ
скрытности	skrˈytnʌsʲtʲɪ
подвох	pʌdvˈox
поиску	pˈoisku
выговаривается	vyɡʌvˈɑrʲivʌjitsʌ
пляшут	pɭʲˈɑʃut
бездонна	bʲizdˈonna
вложенными	vɭˈoʒynnymʲɪ
тесноте	tʲisnʌtʲˈe
прижиться	prʲiʒˈytsʌ
отторглось	ʌttˈorɡɭʌsʲ
рассыпалось	rʌssypˈɑɭʌsʲ
вживлено	vʒyvɭʲinˈo
выбрасывает	vybrˈɑsyvʌjit
худшее	xˈutʃyjɪ
выбрасывается	vybrˈɑsyvʌjitsʌ
передрались	pʲirʲidraɭʲˈisʲ
носителю	nʌsʲˈitʲiɭʲu
осколках	ʌskˈoɭkʌx
минеральная	mʲinʲirˈɑɭʲnʌja
укусу	ukˈusu
железы	ʒyɭʲˈezy
паука-тенетника	pʌukˈɑtʲinʲˈetʲnʲika
ковыльник	kʌvˈyɭʲnʲik
пеплогрив	pʲipɭˈoɡrʲif
спеклась	spʲikɭˈɑsʲ
тинистый	tʲˈinʲistyj
тенёта	tʲinʲˈɵta
тины	tʲˈiny
стужевик	stuʒyvʲˈik
медленная	mʲˈedɭʲinnʌja
кривоклюв	krʲivˈokɭʲuf
ядовитых	jadʌvʲˈityx
изогнулся	ɪzʌɡnˈuɭsʲʌ
осип	ʌsʲˈip
каменношкур	kʌmʲinnˈoʃkur
осыпей	ˈosypʲij
ночекрыл	nʌtʃʲˈekryɭ
мотыль	mʌtˈylʲ
водолаз-жвалень	vʌdʌɭˈasʒvˈɑɭʲinʲ
жвала	ʒvˈɑɭa
огнехвост	ʌɡnʲixvˈost
лавы	ɭˈɑvy
мороси	mʌrˈosʲɪ
старте	stˈɑrtʲi
дикой	dʲˈikʌj
обитания	ʌbʲitˈɑnʲija
рацион	rʌtsyˈon
миграция	mʲiɡrˈɑtsyja
тропам	trˈopʌm
герои	ɡʲirˈoɪ
дробящее	drʌbʲˈɑɕijɪ
биоинженерией	bʲiʌinʒynʲˈerʲijij
алхимией	aɭxˈimʲijij
навыком	nˈɑvykʌm
перекраивают	pʲirʲikraˈivʌjut
чинах	tʃʲinˈɑx
сбываются	zbyvˈɑjutsʌ
меняющаяся	mʲinʲˈɑjuɕʌjasʲʌ
ускоренное	uskˈorʲinnʌjɪ
высыпаются	vysypˈɑjutsʌ
состариться	sʌstˈɑrʲitsʌ
замедленное	zamʲˈedɭʲinnʌjɪ
низиной	nʲiʑˈinʌj
снесёт	sʲnʲisʲˈɵt
тянущая	tʲˈɑnuɕʌja
дикая	dʲˈikʌja
косее	kʌsʲˈejɪ
волосы	vˈoɭʌsy
дыбом	dˈybʌm
метить	mʲˈetʲitʲ
буйная	bˈujnʌja
срезанная	srʲˈezʌnnʌja
отрастает	ʌtrastˈɑjit
зарасти	zʌrasʲtʲˈɪ
стареет	starʲˈejit
тёплых	tʲˈɵpɭyx
мёрзнуть	mʲˈɵrznutʲ
тратить	trˈɑtʲitʲ
руслу	rˈusɭu
шепчущая	ʃˈɛptʃʲuɕʌja
ползучая	pʌɭzˈutʃʲʌja
вчерашняя	ftʃʲirˈɑʃnʲʌja
манящая	manʲˈɑɕʌja
удобной	udˈobnʌj
увязнуть	uvʲˈɑznutʲ
сияющая	sʲiˈjajuɕʌja
черствеет	tʃʲirstvʲˈejit
ползучий	pʌɭzˈutʃʲij
мёрзлый	mʲˈɵrzɭyj
пустырь	pustˈyrɪ
распадок	raspˈɑdʌk
урочище	urˈotʃʲiɕi
плёс	pɭʲˈɵs
котлован	kʌtɭʌvˈɑn
ложбина	ɭʌʒbʲˈina
курган	kurɡˈɑn
растительная	rasʲtʲˈitʲiɭʲnʌja
мёрзнет	mʲˈɵrʑnʲit
родятся	rʌdʲˈɑtsʌ
кургану	kurɡˈɑnu
клонится	kɭˈonʲitsʌ
хранилищах	xranʲˈiɭʲiɕʌx
спуски	spˈuskʲɪ
ровны	rˈovny
отлитые	ʌtɭʲˈityjɪ
скрывать	skryvˈɑtʲ
отдаются	ʌddaˈjutsʌ
вшит	fʃˈyt
надёжности	nadʲˈɵʒnʌsʲtʲɪ
пляшет	pɭʲˈɑʃyt
записанных	zapʲˈisʌnnyx
картах	kˈɑrtʌx
опасны	ʌpˈɑsny
током	tˈokʌm
неосторожным	nʲiʌstʌrˈoʒnym
лекарства	ɭʲikˈɑrstva
разделилась	rʌʑdʲiɭʲˈiɭʌsʲ
раскололась	rʌskʌɭˈoɭʌsʲ
всеобщий	fsʲiˈopɕij
плуги	pɭˈuɡʲɪ
конъ	kˈon
борьба	bʌrɪbˈɑ
профессии	prʌfʲˈesʲsʲiɪ
сторговаться	stʌrɡʌvˈɑtsʌ
сумах	sumˈɑx
суставы	sustˈɑvy
согласием	sʌɡɭˈɑsʲijim
врозь	vrˈosʲ
детективов	dʲitʲiktʲˈivʌf
постромки	pʌstrˈomkʲɪ
увёз	uvʲˈɵs
возницу	vʌʑnʲˈitsu
снесла	sʲnʲisɭˈɑ
шест	ʃˈɛst
вывеской	vˈyvʲiskʌj
обрадовался	ʌbrˈɑdʌvʌɭsʲʌ
полсела	pʌɭsʲiɭˈɑ
решило	rʲiʃˈyɭʌ
проспало	prʌspˈɑɭʌ
петуха	pʲituxˈɑ
сочли	sʌtʃʲɭʲˈɪ
начальством	natʃʲˈɑɭʲstvʌm
накормили	nʌkʌrmʲˈiɭʲɪ
улёгся	uɭʲˈɵksʲʌ
котом	kʌtˈom
достоинством	dʌstˈoinstvʌm
герольд	ɡʲirˈoɭʲt
запинается	zʌpʲinˈɑjitsʌ
достойный	dʌstˈojnyj
трубач	trubˈɑtʃʲ
спасая	spasˈɑja
дунул	dˈunuɭ
занимало	zʌnʲimˈɑɭʌ
высокую	vysˈokuju
сбившись	zbʲˈifʃysʲ
забралась	zʌbraɭˈɑsʲ
соломенную	sʌɭˈomʲinnuju
кровлю	krˈovɭʲu
пол-улицы	pˈoɭˈuɭʲitsy
остановился	ʌstʌnʌvʲˈiɭsʲʌ
пекарни	pʲikˈɑrnʲɪ
примерил	prʲimʲˈerʲiɭ
плотно	pɭˈotnʌ
постучал	pʌstutʃʲˈɑɭ
молотком	mʌɭʌtkˈom
перепутал	pʲirʲipˈutʌɭ
ударение	udarʲˈenʲijɪ
быка	bykˈɑ
чтоб	ʃtˈop
постоялец	pʌstʌˈjaɭʲits
дёргает	dʲˈɵrɡʌjit
назло	nazɭˈo
как-то	kˈɑktʌ
странно	strˈɑnnʌ
признался	prʲiznˈɑɭsʲʌ
хохотала	xʌxʌtˈɑɭa
дозоре	dʌzˈorʲi
смеха	smʲˈexa
бондарь	bˈondʌrɪ
спасённую	spasʲˈɵnnuju
бочку	bˈotʃʲku
смеялся	smʲiˈjaɭsʲʌ
поделился	pʌdʲiɭʲˈiɭsʲʌ
шапки	ʃˈɑpkʲɪ
слушателей	sɭˈuʃʌtʲiɭʲij
козу	kʌzˈu
пекарь	pʲˈekʌrɪ
краюху	kraˈjuxu
помогли	pʌmʌɡɭʲˈɪ
неудачных	nʲiudˈɑtʃʲnyx
поднёс	pʌdnʲˈɵs
выдали	vˈydʌɭʲɪ
начальству	natʃʲˈɑɭʲstvu
уместен	umʲˈesʲtʲin
лихой	ɭʲixˈoj
поделили	pʌdʲiɭʲˈiɭʲɪ
рассудить	rʌssudʲˈitʲ
рассудили	rʌssudʲˈiɭʲɪ
согласились	sʌɡɭasʲˈiɭʲisʲ
занялась	zʌnʲaɭˈɑsʲ
кашляют	kˈɑʃɭʲʌjut
крюк	krʲˈuk
волнение	vʌɭnʲˈenʲijɪ
пошлинах	pˈoʃɭʲinʌx
святыню	svʲatˈynʲu
посторонились	pʌstʌrʌnʲˈiɭʲisʲ
загонщики	zaɡˈonɕikʲɪ
поддержку	pʌdʲdʲˈerʃku
осадных	ʌsˈɑdnyx
средств	srʲˈetstf
влиял	vɭʲiˈjaɭ
украшением	ukraʃˈɛnʲijim
допускает	dʌpuskˈɑjit
сохранениям	sʌxranʲˈenʲijam
отсутствующее	ʌtsˈutstvujuɕijɪ
осадными	ʌsˈɑdnymʲɪ
делениями	dʲiɭʲˈenʲijamʲɪ
человеческое	tʃʲiɭʌvʲˈetʃʲiskʌjɪ
сведёт	svʲidʲˈɵt
машинам	maʃˈynʌm
командовать	kʌmˈɑndʌvʌtʲ
отслужили	ʌtsɭuʒˈyɭʲɪ
свели	svʲiɭʲˈɪ
пригнаны	prʲˈiɡnʌny
сдвинут	zdvʲˈinut
крепостям	krʲipʌsʲtʲˈɑm
чин	tʃʲˈin
покалечен	pʌkaɭʲˈetʃʲin
долгах	dʌɭɡˈɑx
дурно	dˈurnʌ
важным	vˈɑʒnym
детьми	dʲitʲmʲˈɪ
травм	trˈɑvm
перемен	pʲirʲimʲˈen
отслеживаете	ʌtsɭʲˈeʒyvʌjitʲi
дневнике	dnʲivnʲikʲˈe
вспомнит	fspˈomnʲit
откликнулись	ʌtkɭʲˈiknuɭʲisʲ
смолкла	smˈoɭkɭa
сороковую	sʌrʌkʌvˈuju
войскам	vʌjskˈɑm
наградных	nʌɡradnˈyx
нашло	naʃɭˈo
молчавшее	mʌɭtʃʲˈɑfʃyjɪ
заговорило	zʌɡʌvʌrʲˈiɭʌ
непрочитанной	nʲiprʌtʃʲˈitʌnnʌj
горел	ɡʌrʲˈeɭ
обещано	ʌbʲˈeɕʌnʌ
отведённое	ʌtvʲidʲˈɵnnʌjɪ
вероятностно	vʲirʌˈjatnʌsnʌ
сбудется	zbˈudʲitsʌ
ускорит	uskˈorʲit
подтолкнули	pʌdtʌɭknˈuɭʲɪ
придержали	prʲidʲirʒˈɑɭʲɪ
пророчеством	prʌrˈotʃʲistvʌm
выдумываются	vydumˈyvʌjutsʌ
экосистемой	ɛkʌsʲisʲtʲˈemʌj
лгут	ɭɡˈut
саркофаги	sʌrkʌfˈɑɡʲɪ
запечатанные	zʌpʲitʃʲˈɑtʌnnyjɪ
неупокоенные	nʲiupʌkˈojinnyjɪ
нефы	nʲˈefy
купели	kupʲˈeɭʲɪ
стрельницы	strʲiɭʲnʲˈitsy
караулки	kʌraˈuɭkʲɪ
выпустить	vˈypusʲtʲitʲ
стеллажи	sʲtʲiɭɭaʒˈy
переписные	pʲirʲipʲisnˈyjɪ
кельи	kʲˈeɭjɪ
литейные	ɭʲitʲˈejnyjɪ
угар	uɡˈɑr
галереи	ɡʌɭʲirʲˈeɪ
грибной	ɡrʲibnˈoj
споровые	spˈorʌvyjɪ
жаркие	ʒˈɑrkʲijɪ
норы	nˈory
лазы	ɭˈɑzy
лежбища	ɭʲˈeʒbʲiɕʌ
валы	vaɭˈy
полувека	pʌɭuvʲˈeka
доразломное	dʌrazɭˈomnʌjɪ
горняки	ɡʌrnʲakʲˈɪ
монашеский	mʌnˈɑʃyskʲij
строители	strʌˈitʲiɭʲɪ
каторжане	kʌtʌrʒˈɑnʲi
шахтёрская	ʃaxtʲˈɵrskʌja
хранили	xranʲˈiɭʲɪ
бежали	bʲiʒˈɑɭʲɪ
служили	sɭuʒˈyɭʲɪ
замурованная	zʌmurˈovʌnnʌja
перепутаны	pʲirʲipˈutʌny
встречены	fstrʲˈetʃʲiny
найдены	nˈɑjdʲiny
заброшенная	zabrˈoʃynnʌja
проросла	prʌrʌsɭˈɑ
уклад	ukɭˈɑt
средние	srʲˈednʲijɪ
слепые	sɭʲipˈyjɪ
сломают	sɭʌmˈɑjut
оползни	ˈopʌɭʑnʲɪ
теплу	tʲipɭˈu
корневые	kʌrnʲivˈyjɪ
машинные	maʃˈynnyjɪ
выбить	vˈybʲitʲ
питались	pʲitˈɑɭʲisʲ
расплодились	rʌspɭʌdʲˈiɭʲisʲ
расплодилась	rʌspɭʌdʲˈiɭʌsʲ
кристаллу	krʲistˈɑɭɭu
нагревается	nʌɡrʲivˈɑjitsʌ
смотришь	smˈotrʲiʃ
видишь	vʲˈidʲiʃ
лили	ɭʲˈiɭʲɪ
высшего	vˈyʃʃyvʌ
царапанье	tsarˈɑpʌnjjɪ
твёрдым	tvʲˈɵrdym
покатилось	pʌkatʲˈiɭʌsʲ
объясним	ʌbjjasʲnʲˈim
прислушиваться	prʲisɭˈuʃyvʌtsʌ
осела	ʌsʲˈeɭa
редка	rʲitkˈɑ
объяснима	ʌbjjasʲnʲˈima
рассеянное	rasʲsʲˈejannʌjɪ
плотное	pɭˈotnʌjɪ
вертикальная	vʲirtʲikˈɑɭʲnʌja
выходов	vˈyxʌdʌf
желудок	ʒyɭˈudʌk
кровопотеря	krʌvʌpʌtʲˈerʲʌ
закрылась	zakrˈyɭʌsʲ
горечь	ɡˈorʲitʃʲ
заражение	zʌraʒˈɛnʲijɪ
уклада	ukɭˈɑda
ноше	nˈoʃy
глубинную	ɡɭubʲˈinnuju
галочек	ɡˈɑɭʌtʃʲik
исследовательские	ɪssɭʲˈedʌvʌtʲiɭʲskʲijɪ
общественные	ʌpɕˈestvʲinnyjɪ
хозяйственные	xʌʑˈɑjstvʲinnyjɪ
областные	ʌbɭasnˈyjɪ
мирные	mʲˈirnyjɪ
безоружные	bʲizʌrˈuʒnyjɪ
дипломатические	dʲipɭʌmatʲˈitʃʲiskʲijɪ
собирательские	sʌbʲirˈɑtʲiɭʲskʲijɪ
аномальную	anʌmˈɑɭʲnuju
странного	strˈɑnnʌvʌ
знакомец	znakˈomʲits
слушал	sɭˈuʃʌɭ
лицензию	ɭʲitsˈɛnʑiju
подняв	pʌdnʲˈɑf
победить	pʌbʲidʲˈitʲ
удачных	udˈɑtʃʲnyx
коллекционера	kʌɭɭʲiktsyʌnʲˈera
определитель	ʌprʲidʲiɭʲˈitʲilʲ
биологических	bʲiʌɭʌɡʲˈitʃʲiskʲix
затонул	zʌtʌnˈuɭ
замурован	zʌmurˈovʌn
отнят	ˈotʲnʲʌt
звенел	zvʲinʲˈeɭ
тонул	tʌnˈuɭ
архиве	arxˈivʲi
начата	nʌtʃʲatˈɑ
происхождения	prʌisxʌʒdʲˈenʲija
артефактных	artʲifˈɑktnyx
прочтите	prʌtʃʲtʲˈitʲi
рыбаки	rybakʲˈɪ
огород	ʌɡʌrˈot
заезжий	zajˈeʒʒyj
нелюбимое	nʲiɭʲubʲˈimʌjɪ
покупок	pʌkˈupʌk
шепчущихся	ʃˈɛptʃʲuɕixsʲʌ
стоярусное	stʌjarˈusnʌjɪ
уникальными	unʲikˈɑɭʲnymʲɪ
гладко	ɡɭˈɑtkʌ
тачки	tˈɑtʃʲkʲɪ
умирает	umʲirˈɑjit
рта	rtˈɑ
договаривает	dʌɡʌvˈɑrʲivʌjit
подгорная	pʌdɡˈornʌja
отдёргивается	ʌdʲdʲˈɵrɡʲivʌjitsʌ
сжимается	ʒʒymˈɑjitsʌ
мутнеет	mutʲnʲˈejit
выбраться	vˈybrʌtsʌ
аудиальная	audʲiˈɑɭʲnʌja
артельного	artʲˈeɭʲnʌvʌ
подъёмника	pʌdjˈɵmnʲika
цель-было	tsˈɛɭʲbˌyɭʌ
таблиц	tabɭʲˈits
смотря	smʌtrʲˈɑ
крепость-община	krʲˈepʌstʲʌpɕˈina
зайти	zajtʲˈɪ
безоружного	bʲizʌrˈuʒnʌvʌ
отмеряют	ʌtmʲirʲˈɑjut
съела	sjjˈeɭa
кипят	kʲipʲˈɑt
кашевар	kʌʃyvˈɑr
щиплют	ɕˈipɭʲut
корпию	kˈorpʲiju
промывает	prʌmyvˈɑjit
зашивает	zʌʃyvˈɑjit
бинтует	bʲintˈujit
арсенала	arsʲinˈɑɭa
древкам	drʲˈefkʌm
взвешивает	vzvʲˈeʃyvʌjit
арсенале	arsʲinˈɑɭʲi
оставайтесь	ʌstavˈɑjtʲisʲ
крюка	krʲukˈɑ
вырвана	vˈyrvʌna
вывезли	vˈyvʲizɭʲɪ
править	prˈɑvʲitʲ
конюхи	kˈonʲuxɪ
конюх	kˈonʲux
подпругу	pʌtprˈuɡu
кладовщик	kɭʌdʌfɕˈik
мех	mʲˈex
сухарей	suxarʲˈej
пробитых	prʌbʲˈityx
впроголодь	fprˈoɡʌɭʌtʲ
скорую	skˈoruju
распускает	rʌspuskˈɑjit
происшествия	prʌiʃʃˈɛstvʲija
кроватью	krʌvˈɑtʲjju
входите	fxʌdʲˈitʲi
карусель	kʌrusʲˈelʲ
орёт	ʌrʲˈɵt
ввязываться	vvʲˈɑzyvʌtsʌ
обходить	ʌpxʌdʲˈitʲ
дугой	duɡˈoj
проигрываете	prʌˈiɡryvʌjitʲi
доев	dʌjˈef
возчиков	vˈoɕikʌf
перекрыли	pʲirʲikrˈyɭʲɪ
приколотое	prʲikˈoɭʌtʌjɪ
таверн	tavʲˈern
помним	pˈomnʲim
влезать	vɭʲizˈɑtʲ
региона	rʲiɡʲiˈona
делений	dʲiɭʲˈenʲij
участник	utʃʲˈɑsnʲik
дугу	duɡˈu
прочь	prˈotʃʲ
разрушенные	razrˈuʃynnyjɪ
срыта	srˈyta
сожжены	sʌʒʒynˈy
палатки	paɭˈɑtkʲɪ
шпиона	ʃpʲiˈona
госпитале	ɡˈospʲitʌɭʲi
подался	pʌdˈɑɭsʲʌ
откатился	ʌtkatʲˈiɭsʲʌ
обозам	ʌbˈozʌm
дозорам	dʌzˈorʌm
аудиоэнциклопедии	audʲiʌɛntsykɭˈopʲidʲiɪ
обработку	ʌbrabˈotku
лживо	ɭʒˈyvʌ
регионе	rʲiɡʲiˈonʲi
плотник	pɭˈotʲnʲik
корабельщик	kʌrabʲˈeɭʲɕik
каменщик	kˈɑmʲinɕik
плавится	pɭˈɑvʲitsʌ
закваска	zakvˈɑska
повар	pˈovʌr
выделка	vˈydʲiɭka
кожевник	kʌʒˈɛvnʲik
резчик	rʲˈeɕik
красильщик	krasʲˈiɭʲɕik
пулов	pˈuɭʌf
свежуют	svʲiʒˈujut
нередкий	nʲirʲˈetkʲij
хозяйстве	xʌʑˈɑjstvʲi
названий	nazvˈɑnʲij
раскололся	rʌskʌɭˈoɭsʲʌ
аудиенция	audʲijˈentsyja
разуму	rˈɑzumu
вступить	fstupʲˈitʲ
сбиты	zbʲˈity
сбыть	zbˈytʲ
мытом	mˈytʌm
побыть	pʌbˌytʲ
объёмную	ʌbjˈɵmnuju
окариной	ʌkarʲˈinʌj
волынками	vʌɭˈynkʌmʲɪ
струнами	strˈunʌmʲɪ
играли	ɪɡrˈɑɭʲɪ
залом	zˈɑɭʌm
серые	sʲˈeryjɪ
штандарты	ʃtandˈɑrty
мокрое	mˈokrʌjɪ
чаек	tʃʲajˈek
дымки	dˈymkʲɪ
скотиной	skʌtʲˈinʌj
знамена	znamʲˈena
винтовая	vʲintʌvˈɑja
полумрак	pʌɭumrˈɑk
воском	vˈoskʌm
ладана	ɭˈɑdʌna
усталый	ustˈɑɭyj
маленького	mˈɑɭʲinʲkʌvʌ
крест-накрест	krʲˈestnˈɑkrʲist
врыт	vrˈyt
досками-указателями	dʌskˈɑmʲɪukazˈɑtʲiɭʲʌmʲɪ
поворачивает	pʌvʌrˈɑtʃʲivʌjit
медовухи	mʲidʌvˈuxɪ
улучшилось	uɭˈutʃʲʃyɭʌsʲ
выспались	vˈyspʌɭʲisʲ
наступило	nʌstupʲˈiɭʌ
деревенские	dʲirʲivʲˈenskʲijɪ
под-здания	pˈotzdˈɑnʲija
профильными	prˈofʲiɭʲnymʲɪ
возвращаем	vʌzvraɕˈɑjim
принимали	prʲinʲimˈɑɭʲɪ
не-число	nʲɪtʃʲisɭˈo
снимала	sʲnʲimˈɑɭa
превращался	prʲivraɕˈɑɭsʲʌ
заменял	zʌmʲinʲˈɑɭ
двойка	dvˈojka
пятёрка	pʲatʲˈɵrka
шестёрка	ʃysʲtʲˈɵrka
семёрка	sʲimʲˈɵrka
восьмёрка	vʌsʲmʲˈɵrka
девятка	dʲivʲˈɑtka
валет	vaɭʲˈet
дама	dˈɑma
туз	tˈus
проигрыш	prˈoiɡryʃ
природные	prʲirˈodnyjɪ
достопримечательности	dʌstʌprʲimʲitʃʲˈɑtʲiɭʲnʌsʲtʲɪ
охотникам	ʌxˈotʲnʲikʌm
старателям	starˈɑtʲiɭʲʌm
разбойникам	razbˈojnʲikʌm
откупаются	ʌtkupˈɑjutsʌ
дровосеки	drʌvʌsʲˈekʲɪ
растяжках	rasʲtʲˈɑʃkʌx
собаки	sʌbˈɑkʲɪ
вяленое	vʲˈɑɭʲinʌjɪ
жердях	ʒyrdʲˈɑx
старателей	starˈɑtʲiɭʲij
промывочные	prʌmˈyvʌtʃʲnyjɪ
лотки	ɭʌtkʲˈɪ
шурфов	ʃˈurfʌf
склоном	skɭˈonʌm
дровосечий	drʌvʌsʲˈetʃʲij
пни	pnʲˈɪ
топоров	tʌpʌrˈof
успеешь	uspʲˈejiʃ
вывезти	vˈyvʲisʲtʲɪ
распутицы	raspˈutʲitsy
разбойничий	razbˈojnʲitʃʲij
котомок	kʌtˈomʌk
посохи	pˈosʌxɪ
воткнуты	vˈotknuty
палаток	paɭˈɑtʌk
коновязь	kʌnʌvʲˈɑsʲ
кашевары	kʌʃyvˈɑry
погонщиков	pʌɡˈonɕikʌf
волы	vʌɭˈy
приколе	prʲikˈoɭʲi
бочках	bˈotʃʲkʌx
жердей	ʒyrdʲˈej
разбивается	rʌzbʲivˈɑjitsʌ
белую	bʲˈeɭuju
гейзер	ɡʲˈejʑir
кипятком	kʲipʲatkˈom
вздохами	vzdˈoxʌmʲɪ
спёкшаяся	spʲˈɵkʃʌjasʲʌ
отламывают	ʌtɭamˈyvʌjut
камнях	kamnʲˈɑx
исполинское	ɪspʌɭʲˈinskʌjɪ
кратер	krˈɑtʲir
воронка	vʌrˈonka
оплавленным	ʌpɭˈɑvɭʲinnym
оставленное	ʌstˈɑvɭʲinnʌjɪ
арка	ˈɑrka
выел	vˈyjiɭ
пережидают	pʲirʲiʒˈydʌjut
ключах	kɭʲutʃʲˈɑx
отмокают	ʌtmʌkˈɑjut
мазь	mˈɑsʲ
тринадцатый	trʲinˈɑttsʌtyj
теням	tʲinʲˈɑm
карстовый	kˈɑrstʌvyj
белеет	bʲiɭʲˈejit
сполз	spˈoɭs
нёс	nʲˈɵs
вычетом	vˈytʃʲitʌm
рвало	rvaɭˈo
тронуто	trˈonutʌ
беритесь	bʲirʲˈitʲisʲ
уплачено	upɭˈɑtʃʲinʌ
благословили	bɭʌɡʌsɭʌvʲˈiɭʲɪ
кормом	kˈormʌm
проситель	prʌsʲˈitʲilʲ
пантеоне	pʌntʲiˈonʲi
подорожные	pʌdʌrˈoʒnyjɪ
услышана	usɭˈyʃʌna
утрачена	utrˈɑtʃʲina
вступили	fstupʲˈiɭʲɪ
вступление	fstupɭʲˈenʲijɪ
обысканы	ʌbˈyskʌny
заклинанию	zʌkɭʲinˈɑnʲiju
научат	naˈutʃʲʌt
семейством	sʲimʲˈejstvʌm
описывается	ʌpʲˈisyvʌjitsʌ
побочный	pʌbˈotʃʲnyj
отвергает	ʌtvʲirɡˈɑjit
барьер	bʌrɪjjˈer
барьера	bʌrɪjjˈera
иллюзия	ɪɭɭʲˈuʑija
демонов	dʲˈemʌnʌf
покрывали	pʌkryvˈɑɭʲɪ
источниками	ɪstˈotʃʲnʲikʌmʲɪ
подготовку	pʌdɡʌtˈofku
луча	ɭutʃʲˈɑ
облака	ʌbɭˈɑka
ливня	ɭʲˈivnʲʌ
купола	kupˈoɭa
силка	sʲiɭkˈɑ
полноводна	pʌɭnʌvˈodna
скудна	skudnˈɑ
тяжела	tʲʌʒyɭˈɑ
надёжна	nadʲˈɵʒna
быстр	bˈystr
тесном	tʲˈesnʌm
крепок	krʲˈepʌk
холодна	xʌɭʌdnˈɑ
терпелива	tʲirpʲiɭʲˈiva
лозы	ɭˈozy
медлит	mʲˈedɭʲit
обманывает	ʌbmˈɑnyvʌjit
надёжен	nadʲˈɵʒyn
словах	sɭʌvˈɑx
вольготнее	vʌɭʲɡˈotʲnʲijɪ
делай	dʲˈeɭʌj
врачевания	vrʌtʃʲivˈɑnʲija
чутья	tʃʲutʲjˈja
чародею	tʃʲʌrʌdʲˈeju
лёгкости	ɭʲˈɵxkʌsʲtʲɪ
плеч	pɭʲˈetʃʲ
развеивания	rʌzvʲiˈivʌnʲija
насторожатся	nʌstʌrʌʒˈɑtʲsʲʌ
отзвучивает	ʌdzvutʃʲˈivʌjit
ставшая	stˈɑfʃʌja
гасится	ɡˈɑsʲitsʌ
крутит	krˈutʲit
тьму	tʲmˈu
благовест	bɭˈɑɡʌvʲist
скрепа	skrʲˈepa
разлад	razɭˈɑt
чуяние	tʃʲuˈjanʲijɪ
чад	tʃʲˈɑt
нагар	naɡˈɑr
смывается	smyvˈɑjitsʌ
гуле	ɡˈuɭʲi
звенело	zvʲinʲˈeɭʌ
прозрачно	prʌzrˈɑtʃʲnʌ
призма	prʲˈizma
терний	tʲˈernʲij
узы	ˈuzy
сглаз	zɡɭˈɑs
заступ	zˈɑstup
распутывается	raspˈutyvʌjitsʌ
притяжение	prʲitʲaʒˈɛnʲijɪ
перестало	pʲirʲistˈɑɭʌ
излом	ɪzɭˈom
оковы	ʌkˈovy
привязь	prʲˈivʲʌsʲ
призванное	prʲˈizvʌnnʌjɪ
цепляются	tsypɭʲˈɑjutsʌ
стирание	sʲtʲirˈɑnʲijɪ
читаться	tʃʲitˈɑtsʌ
сотрёшь	sʌtrʲˈɵʃ
сцепка	stsˈɛpka
опознание	ʌpʌznˈɑnʲijɪ
прозрение	prʌzrʲˈenʲijɪ
наитие	naˈitʲijɪ
пониманием	pʌnʲimˈɑnʲijim
уплату	upɭˈɑtu
плёнкой	pɭʲˈɵnkʌj
вещества	vʲiɕistvˈɑ
поводок	pʌvʌdˈok
упокой	upʌkˈoj
сковка	skˈofka
отжиг	ˈodʒyk
повиновение	pʌvʲinʌvʲˈenʲijɪ
вспоминание	fspʌmʲinˈɑnʲijɪ
уснул	usnˈuɭ
вещий	vʲˈeɕij
снится	sʲnʲˈitsʌ
затяжка	zatʲˈɑʃka
ветшает	vʲitʃˈɑjit
заряжено	zarʲˈɑʒynʌ
наблюдение	nʌbɭʲudʲˈenʲijɪ
разборка	razbˈorka
чужда	tʃʲuʒdˈɑ
противно	prʌtʲˈivnʌ
торопят	tʌrˈopʲʌt
быстрого	bˈystrʌvʌ
пробивным	prʌbʲivnˈym
отзвучивать	ʌdzvutʃʲˈivʌtʲ
собралось	sʌbraɭˈosʲ
переименовываются	pʲirʲiimʲinʌvˈyvʌjutsʌ
противной	prʌtʲˈivnʌj
побочное	pʌbˈotʃʲnʌjɪ
отката	ʌtkˈɑta
стихийныйзвук	sʲtʲixijnˈyjzvuk
перемножаются	pʲirʲimnʌʒˈɑjutsʌ
школьного	ʃkˈoɭʲnʌvʌ
обожгла	ʌbʌʒɡɭˈɑ
остуда	ʌstˈuda
лишнюю	ɭʲˈiʃnʲuju
резонансе	rʲizʌnˈɑnsʲi
ведущая	vʲidˈuɕʌja
согласию	sʌɡɭˈɑsʲiju
считаны	ɕˈitʌny
составленного	sʌstˈɑvɭʲinnʌvʌ
запинка	zapʲˈinka
положенное	pʌɭˈoʒynnʌjɪ
эфирной	ɛfʲˈirnʌj
жезла	ʒˈɛzɭa
талисмана	tʌɭʲismˈɑna
вложении	vɭʌʒˈɛnʲiɪ
налился	naɭʲˈiɭsʲʌ
носимых	nʌsʲˈimyx
вложим	vɭˈoʒym
оригинальных	ʌrʲiɡʲinˈɑɭʲnyx
систему	sʲisʲtʲˈemu
рисков	rʲˈiskʌf
критическую	krʲitʲˈitʃʲiskuju
блочному	bɭˈotʃʲnʌmu
троек	trˈojik
склейкой	skɭʲˈejkʌj
воданой	vʌdˈɑnʌj
тьманого	tʲmanˈovʌ
импульса	ˈɪmpuɭʲsa
поломка	pʌɭˈomka
по-русски	pˈorˈusskʲɪ
пакетом	pakʲˈetʌm
сбивку	zbʲˈifku
программирование	prʌɡrammʲˈirʌvʌnʲijɪ
многоуровневых	mnʌɡʌˈurʌvnʲivyx
сохраняться	sʌxranʲˈɑtsʌ
владельца	vɭadʲˈeɭʲtsa
задают	zʌdaˈjut
фильтры	fʲˈiɭʲtry
вязи	vʲˈɑʑɪ
химия	xˈimʲija
выдержки	vˈydʲirʃkʲɪ
влияют	vɭʲiˈjajut
существующем	suɕistvˈujuɕim
предмете	prʲidmʲˈetʲi
существе	suɕistvʲˈe
ауры	ˈɑury
намерением	namʲˈerʲinʲijim
символами	sʲˈimvʌɭʌmʲɪ
предчувствием	prʲittʃʲˈustvʲijim
скрытыми	skrˈytymʲɪ
причинными	prʲitʃʲˈinnymʲɪ
связями	svʲˈɑʑʌmʲɪ
минералов	mʲinʲirˈɑɭʌf
сплавов	spɭˈɑvʌf
непосредственно	nʲipʌsrʲˈetstvʲinnʌ
процессе	prʌtsˈɛsʲsʲi
искусство	ɪskˈusstvʌ
восприятием	vʌsprʲiˈjatʲijim
осязанием	ʌsʲazˈɑnʲijim
недавнем	nʲidˈɑvnʲim
пространственными	prʌstrˈɑnstvʲinnymʲɪ
образами	ʌbrˈɑzʌmʲɪ
фантомы	fantˈomy
конструкций	kʌnstrˈuktsyj
материальных	mʌtʲirʲiˈɑɭʲnyx
оболочек	ʌbʌɭˈotʃʲik
аватаров	avatˈɑrʌf
материи	matʲˈerʲiɪ
коллективное	kʌɭɭʲiktʲˈivnʌjɪ
искусственными	ɪskˈusstvʲinnymʲɪ
существами	suɕistvˈɑmʲɪ
контрактная	kʌntrˈɑktnʌja
связывания	svʲˈɑzyvʌnʲija
обмена	ʌbmʲˈena
изгнания	ɪzɡnˈɑnʲija
инерцией	ɪnʲˈertsyjij
локальным	ɭʌkˈɑɭʲnym
ускорением	uskʌrʲˈenʲijim
замедлением	zʌmʲidɭʲˈenʲijim
гравитационными	ɡrʌvʲitʌtsyˈonnymʲɪ
градиентами	ɡrʌdʲijˈentʌmʲɪ
связности	svʲˈɑznʌsʲtʲɪ
топологии	tʌpʌɭˈoɡʲiɪ
метафизика	mʲitafʲˈiʑika
поведения	pʌvʲidʲˈenʲija
духовных	duxˈovnyx
преобразование	prʲiʌbrʌzʌvˈɑnʲijɪ
тканями	tkˈɑnʲʌmʲɪ
регенерацией	rʲiɡʲinʲirˈɑtsyjij
адаптацией	adaptˈɑtsyjij
симбиозом	sʲimʲbʲiˈozʌm
безопасными	bʲizʌpˈɑsnymʲɪ
изменениями	ɪzmʲinʲˈenʲijamʲɪ
организма	ʌrɡanʲˈizma
тканей	tkˈɑnʲij
астральными	astrˈɑɭʲnymʲɪ
проекциями	prʌjˈektsyjamʲɪ
звёздными	zvʲˈɵznymʲɪ
навигацией	nʌvʲiɡˈɑtsyjij
межпланарными	mʲiʃpɭanˈɑrnymʲɪ
каналами	kanˈɑɭʌmʲɪ
астралу	astrˈɑɭu
автоматонов	aftʌmˈɑtʌnʌf
датчиков	dˈɑttʃʲikʌf
сетей	sʲitʲˈej
римская	rʲˈimskʌja
прикосновение	prʲikʌsnʌvʲˈenʲijɪ
отвлекут	ʌtvɭʲikˈut
увидев	uvʲˈidʲif
конструкция	kʌnstrˈuktsyja
разрушения	rʌzruʃˈɛnʲija
контура	kˈontura
прах	prˈɑx
жизненной	ʒˈyʑnʲinnʌj
сновидение	snʌvʲidʲˈenʲijɪ
вектор	vʲˈektʌr
вшколе	fʃkˈoɭʲi
специндекс	spʲitsˈyndɛks
спецкратко	spʲitskrˈɑtkʌ
аспектрод	aspʲiktrˈot
оболочка	ʌbʌɭˈotʃʲka
накопитель	nʌkʌpʲˈitʲilʲ
переписаны	pʲirʲipʲˈisʌny
мутно	mˈutnʌ
составлять	sʌstavɭʲˈɑtʲ
составляют	sʌstavɭʲˈɑjut
доросли	dʌrʌsɭʲˈɪ
выписывают	vypʲˈisyvʌjut
применении	prʲimʲinʲˈenʲiɪ
соберут	sʌbʲirˈut
выбиралось	vybʲirˈɑɭʌsʲ
лесенкой	ɭʲˈesʲinkʌj
дописывать	dʌpʲˈisyvʌtʲ
школьная	ʃkˈoɭʲnʌja
достала	dʌstˈɑɭa
задела	zadʲˈeɭa
отбросило	ʌdbrˈosʲiɭʌ
возвращено	vʌzvrʌɕinˈo
добило	dʌbʲˈiɭʌ
колдовство	kʌɭdʌfstvˈo
прокатилась	prʌkatʲˈiɭʌsʲ
укрыла	ukrˈyɭa
накрыл	nakrˈyɭ
погасла	pʌɡˈɑsɭa
запечатала	zʌpʲitʃʲˈɑtʌɭa
печатать	pʲitʃʲˈɑtʌtʲ
сойдут	sʌjdˈut
погашена	pʌɡˈɑʃyna
откаты	ʌtkˈɑty
чародей	tʃʲʌrʌdʲˈej
перезарядок	pʲirʲizarʲˈɑdʌk
развеивать	razvʲˈeivʌtʲ
переносить	pʲirʲinʌsʲˈitʲ
творение	tvʌrʲˈenʲijɪ
позволял	pʌzvʌɭʲˈɑɭ
толщу	tˈoɭɕu
пласта	pɭastˈɑ
прикрывает	prʲikryvˈɑjit
ходам	xʌdˈɑm
чувствовать	tʃʲˈustvʌvʌtʲ
поклажи	pʌkɭˈɑʒy
верхового	vʲirxʌvˈovʌ
верховой	vʲirxʌvˈoj
разбитость	razbʲˈitʌstʲ
полуденный	pʌɭˈudʲinnyj
безлунья	bʲizɭˈunjja
безлунье	bʲizɭˈunjjɪ
устава	ustˈɑva
держалось	dʲirʒˈɑɭʌsʲ
беспорядка	bʲispʌrʲˈɑtka
беспорядок	bʲispʌrʲˈɑdʌk
несходного	nʲisxˈodnʌvʌ
пожара	pʌʒˈɑra
пожарище	pʌʒˈɑrʲiɕi
гула	ɡˈuɭa
сшибает	ʃʃybˈɑjit
гранёная	ɡranʲˈɵnʌja
цветения	tsvʲitʲˈenʲija
цветение	tsvʲitʲˈenʲijɪ
кипятит	kʲipʲatʲˈit
родовой	rʌdʌvˈoj
согревает	sʌɡrʲivˈɑjit
заживляет	zʌʒyvɭʲˈɑjit
мысли	mˈysɭʲɪ
упущенное	upˈuɕinnʌjɪ
заслона	zasɭˈona
заслон	zasɭˈon
призванного	prʲˈizvʌnnʌvʌ
узде	uʑdʲˈe
начертанного	natʃʲˈertʌnnʌvʌ
начертанное	natʃʲˈertʌnnʌjɪ
спрятано	sprʲˈɑtʌnʌ
заступника	zastˈupnʲika
заступник	zastˈupnʲik
отвара	ʌtvˈɑra
паром	pˈɑrʌm
неупокоенное	nʲiupʌkˈojinnʌjɪ
наложенное	naɭˈoʒynnʌjɪ
насыщения	nʌsyɕˈenʲija
твердеет	tvʲirdʲˈejit
своевольничать	svʌjivˈoɭʲnʲitʃʲʌtʲ
вспомненного	fspˈomnʲinnʌvʌ
вспомненное	fspˈomnʲinnʌjɪ
дрёмы	drʲˈɵmy
навевает	nʌvʲivˈɑjit
дрёму	drʲˈɵmu
сновидца	snʌvʲˈittsa
сновидец	snʌvʲˈidʲits
виденным	vʲˈidʲinnym
разрезающая	rʌzrʲizˈɑjuɕʌja
кратчайшим	krattʃʲˈɑjʃym
накопления	nʌkʌpɭʲˈenʲija
вспоминает	fspʌmʲinˈɑjit
наблюдения	nʌbɭʲudʲˈenʲija
кусками	kuskˈɑmʲɪ
докладывала	dʌkɭˈɑdyvʌɭa
добирать	dʌbʲirˈɑtʲ
съедала	sjjidˈɑɭa
предлагали	prʲidɭaɡˈɑɭʲɪ
находилось	nʌxʌdʲˈiɭʌsʲ
ссоре	ssˈorʲi
часах	tʃʲasˈɑx
протекторате	prʌtʲiktʌrˈɑtʲi
сбавляет	zbavɭʲˈɑjit
действию	dʲˈejstvʲiju
лечен	ɭʲˈetʃʲin
прокл	prˈokɭ
слышимым	sɭˈyʃymym
основное	ʌsnʌvnˈojɪ
воздействие	vʌʑdʲˈejstvʲijɪ
базовые	bˈɑzʌvyjɪ
базового	bˈɑzʌvʌvʌ
ледян	ɭʲˈedʲʌn
тен	tʲˈen
тишин	tʲiʃˈyn
дожд	dˈoʃt
слышная	sɭˈyʃnʌja
насторожились	nʌstʌrʌʒˈyɭʲisʲ
перезаряжается	pʲirʲizʌrʲaʒˈɑjitsʌ
строчку	strˈotʃʲku
отвердела	ʌtvʲirdʲˈeɭa
затихла	zatʲˈixɭa
влагу	vɭˈɑɡu
сорваться	sʌrvˈɑtsʌ
в-сыром	fsˈyrʌm
дедуплицированный	dʲidupɭʲitsyrˈovʌnnyj
несовпадение	nʲisʌfpadʲˈenʲijɪ
индексов	ˈɪndɛksʌf
приводило	prʲivʌdʲˈiɭʌ
экипированный	ɛkʲipʲirˈovʌnnyj
экипировались	ɛkʲipʲirʌvˈɑɭʲisʲ
экипировалось	ɛkʲipʲirʌvˈɑɭʌsʲ
индексирует	ɪndɛksʲˈirujit
удаляет	udaɭʲˈɑjit
перекладывается	pʲirʲikɭˈɑdyvʌjitsʌ
массивами	masʲsʲˈivʌmʲɪ
покупку	pʌkˈupku
тратят	trˈɑtʲʌt
покупатели	pʌkupˈɑtʲiɭʲɪ
личная	ɭʲˈitʃʲnʌja
идущей	ɪdˈuɕij
нажимал	nʌʒymˈɑɭ
обманом	ʌbmˈɑnʌm
досадная	dʌsˈɑdnʌja
планирует	pɭanʲˈirujit
нести	nʲisʲtʲˈɪ
ограничителя	ʌɡrʌnʲitʃʲˈitʲiɭʲʌ
несла	nʲisɭˈɑ
умножал	umnˈoʒʌɭ
торговали	tʌrɡʌvˈɑɭʲɪ
лавочника	ɭˈɑvʌtʃʲnʲika
пухнет	pˈuxnʲit
начал	nˈɑtʃʲʌɭ
кольчуги	kʌɭʲtʃʲˈuɡʲɪ
настои	nastˈoɪ
сборы	zbˈory
скобяной	skʌbʲanˈoj
огранщик	ʌɡranɕˈik
вкладывают	fkɭˈɑdyvʌjut
знакомых	znakˈomyx
ошибается	ʌʃybˈɑjitsʌ
удивляется	udʲivɭʲˈɑjitsʌ
моей	mʌjˈej
дефицитный	dʲifʲitsˈytnyj
восполнение	vʌspʌɭnʲˈenʲijɪ
опытных	ˈopytnyx
везучих	vʲizˈutʃʲix
перевозка	pʲirʲivˈoska
кормил	kʌrmʲˈiɭ
подвозом	pʌdvˈozʌm
поводы	pˈovʌdy
возчики	vˈoɕikʲɪ
поползли	pʌpʌɭzɭʲˈɪ
расплатилась	rʌspɭatʲˈiɭʌsʲ
бунт	bˈunt
рынком	rˈynkʌm
вялый	vʲˈɑɭyj
беднеет	bʲidnʲˈejit
крючком	krʲutʃʲkˈom
множить	mnˈoʒytʲ
углежогах	uɡɭʲiʒˈoɡʌx
посчитал	pʌɕitˈɑɭ
одну-две	ʌdnˈudvʲˈe
отбираются	ʌdbʲirˈɑjutsʌ
подбираем	pʌdbʲirˈɑjim
подменяем	pʌdmʲinʲˈɑjim
чиненый	tʃʲinʲˈenyj
посчитано	pʌɕˈitʌnʌ
согласен	sʌɡɭˈɑsʲin
подтверждается	pʌdtvʲirʒdˈɑjitsʌ
покупаются	pʌkupˈɑjutsʌ
категорией	kʌtʲiɡˈorʲijij
карточкой	kˈɑrtʌtʃʲkʌj
перерисовывается	pʲirʲirʲisʌvˈyvʌjitsʌ
помню	pˈomnʲu
алая	ˈɑɭʌja
зарница	zarnʲˈitsa
казалось	kazˈɑɭʌsʲ
трещала	trʲiɕˈɑɭa
унаследовал	unasɭʲˈedʌvʌɭ
отправишься	ʌtprˈɑvʲiʃsʲʌ
слушай	sɭˈuʃʌj
стою	stˈoju
узнаю	uznˈɑju
крика	krʲˈika
пропустил	prʌpusʲtʲˈiɭ
безобидно	bʲizʌbʲˈidnʌ
задаю	zʌdaˈju
вопросы	vʌprˈosy
геройствуй	ɡʲirˈojstvuj
помещался	pʌmʲiɕˈɑɭsʲʌ
узнай	uznˈɑj
характер	xarˈɑktʲir
торопишься	tʌrˈopʲiʃsʲʌ
твою	tvʌˈju
чинил	tʃʲinʲˈiɭ
сражений	sraʒˈɛnʲij
вмятинам	vmʲˈɑtʲinʌm
дрался	drˈɑɭsʲʌ
полагайся	pʌɭaɡˈɑjsʲʌ
поколению	pʌkʌɭʲˈenʲiju
возвращались	vʌzvraɕˈɑɭʲisʲ
поняв	pʌnʲˈɑf
собирай	sʌbʲirˈɑj
бережно	bʲˈerʲiʒnʌ
оставляй	ʌstavɭʲˈɑj
росткам	rʌstkˈɑm
разумное	razˈumnʌjɪ
лицам	ɭʲˈitsʌm
слушаю	sɭˈuʃʌju
стыдись	stydʲˈisʲ
отступить	ʌtstupʲˈitʲ
закончить	zakˈontʃʲitʲ
силам	sʲˈiɭʌm
забавно	zabˈɑvnʌ
правдивые	pravdʲˈivyjɪ
беглецы	bʲiɡɭʲitsˈy
глотку	ɡɭˈotku
передо	pʲirʲˈedʌ
поешь	pʌjˈeʃ
выспись	vˈyspʲisʲ
подчиниться	pʌttʃʲinʲˈitsʌ
получали	pʌɭutʃʲˈɑɭʲɪ
ожоги	ʌʒˈoɡʲɪ
учись	utʃʲˈisʲ
просьбами	prˈoʑbʌmʲɪ
сегодняшнего	sʲivˈodnʲʌʃnʲivʌ
обещаю	ʌbʲiɕˈɑju
наступает	nʌstupˈɑjit
ночевал	nʌtʃʲivˈɑɭ
простому	prʌstˈomu
великанов	vʲiɭʲikˈɑnʌf
чтим	tʃʲtʲˈim
моём	mʌˈɵm
продаём	prʌdaˈɵm
воюем	vʌˈjujim
положению	pʌɭʌʒˈɛnʲiju
рассказу	rasskˈɑzu
переводит	pʲirʲivˈodʲit
встречного	fstrʲˈetʃʲnʌvʌ
складывался	skɭˈɑdyvʌɭsʲʌ
сдал	zdˈɑɭ
маленькая	mˈɑɭʲinʲkʌja
изобретает	ɪzʌbrʲitˈɑjit
вооружается	vʌʌruʒˈɑjitsʌ
чистыми	tʃʲˈistymʲɪ
станешь	stˈɑnʲiʃ
привык	prʲivˈyk
укрепления	ukrʲipɭʲˈenʲija
кишат	kʲiʃˈɑt
тыл	tˈyɭ
доклад	dʌkɭˈɑt
палочки	pˈɑɭʌtʃʲkʲɪ
справишься	sprˈɑvʲiʃsʲʌ
заверши	zʌvʲirʃˈy
бумагах	bumˈɑɡʌx
кристаллов	krʲistˈɑɭɭʌf
сверяют	svʲirʲˈɑjut
восковыми	vʌskʌvˈymʲɪ
страницами	stranʲˈitsʌmʲɪ
сверь	svʲˈerɪ
смотрителем	smʌtrʲˈitʲiɭʲim
чумную	tʃʲumnˈuju
затонувшему	zʌtʌnˈufʃymu
кораблю	kʌrabɭʲˈu
соглядатая	sʌɡɭʲadˈɑtʌja
продержать	prʌdʲirʒˈɑtʲ
травятся	trˈɑvʲʌtsʌ
разносят	raznˈosʲʌt
заразу	zarˈɑzu
кончите	kˈontʃʲitʲi
прикидывает	prʲikʲˈidyvʌjit
синевой	sʲinʲivˈoj
впрочем	fprˈotʃʲim
разберусь	rʌzbʲirˈusʲ
флюса	fɭʲˈusa
подойдут	pʌdʌjdˈut
попробует	pʌprˈobujit
сходите	sxʌdʲˈitʲi
послушайте	pʌsɭˈuʃʌjtʲi
сплетни	spɭʲˈetʲnʲɪ
затонувшим	zʌtʌnˈufʃym
обрываются	ʌbryvˈɑjutsʌ
подъедают	pʌdjjidˈɑjut
бешеный	bʲˈeʃynyj
задавайте	zʌdavˈɑjtʲi
наборе	nabˈorʲi
сведений	svʲˈedʲinʲij
постойте	pʌstˈojtʲi
чернилами	tʃʲirnʲˈiɭʌmʲɪ
чистых	tʃʲˈistyx
мутные	mˈutnyjɪ
веретена	vʲirʲitʲinˈɑ
намотать	nʌmʌtˈɑtʲ
котомку	kʌtˈomku
хожу	xʌʒˈu
пойдём	pʌjdʲˈɵm
возвращаешься	vʌzvraɕˈɑjiʃsʲʌ
выражения	vyraʒˈɛnʲija
выживешь	vˈyʒyvʲiʃ
оплату	ʌpɭˈɑtu
последствиями	pʌsɭʲˈetstvʲijamʲɪ
разбором	razbˈorʌm
храмовую	xrˈɑmʌvuju
клановую	kɭanˈovuju
торговую	tʌrɡˈovuju
признать	prʲiznˈɑtʲ
вырастает	vyrastˈɑjit
увидел	uvʲˈidʲiɭ
держишь	dʲˈerʒyʃ
кафедре	kˈɑfʲidrʲi
рассуждения	rʌssuʒdʲˈenʲija
описать	ʌpʲisˈɑtʲ
морфологии	mʌrfʌɭˈoɡʲiɪ
рисует	rʲisˈujit
картографов	kartˈoɡrʌfʌf
наконечники	nʌkʌnʲˈetʃʲnʲikʲɪ
лазутчика	ɭazˈuttʃʲika
донесением	dʌnʲisʲˈenʲijim
узлу	uzɭˈu
наёмных	naˈɵmnyx
украденную	ukrˈɑdʲinnuju
скупщиков	skˈupɕikʌf
изменились	ɪzmʲinʲˈiɭʲisʲ
селениях	sʲiɭʲˈenʲijax
вертит	vʲˈertʲit
заговорила	zʌɡʌvʌrʲˈiɭa
выполненный	vˈypʌɭnʲinnyj
платила	pɭatʲˈiɭa
выдавала	vydavˈɑɭa
двигалась	dvʲˈiɡʌɭʌsʲ
закончено	zakˈontʃʲinʌ
запоминают	zʌpʌmʲinˈɑjut
набирала	nʌbʲirˈɑɭa
зачитывать	zatʃʲˈityvʌtʲ
становилось	stʌnʌvʲˈiɭʌsʲ
мучением	mutʃʲˈenʲijim
пересчитывало	pʲirʲiɕˈityvʌɭʌ
паломничества	paɭˈomnʲitʃʲistva
провала	prʌvˈɑɭa
частичная	tʃʲasʲtʲˈitʃʲnʌja
недоволен	nʲidʌvˈoɭʲin
провале	prʌvˈɑɭʲi
землям	ʑˈemɭʲʌm
откажитесь	ʌtkaʒˈytʲisʲ
чего-нибудь	tʃʲivˈonʲibˈutʲ
служилых	sɭuʒˈyɭyx
а-яа-яёё	aˈjaajaˈɵˈɵ
узнаешь	uznˈɑjiʃ
откроешь	ʌtkrˈojiʃ
дослушает	dʌsɭˈuʃʌjit
приятелями	prʲiˈjatʲiɭʲʌmʲɪ
приукрашено	prʲiukrˈɑʃynʌ
добиться	dʌbʲˈitsʌ
дракой	drˈɑkʌj
перейдена	pʲirʲijdʲinˈɑ
помогайте	pʌmʌɡˈɑjtʲi
исправится	ɪsprˈɑvʲitsʌ
кому-нибудь	kʌmˈunʲibˈutʲ
заданием	zadˈɑnʲijim
защитой	zaɕˈitʌj
сдана	zdanˈɑ
прочтённых	prʌtʃʲtʲˈɵnnyx
незавершённое	nʲizʌvʲirʃˈonnʌjɪ
однофамилец	ʌdnʌfamʲˈiɭʲits
выдаваться	vydavˈɑtsʌ
обучены	ʌbˈutʃʲiny
наряда	narʲˈɑda
наивысшая	nʌivˈyʃʃʌja
добром	dˈobrʌm
рендер	rʲˈendʲir
панелей	panʲˈeɭʲij
закрытии	zakrˈytʲiɪ
садился	sadʲˈiɭsʲʌ
крестик	krʲˈesʲtʲik
представляется	prʲitstavɭʲˈɑjitsʌ
обрывало	ʌbrˈyvʌɭʌ
рисуется	rʲisˈujitsʌ
верным	vʲˈernym
нулевым	nuɭʲivˈym
обязано	ʌbʲˈɑzʌnʌ
отчитаться	ʌttʃʲitˈɑtsʌ
жмёт	ʒmʲˈɵt
полезности	pʌɭʲˈeznʌsʲtʲɪ
характеристика	xʌrʌktʲirʲˈisʲtʲika
освящают	ʌsvʲaɕˈɑjut
откровения	ʌtkrʌvʲˈenʲija
прячется	prʲˈɑtʃʲitsʌ
пуговица	pˈuɡʌvʲitsa
латиницу	ɭatʲˈinʲitsu
узнавало	uznavˈɑɭʌ
склянку	skɭʲˈɑnku
кириллическая	kʲirʲiɭɭʲˈitʃʲiskʌja
ка	kˈɑ
ки	kʲˈɪ
эликсир	ɛɭʲiksʲˈir
противояд	prʌtʲivˈojat
верёвк	vʲirʲˈɵfk
удочк	udˈotʃʲk
отмычк	ʌtmˈytʃʲk
кирк	kʲˈirk
чернильниц	tʃʲirnʲˈiɭʲnʲits
бирк	bʲˈirk
пращ	prˈɑɕ
летопис	ɭʲitˈopʲis
скрижал	skrʲˈiʒʌɭ
записки	zapʲˈiskʲɪ
рукавиц	rukavʲˈits
ботин	bˈotʲin
обув	ʌbˈuf
башмак	baʃmˈɑk
куртк	kˈurtk
кираса	kʲirˈɑsa
бригант	brʲiɡˈɑnt
сабл	sˈɑbɭ
ожерель	ʌʒˈɛrʲilʲ
серьг	sʲˈerɪk
гривн	ɡrʲˈivn
лент	ɭʲˈent
аы	ˈɑy
похлёбк	pʌxɭʲˈɵpk
вялен	vʲˈɑɭʲin
лепёшк	ɭʲipʲˈɵʃk
эссенц	ɛsʲsʲˈents
засечн	zˈɑsʲitʃʲn
переработанное	pʲirʲirabˈotʌnnʌjɪ
торговое	tʌrɡˈovʌjɪ
реестру	rʲijˈestru
графической	ɡrafʲˈitʃʲiskʌj
символу	sʲˈimvʌɭu
подбирает	pʌdbʲirˈɑjit
мастерит	mʌsʲtʲirʲˈit
полученное	pʌɭˈutʃʲinnʌjɪ
безопасном	bʲizʌpˈɑsnʌm
прочности	prˈotʃʲnʌsʲtʲɪ
надевается	nʌdʲivˈɑjitsʌ
двуручное	dvurˈutʃʲnʌjɪ
одноручное	ʌdnʌrˈutʃʲnʌjɪ
изношенной	ɪznˈoʃynnʌj
изношена	ɪznˈoʃyna
смазано	smˈɑzʌnʌ
главам	ɡɭˈɑvʌm
жижи	ʒˈyʒy
стоим	stˈoim
сковано	skˈovʌnʌ
мерке	mʲˈerkʲi
надев	nadʲˈef
надевают	nʌdʲivˈɑjut
экипируйте	ɛkʲipʲˈirujtʲi
обрыве	ʌbrˈyvʲi
надетое	nadʲˈetʌjɪ
надетого	nadʲˈetʌvʌ
издыхании	ɪzdyxˈɑnʲiɪ
отремонтировать	ʌtrʲimʌntʲˈirʌvʌtʲ
починен	pʌtʃʲˈinʲin
улучшить	uɭˈutʃʲʃytʲ
улучшения	uɭutʃˈɛnʲija
улучшен	uɭˈutʃyn
чаруют	tʃʲʌruˈjut
зачарована	zʌtʃʲarˈovʌna
неведомой	nʲivʲˈedʌmʌj
наложить	nʌɭʌʒˈytʲ
метят	mʲˈetʲʌt
вставки	fstˈɑfkʲɪ
перековывают	pʲirʲikʌvˈyvʌjut
перековано	pʲirʲikˈovʌnʌ
устал	ustˈɑɭ
закаляют	zʌkaɭʲˈɑjut
закалено	zʌkʌɭʲinˈo
закалён	zʌkaɭʲˈɵn
заточен	zatˈotʃʲin
нанести	nʌnʲisʲtʲˈɪ
огранщиков	ʌɡranɕˈikʌf
компонента	kʌmpʌnʲˈenta
вставлено	fstˈɑvɭʲinʌ
смешивают	smʲˈeʃyvʌjut
извлечь	ɪzvɭʲˈetʃʲ
отгоняют	ʌdɡʌnʲˈɑjut
перегнать	pʲirʲiɡnˈɑtʲ
сваренное	svˈɑrʲinnʌjɪ
предельное	prʲidʲˈeɭʲnʌjɪ
перегнано	pʲirʲˈeɡnʌnʌ
сварен	svˈɑrʲin
очищают	ʌtʃʲiɕˈɑjut
сора	sˈora
исследуют	ɪssɭʲˈedujut
отложено	ʌtɭˈoʒynʌ
отложенной	ʌtɭˈoʒynnʌj
объединена	ʌbjjidʲinʲinˈɑ
шуршат	ʃurʃˈɑt
учите	utʃʲˈitʲi
учебной	utʃʲˈebnʌj
пробуждён	prʌbuʒdʲˈɵn
деактивировать	dʲiʌktʲivʲˈirʌvʌtʲ
усыплён	usypɭʲˈɵn
разбудите	razbˈudʲitʲi
зарядите	zarʲˈɑdʲitʲi
жизн	ʒˈyzn
здоров	zdʌrˈof
ман	mˈɑn
применена	prʲimʲinʲinˈɑ
принесено	prʲinʲisʲinˈo
принесена	prʲinʲisʲinˈɑ
сошедшимися	sʌʃˈɛtʃymʲisʲʌ
послушникам	pʌsɭˈuʃnʲikʌm
обратиться	ʌbratʲˈitsʌ
божеству	bʌʒystvˈu
незнакомы	nʲiznakˈomy
возложена	vʌzɭˈoʒyna
удаления	udaɭʲˈenʲija
чаре	tʃʲˈɑrʲi
недоступных	nʲidʌstˈupnyx
отменено	ʌtmʲinʲinˈo
сужает	suʒˈɑjit
расплатится	raspɭˈɑtʲitsʌ
вычитал	vytʃʲˈitʌɭ
указания	ukazˈɑnʲija
отношении	ʌtnʌʃˈɛnʲiɪ
отношению	ʌtnʌʃˈɛnʲiju
готовых	ɡʌtˈovyx
выполненных	vˈypʌɭnʲinnyx
проваленных	prʌvˈɑɭʲinnyx
показано	pʌkˈɑzʌnʌ
зло	zɭˈo
прибрать	prʲibrˈɑtʲ
спорную	spˈornuju
выстроить	vˈystrʌitʲ
ропщет	rˈopɕit
задерживают	zadʲˈerʒyvʌjut
паству	pˈɑstvu
грозят	ɡrʌʑˈɑt
шлют	ʃɭʲˈut
торговлей	tʌrɡˈovɭʲij
помощью	pˈomʌɕjju
разведкой	razvʲˈetkʌj
раскрытием	raskrˈytʲijim
территорию	tʲirrʲitˈorʲiju
армию	ˈɑrmʲiju
религию	rʲiɭʲˈiɡʲiju
дипломатию	dʲipɭʌmˈɑtʲiju
лидеров	ɭʲˈidʲirʌf
иными	ɪnˈymʲɪ
бралось	braɭˈosʲ
попадали	pʌpˈɑdʌɭʲɪ
поменяйте	pʌmʲinʲˈɑjtʲi
переменится	pʲirʲimʲˈenʲitsʌ
производстве	prʌizvˈotstvʲi
закроют	zakrˈojut
настала	nastˈɑɭa
примутся	prʲˈimutʲsʲʌ
свойстве	svˈojstvʲi
неведомые	nʲivʲˈedʌmyjɪ
правящий	prˈɑvʲʌɕij
надобно	nˈɑdʌbnʌ
добивается	dʌbʲivˈɑjitsʌ
весят	vʲˈesʲʌt
сзывает	zzyvˈɑjit
наполняют	nʌpʌɭnʲˈɑjut
проезжих	prʌjˈeʒʒyx
выпустят	vˈypusʲtʲʌt
хронического	xrʌnʲˈitʃʲiskʌvʌ
мостят	mʌsʲtʲˈɑt
разбойничьи	razbˈojnʲitʃʲjɪ
лёжки	ɭʲˈɵʃkʲɪ
подданных	pˈoddʌnnyx
перекупщиков	pʲirʲikˈupɕikʌf
запаса	zapˈɑsa
небезопасно	nʲibʲizʌpˈɑsnʌ
менялось	mʲinʲˈɑɭʌsʲ
двинется	dvʲˈinʲitsʌ
колебание	kʌɭʲibˈɑnʲijɪ
полутора	pʌɭˈutʌra
дешёв	dʲiʃˈof
посчитан	pʌɕˈitʌn
решением	rʲiʃˈɛnʲijim
удешевлял	udʲiʃˈɛvɭʲʌɭ
советов	sʌvʲˈetʌf
помечаем	pʌmʲitʃʲˈɑjim
сказанным	skˈɑzʌnnym
объявим	ʌbjˈjavʲim
заводил	zʌvʌdʲˈiɭ
шахт	ʃˈɑxt
заводились	zʌvʌdʲˈiɭʲisʲ
участников	utʃʲˈɑsnʲikʌf
сыто	sˈytʌ
голода	ɡˈoɭʌda
войск	vˈojsk
восстание	vʌsstˈɑnʲijɪ
ропот	rˈopʌt
площадях	pɭʌɕadʲˈɑx
баррикады	bʌrrʲikˈɑdy
усмирение	usmʲirʲˈenʲijɪ
чернь	tʃʲˈernʲ
договорятся	dʌɡʌvʌrʲˈɑtsʌ
казной	kaznˈoj
больные	bʌɭʲnˈyjɪ
выздоровление	vyzdʌrʌvɭʲˈenʲijɪ
могильщики	mʌɡʲˈiɭʲɕikʲɪ
согнала	sʌɡnaɭˈɑ
теснота	tʲisnʌtˈɑ
переломят	pʲirʲiɭˈomʲʌt
тесная	tʲˈesnʌja
застройка	zastrˈojka
залила	zʌɭʲiɭˈɑ
залило	zaɭʲˈiɭʌ
речники	rʲitʃʲnʲikʲˈɪ
ливни	ɭʲˈivnʲɪ
верховьях	vʲirxˈovjjax
зазвенел	zʌzvʲinʲˈeɭ
уляжется	uɭʲˈɑʒytsʌ
истощается	ɪstʌɕˈɑjitsʌ
истощится	ɪstʌɕˈitsʌ
выдержала	vˈydʲirʒʌɭa
спасатели	spasˈɑtʲiɭʲɪ
перекрепь	pʲirʲˈekrʲipʲ
разберут	rʌzbʲirˈut
отбились	ʌdbʲˈiɭʲisʲ
оголились	ʌɡʌɭʲˈiɭʲisʲ
кормиться	kʌrmʲˈitsʌ
отгонит	ʌdɡˈonʲit
подняло	pˈodnʲʌɭʌ
дурные	durnˈyjɪ
ослабли	ʌsɭˈɑbɭʲɪ
вратами	vratˈɑmʲɪ
закроются	zakrˈojutsʌ
осаждающие	ʌsaʒdˈɑjuɕijɪ
соседского	sʌsʲˈetskʌvʌ
обида	ʌbʲˈida
падёт	padʲˈɵt
наладился	naɭˈɑdʲiɭsʲʌ
таможня	tamˈoʒnʲʌ
запертые	zˈɑpʲirtyjɪ
перекупные	pʲirʲikupnˈyjɪ
посмотрел	pʌsmʌtrʲˈeɭ
неведомо	nʲivʲˈedʌmʌ
день-начало	dʲˈenʲnatʃʲˈɑɭʌ
погасло	pʌɡˈɑsɭʌ
держархив	dʲirʒˈɑrxif
срок-прошло	srˈokprʌʃɭˈo
проходимость	prʌxʌdʲˈimʌstʲ
невозможных	nʲivʌzmˈoʒnyx
финального	fʲinˈɑɭʲnʌvʌ
живьём	ʒyvjˈɵm
сервисные	sʲˈervʲisnyjɪ
конфликтовали	kʌnfɭʲiktʌvˈɑɭʲɪ
новыми	nˈovymʲɪ
лезли	ɭʲˈezɭʲɪ
глобальным	ɡɭʌbˈɑɭʲnym
логики	ɭˈoɡʲikʲɪ
глобальной	ɡɭʌbˈɑɭʲnʌj
обёртка	ʌbʲˈɵrtka
страхи	strˈɑxɪ
сложившихся	sɭʌʒˈyfʃyxsʲʌ
ремёслами	rʲimʲˈɵsɭʌmʲɪ
техник	tʲˈexnʲik
связно	svʲˈɑznʌ
переделу	pʲirʲidʲˈeɭu
итога	ɪtˈoɡa
зданиями	zdˈɑnʲijamʲɪ
изведанных	ɪzvʲˈedʌnnyx
искажена	ɪskʌʒynˈɑ
выдавалось	vydavˈɑɭʌsʲ
речьнародов	rʲitʃʲnarˈodʌf
столкновений	stʌɭknʌvʲˈenʲij
проходим	prʌxˈodʲim
вызовы	vˈyzʌvy
забывал	zʌbyvˈɑɭ
расплатиться	rʌspɭatʲˈitsʌ
прирастает	prʲirastˈɑjit
учителю	utʃʲˈitʲiɭʲu
обращаются	ʌbraɕˈɑjutsʌ
проведённые	prʌvʲidʲˈɵnnyjɪ
отношениями	ʌtnʌʃˈɛnʲijamʲɪ
введено	vvʲidʲinˈo
втайне	ftˈɑjnʲi
написанным	napʲˈisʌnnym
адресов	adrʲisˈof
цепям	tsypʲˈɑm
перебоями	pʲirʲibˈojamʲɪ
еле	jˈeɭʲi
запрещён	zʌprʲiɕˈɵn
пришитый	prʲiʃˈytyj
зарядами	zarʲˈɑdʌmʲɪ
специализациям	spʲitsyʌɭʲizˈɑtsyjam
выписывали	vypʲˈisyvʌɭʲɪ
сотыми	sˈotymʲɪ
конкретная	kʌnkrʲˈetnʌja
складывать	skɭˈɑdyvʌtʲ
затрёт	zatrʲˈɵt
вычистит	vˈytʃʲisʲtʲit
повторения	pʌftʌrʲˈenʲija
высшая	vˈyʃʃʌja
строились	strˈoiɭʲisʲ
прибавляются	prʲibavɭʲˈɑjutsʌ
комнатам	kˈomnʌtʌm
факелам	fˈɑkʲiɭʌm
тормозила	tʌrmʌʑˈiɭa
письм	pʲˈisʲm
учён	utʃʲˈɵn
знан	znˈɑn
грубой	ɡrˈubʌj
бросали	brʌsˈɑɭʲɪ
небедная	nʲibʲˈednʌja
насчитали	nʌɕitˈɑɭʲɪ
архитектуры	arxitʲiktˈury
активный	aktʲˈivnyj
сервисных	sʲˈervʲisnyx
арифметикой	arʲifmʲˈetʲikʌj
допускай	dʌpuskˈɑj
дублирования	dubɭʲˈirʌvʌnʲija
смертельной	smʲirtʲˈeɭʲnʌj
существующему	suɕistvˈujuɕimu
выдумывать	vydˈumyvʌtʲ
порождается	pʌrʌʒdˈɑjitsʌ
множителям	mnˈoʒytʲiɭʲʌm
шаблонов	ʃabɭˈonʌf
выключенные	vˈykɭʲutʃʲinnyjɪ
отладкой	ʌtɭˈɑtkʌj
включения	fkɭʲutʃʲˈenʲija
прожито	prˈoʒytʌ
отдач	ʌddˈɑtʃʲ
прогонять	prʌɡʌnʲˈɑtʲ
порождать	pʌrʌʒdˈɑtʲ
простого	prʌstˈovʌ
зарегистрировано	zʌrʲiɡʲistrʲˈirʌvʌnʌ
недостижимые	nʲidʌsʲtʲiʒˈymyjɪ
существующих	suɕistvˈujuɕix
станов	stˈɑnʌf
начальных	natʃʲˈɑɭʲnyx
геометрий	ɡʲiʌmʲˈetrʲij
ресурсам	rʲisˈursʌm
мини-боссы	mʲˈinʲɪbˈossy
переназначаются	pʲirʲinaznˈɑtʃʲʌjutsʌ
удержаний	udʲirʒˈɑnʲij
умолчаний	umʌɭtʃʲˈɑnʲij
негодное	nʲiɡˈodnʌjɪ
выдумка	vˈydumka
возрастанию	vʌzrastˈɑnʲiju
чуткая	tʃʲˈutkʌja
ох	ˈox
порогам	pʌrˈoɡʌm
задвоен	zadvˈojin
разбивке	razbʲˈifkʲi
заголовков-разделов	zʌɡʌɭˈofkʌfraʑdʲˈeɭʌf
двенадцатым	dvʲinˈɑttsʌtym
кириллической	kʲirʲiɭɭʲˈitʃʲiskʌj
границей	ɡranʲˈitsyj
аспекта	aspʲˈekta
манускрипта	mʌnuskrʲˈipta
переполняют	pʲirʲipʌɭnʲˈɑjut
вложенный	vɭˈoʒynnyj
набиралось	nʌbʲirˈɑɭʌsʲ
какое-то	kakˈojitʌ
девятью	dʲivʲatʲjˈju
слагаемыми	sɭaɡˈɑjimymʲɪ
спорная	spˈornʌja
слиты	sɭʲˈity
спорных	spˈornyx
слитыми	sɭʲˈitymʲɪ
берегами	bʲirʲiɡˈɑmʲɪ
обнуляет	ʌbnuɭʲˈɑjit
уцелевших	utsyɭʲˈefʃyx
производит	prʌizvˈodʲit
нулевой	nuɭʲivˈoj
дефицита	dʲifʲitsˈyta
следуют	sɭʲˈedujut
написанном	napʲˈisʌnnʌm
существуют	suɕistvˈujut
узнаваем	uznavˈɑjim
выборке	vˈybʌrkʲi
разрядах	razrʲˈɑdʌx
полуфабрикат	pʌɭufʌbrʲikˈɑt
повисает	pʌvʲisˈɑjit
склонение	skɭʌnʲˈenʲijɪ
склонениями	skɭʌnʲˈenʲijamʲɪ
растущей	rastˈuɕij
висячих	vʲisʲˈɑtʃʲix
осмысленно	ʌsmˈysɭʲinnʌ
оставленных	ʌstˈɑvɭʲinnyx
стихиям	sʲtʲixˈijam
односторонней	ʌdnʌstʌrˈonnʲij
приязни	prʲiˈjaʑnʲɪ
чьё-то	tʃʲjˈɵtˈo
ядрах	ˈjadrʌx
недостижимого	nʲidʌsʲtʲiʒˈymʌvʌ
псевдоним	psʲivdʌnʲˈim
семейству	sʲimʲˈejstvu
входах	fxˈodʌx
оказаться	ʌkazˈɑtsʌ
архитектура	arxitʲiktˈura
стадиям	stˈɑdʲijam
хрупкий	xrˈupkʲij
основание	ʌsnʌvˈɑnʲijɪ
двусторонняя	dvustʌrˈonnʲʌja
производством	prʌizvˈotstvʌm
отстроят	ʌtstrˈojat
мирное	mʲˈirnʌjɪ
скрепили	skrʲipʲˈiɭʲɪ
создают	sʌzdaˈjut
мастерят	mʌsʲtʲirʲˈɑt
тайными	tˈɑjnymʲɪ
артефакту	artʲifˈɑktu
плавания	pɭˈɑvʌnʲija
пиратские	pʲirˈɑtskʲijɪ
простых	prʌstˈyx
показ	pʌkˈɑs
поправишь	pʌprˈɑvʲiʃ
забудешь	zabˈudʲiʃ
ручная	rutʃʲnˈɑja
создано	sˈozdʌnʌ
экранных	ɛkrˈɑnnyx
дикторах	dʲˈiktʌrʌx
перебрасывал	pʲirʲibrˈɑsyvʌɭ
услышьте	usɭˈyʃtʲi
мешали	mʲiʃˈɑɭʲɪ
коридорам	kʌrʲidˈorʌm
назвали	nazvˈɑɭʲɪ
произойдёт	prʌizʌjdʲˈɵt
спускает	spuskˈɑjit
активацию	aktʲivˈɑtsyju
направлении	nʌpravɭʲˈenʲiɪ
ориентирования	ʌrʲijintʲˈirʌvʌnʲija
приближения	prʲibɭʲiʒˈɛnʲija
дошедшая	dʌʃˈɛtʃʌja
особом	ʌsˈobʌm
пересекаются	pʲirʲisʲikˈɑjutsʌ
столбом-указателем	stʌɭbˈomukazˈɑtʲiɭʲim
промолчит	prʌmʌɭtʃʲˈit
таб	tˈɑp
энтер	ˈɛntʲir
велико	vʲiɭʲikˈo
движутся	dvʲˈiʒutʲsʲʌ
сценам	stsˈɛnʌm
исправны	ɪsprˈɑvny
прервана	prʲˈervʌna
поселили	pʌsʲiɭʲˈiɭʲɪ
действовать	dʲˈejstvʌvʌtʲ
галочка	ɡˈɑɭʌtʃʲka
включение	fkɭʲutʃʲˈenʲijɪ
выключение	vykɭʲutʃʲˈenʲijɪ
сбором	zbˈorʌm
изменена	ɪzmʲinʲinˈɑ
смешить	smʲiʃˈytʲ
развязкой	razvʲˈɑskʌj
игровых	ɪɡrʌvˈyx
повторное	pʌftˈornʌjɪ
правятся	pravʲˈɑtsʌ
здравствуйте	zdrˈɑstvujtʲi
заданы	zˈɑdʌny
перечитан	pʲirʲitʃʲˈitʌn
сохранён	sʌxranʲˈɵn
писала	pʲisˈɑɭa
проверяла	prʌvʲirʲˈɑɭa
записалась	zʌpʲisˈɑɭʌsʲ
зачищенные	zatʃʲˈiɕinnyjɪ
копились	kʌpʲˈiɭʲisʲ
переполнялось	pʲirʲipʌɭnʲˈɑɭʌsʲ
начинала	nʌtʃʲinˈɑɭa
проваливаться	prʌvˈɑɭʲivʌtsʌ
бодро	bˈodrʌ
потеряв	pʌtʲirʲˈɑf
подрезается	pʌdrʲizˈɑjitsʌ
разумном	razˈumnʌm
количестве	kʌɭʲˈitʃʲistvʲi
подрезает	pʌdrʲizˈɑjit
помогло	pʌmʌɡɭˈo
автосохранения	aftʌsʌxranʲˈenʲija
компромисс	kʌmprʌmʲˈiss
зачистил	zatʃʲˈisʲtʲiɭ
обрезка	ʌbrʲˈeska
павшие	pˈɑfʃyjɪ
штучный	ʃtˈutʃʲnyj
отсуженное	ʌtsˈuʒynnʌjɪ
недолго	nʲidˈoɭɡʌ
разобранный	razˈobrʌnnyj
опустошённый	ʌpustʌʃˈonnyj
уплаченные	upɭˈɑtʃʲinnyjɪ
услышанное	usɭˈyʃʌnnʌjɪ
подпорок	pʌtpˈorʌk
пробуем	prˈobujim
чистим	tʃʲˈisʲtʲim
освобождаем	ʌsvʌbʌʒdˈɑjim
стереть	sʲtʲirʲˈetʲ
автосейва	aftˈosʲijva
повреждён	pʌvrʲiʒdʲˈɵn
загружена	zaɡrˈuʒyna
латиницей	ɭatʲˈinʲitsyj
кириллицу	kʲirʲˈiɭɭʲitsu
файловых	fˈɑjɭʌvyx
выгружена	vˈyɡruʒyna
загрузок	zaɡrˈuzʌk
выгружено	vˈyɡruʒynʌ
скопируйте	skʌpʲˈirujtʲi
кб	kˌɑbˈɛ
компьютер	kʌmʲpjˈjutɔr
перенесите	pʲirʲinʲisʲˈitʲi
загрузите	zaɡrˈuʑitʲi
прототипов	prʌtʌtʲˈipʌf
отредактированное	ʌtrʲidaktʲˈirʌvʌnnʌjɪ
начните	natʃʲnʲˈitʲi
экраны	ɛkrˈɑny
пролегла	prʌɭʲiɡɭˈɑ
лезвие	ɭʲˈezvʲijɪ
воют	vˈojut
указывают	ukˈɑzyvʌjut
завершении	zʌvʲirʃˈɛnʲiɪ
визуально	vʲizuˈɑɭʲnʌ
автоперехода	aftʌpʲˈerʲixʌda
явным	ˈjavnym
продолжить	prʌdˈoɭʒytʲ
обрывать	ʌbryvˈɑtʲ
мобильном	mʌbʲˈiɭʲnʌm
интернете	ɪntɛrnˈɛtʲi
глуховата	ɡɭuxʌvˈɑta
едет	jˈedʲit
скачивает	skˈɑtʃʲivʌjit
озвученным	ʌzvˈutʃʲinnym
служебного	sɭuʒˈɛbnʌvʌ
тянем	tʲˈɑnʲim
недоступны	nʲidʌstˈupny
скачиваю	skˈɑtʃʲivʌju
продолжать	prʌdʌɭʒˈɑtʲ
буду	bˌudu
последовательного	pʌsɭʲˈedʌvʌtʲiɭʲnʌvʌ
предлагать	prʲidɭaɡˈɑtʲ
хвалит	xvˈɑɭʲit
отрывайте	ʌtrˈyvʌjtʲi
пойдёте	pʌjdʲˈɵtʲi
провели	prʌvʲiɭʲˈɪ
остановитесь	ʌstanˈovʲitʲisʲ
соберёте	sʌbʲirʲˈɵtʲi
заговорит	zʌɡʌvʌrʲˈit
прекращено	prʲikrʌɕinˈo
сообщает	sʌʌpɕˈɑjit
засчитывался	zaɕˈityvʌɭsʲʌ
говорились	ɡʌvʌrʲˈiɭʲisʲ
успеха	uspʲˈexa
окончено	ʌkˈontʃʲinʌ
навязывает	navʲˈɑzyvʌjit
разобрался	rʌzʌbrˈɑɭsʲʌ
вклиниваться	fkɭʲˈinʲivʌtsʌ
подсказке	pʌtskˈɑskʲi
заполнение	zʌpʌɭnʲˈenʲijɪ
вызывались	vyzyvˈɑɭʲisʲ
реагировал	rʲiaɡʲˈirʌvʌɭ
защитным	zaɕˈitnym
дублировала	dubɭʲˈirʌvʌɭa
выполнявшуюся	vypʌɭnʲˈɑfʃujusʲʌ
вписанное	fpʲˈisʌnnʌjɪ
скрыто	skrˈytʌ
регистрация	rʲiɡʲistrˈɑtsyja
кэширует	kɛʃˈyrujit
манифест	mʌnʲifʲˈest
подключается	pʌtkɭʲutʃʲˈɑjitsʌ
зависимостей	zavʲˈisʲimʌsʲtʲij
дублирующих	dubɭʲˈirujuɕix
сторожей	stʌrʌʒˈɛj
интервал	ɪntɛrvˈɑɭ
самопроверки	sʌmʌprʌvʲˈerkʲɪ
повторной	pʌftˈornʌj
верхнеуровневые	vʲirxnʲiurˈovnʲivyjɪ
классические	kɭasʲsʲˈitʃʲiskʲijɪ
теги	tʲˈeɡʲɪ
лексическую	ɭʲiksʲˈitʃʲiskuju
ложна	ɭˈoʒna
немым	nʲimˈym
бега	bʲˈeɡa
санитизация	sʌnʲitʲˈizʌtsyja
подправленного	pʌtprˈɑvɭʲinnʌvʌ
отрицательные	ʌtrʲitsˈɑtʲiɭʲnyjɪ
запредельные	zʌprʲidʲˈeɭʲnyjɪ
расчёты	raɕˈɵty
выросший	vˈyrʌʃʃyj
ужимался	uʒymˈɑɭsʲʌ
починке	pʌtʃʲˈinkʲi
округление	ʌkruɡɭʲˈenʲijɪ
дарило	darʲˈiɭʌ
получаса	pʌɭutʃʲˈɑsa
кораблей	kʌrabɭʲˈej
дёргались	dʲˈɵrɡʌɭʲisʲ
диапазон	dʲiʌpazˈon
стережётся	sʲtʲirʲiʒˈotsʌ
пределам	prʲidʲˈeɭʌm
выбрасываются	vybrˈɑsyvʌjutsʌ
шкафе	ʃkˈɑfʲi
приводятся	prʲivˈodʲʌtsʌ
границам	ɡranʲˈitsʌm
вырасти	vˈyrʌsʲtʲɪ
отобрать	ʌtʌbrˈɑtʲ
шторка	ʃtˈorka
незавершённый	nʲizʌvʲirʃˈonnyj
звался	zvˈɑɭsʲʌ
пятьсот	pʲatʲsˈot
миллион	mʲiɭɭʲiˈon
миллионов	mʲiɭɭʲiˈonʌf
миллиард	mʲiɭɭʲiˈɑrt
миллиардов	mʲiɭɭʲiˈɑrdʌf
горяча	ɡʌrʲatʃʲˈɑ
зовёшь	zʌvʲˈɵʃ
лабиринте	ɭʌbʲirʲˈintʲi
нашим	nˈɑʃym
обязательна	ʌbʲazˈɑtʲiɭʲna
отпустила	ʌtpusʲtʲˈiɭa
отпустит	ʌtpˈusʲtʲit
пахнешь	pˈɑxnʲiʃ
переживу	pʲirʲiʒyvˈu
переживём	pʲirʲiʒyvʲˈɵm
посчитали	pʌɕitˈɑɭʲɪ
приказали	prʲikazˈɑɭʲɪ
прорыт	prʌrˈyt
прямых	prʲamˈyx
солжёт	sʌɭʒˈot
спешим	spʲiʃˈym
спешка	spʲˈeʃka
спим	spʲˈim
спорим	spˈorʲim
ходим	xˈodʲim
